mes,eeuu,europa,japon,asia_pacifico
1963-07-01,0.004315,,,
1963-08-01,0.00584,,,
1963-09-01,-0.0018000000000000004,,,
1963-10-01,0.0171,,,
1963-11-01,0.00434,,,
1963-12-01,0.00694,,,
1964-01-01,0.00876,,,
1964-02-01,0.00929,,,
1964-03-01,0.004420000000000002,,,
1964-04-01,-0.00523,,,
1964-05-01,0.00891,,,
1964-06-01,0.004039999999999999,,,
1964-07-01,0.0025600000000000006,,,
1964-08-01,0.0006600000000000003,,,
1964-09-01,-0.0016850000000000007,,,
1964-10-01,0.004920000000000001,,,
1964-11-01,0.0017549999999999996,,,
1964-12-01,-0.004185000000000001,,,
1965-01-01,-0.00311,,,
1965-02-01,-0.0036200000000000004,,,
1965-03-01,0.0009450000000000001,,,
1965-04-01,0.008299999999999998,,,
1965-05-01,-0.003914999999999999,,,
1965-06-01,0.001105,,,
1965-07-01,0.007909999999999999,,,
1965-08-01,0.004499999999999998,,,
1965-09-01,0.002454999999999998,,,
1965-10-01,0.010594999999999999,,,
1965-11-01,-0.0015650000000000013,,,
1965-12-01,-0.001950000000000001,,,
1966-01-01,0.007469999999999999,,,
1966-02-01,0.004005,,,
1966-03-01,0.0011450000000000002,,,
1966-04-01,0.012185,,,
1966-05-01,-0.002705000000000001,,,
1966-06-01,0.00494,,,
1966-07-01,-0.000505,,,
1966-08-01,-0.0025850000000000005,,,
1966-09-01,-0.0013550000000000003,,,
1966-10-01,-0.005649999999999999,,,
1966-11-01,-0.0016150000000000053,,,
1966-12-01,0.0002549999999999994,,,
1967-01-01,-0.016190000000000003,,,
1967-02-01,0.0041249999999999985,,,
1967-03-01,0.006284999999999997,,,
1967-04-01,0.0042699999999999995,,,
1967-05-01,-0.0012399999999999998,,,
1967-06-01,0.005325,,,
1967-07-01,0.001644999999999998,,,
1967-08-01,0.0032349999999999987,,,
1967-09-01,-0.0026849999999999986,,,
1967-10-01,0.002865000000000002,,,
1967-11-01,0.0032449999999999988,,,
1967-12-01,-0.0027150000000000004,,,
1968-01-01,-0.010720000000000002,,,
1968-02-01,0.002469999999999999,,,
1968-03-01,0.010389999999999998,,,
1968-04-01,0.008459999999999999,,,
1968-05-01,0.00741,,,
1968-06-01,-0.00449,,,
1968-07-01,0.007350000000000001,,,
1968-08-01,0.004455,,,
1968-09-01,-0.01344,,,
1968-10-01,0.0037599999999999986,,,
1968-11-01,-0.0013249999999999998,,,
1968-12-01,-0.009224999999999997,,,
1969-01-01,0.0006949999999999999,,,
1969-02-01,0.011904999999999999,,,
1969-03-01,0.00481,,,
1969-04-01,0.004490000000000001,,,
1969-05-01,0.004220000000000001,,,
1969-06-01,0.016344999999999995,,,
1969-07-01,0.01941,,,
1969-08-01,-0.006949999999999999,,,
1969-09-01,0.009034999999999996,,,
1969-10-01,-0.023309999999999997,,,
1969-11-01,0.013849999999999998,,,
1969-12-01,0.01985,,,
1970-01-01,0.009234999999999998,,,
1970-02-01,0.00723,,,
1970-03-01,0.013695,,,
1970-04-01,0.02601,,,
1970-05-01,0.005475,,,
1970-06-01,0.024375,,,
1970-07-01,-0.0015750000000000009,,,
1970-08-01,-0.016145,,,
1970-09-01,-0.05371000000000001,,,
1970-10-01,0.040485,,,
1970-11-01,0.022935,,,
1970-12-01,-0.0011300000000000004,,,
1971-01-01,-0.029989999999999996,,,
1971-02-01,-0.0020900000000000007,,,
1971-03-01,-0.011330000000000002,,,
1971-04-01,0.00019500000000000019,,,
1971-05-01,0.0051400000000000005,,,
1971-06-01,0.01139,,,
1971-07-01,0.00324,,,
1971-08-01,0.012610000000000001,,,
1971-09-01,0.00703,,,
1971-10-01,0.01082,,,
1971-11-01,0.01069,,,
1971-12-01,-0.00903,,,
1972-01-01,-0.00883,,,
1972-02-01,0.002119999999999998,,,
1972-03-01,0.010280000000000001,,,
1972-04-01,0.00644,,,
1972-05-01,0.011375,,,
1972-06-01,0.0053300000000000005,,,
1972-07-01,0.01941,,,
1972-08-01,-0.0026400000000000017,,,
1972-09-01,0.016765000000000002,,,
1972-10-01,0.008245,,,
1972-11-01,-0.0049299999999999995,,,
1972-12-01,0.018845,,,
1973-01-01,0.02876,,,
1973-02-01,0.016454999999999997,,,
1973-03-01,0.016114999999999997,,,
1973-04-01,0.034839999999999996,,,
1973-05-01,0.034435,,,
1973-06-01,0.017125,,,
1973-07-01,-0.061005,,,
1973-08-01,0.009085000000000001,,,
1973-09-01,-0.02716,,,
1973-10-01,0.017945,,,
1973-11-01,0.037325,,,
1973-12-01,0.030735,,,
1974-01-01,-0.025125,,,
1974-02-01,0.0025700000000000002,,,
1974-03-01,0.00794,,,
1974-04-01,0.020075000000000003,,,
1974-05-01,0.01738,,,
1974-06-01,0.01485,,,
1974-07-01,0.011349999999999999,,,
1974-08-01,0.01585,,,
1974-09-01,0.016905,,,
1974-10-01,-0.040404999999999996,,,
1974-11-01,-0.0056,,,
1974-12-01,0.0126,,,
1975-01-01,-0.023665,,,
1975-02-01,-0.013515,,,
1975-03-01,-0.0041199999999999995,,,
1975-04-01,0.003994999999999999,,,
1975-05-01,-0.020164999999999995,,,
1975-06-01,-0.008135,,,
1975-07-01,0.007905,,,
1975-08-01,0.005050000000000001,,,
1975-09-01,0.006515,,,
1975-10-01,0.0020900000000000003,,,
1975-11-01,0.0023799999999999993,,,
1975-12-01,0.004385,,,
1976-01-01,0.022269999999999995,,,
1976-02-01,-0.0027050000000000025,,,
1976-03-01,-0.000455,,,
1976-04-01,0.00506,,,
1976-05-01,0.0037350000000000005,,,
1976-06-01,-0.0029,,,
1976-07-01,0.00266,,,
1976-08-01,0.00405,,,
1976-09-01,0.0030099999999999992,,,
1976-10-01,-0.0007149999999999999,,,
1976-11-01,0.0037700000000000008,,,
1976-12-01,0.0015449999999999995,,,
1977-01-01,0.017055,,,
1977-02-01,0.00315,,,
1977-03-01,0.0025399999999999997,,,
1977-04-01,0.013225,,,
1977-05-01,0.009019999999999999,,,
1977-06-01,0.0013749999999999995,,,
1977-07-01,0.00255,,,
1977-08-01,-0.00991,,,
1977-09-01,0.00762,,,
1977-10-01,0.005525000000000001,,,
1977-11-01,-1.0000000000001327e-05,,,
1977-12-01,0.006545,,,
1978-01-01,-0.0001500000000000017,,,
1978-02-01,0.0069500000000000004,,,
1978-03-01,-0.0003700000000000014,,,
1978-04-01,-0.00023500000000000062,,,
1978-05-01,-0.00119,,,
1978-06-01,0.0032700000000000008,,,
1978-07-01,0.00962,,,
1978-08-01,0.004854999999999999,,,
1978-09-01,-0.0015299999999999997,,,
1978-10-01,0.002510000000000002,,,
1978-11-01,0.004259999999999999,,,
1978-12-01,0.008745,,,
1979-01-01,-0.00955,,,
1979-02-01,-0.0021999999999999997,,,
1979-03-01,-0.0011550000000000006,,,
1979-04-01,0.007290000000000001,,,
1979-05-01,-0.0009900000000000004,,,
1979-06-01,-0.00279,,,
1979-07-01,0.00209,,,
1979-08-01,-0.0011300000000000008,,,
1979-09-01,0.013475,,,
1979-10-01,0.0067649999999999984,,,
1979-11-01,0.005185000000000002,,,
1979-12-01,-0.005345000000000001,,,
1980-01-01,0.011039999999999998,,,
1980-02-01,0.01956,,,
1980-03-01,-0.0032499999999999994,,,
1980-04-01,-0.006100000000000001,,,
1980-05-01,-0.0017699999999999994,,,
1980-06-01,-0.0009549999999999997,,,
1980-07-01,-0.00979,,,
1980-08-01,0.0018849999999999978,,,
1980-09-01,0.0020100000000000005,,,
1980-10-01,0.010174999999999997,,,
1980-11-01,0.017515000000000003,,,
1980-12-01,-0.0040799999999999986,,,
1981-01-01,-0.0023299999999999987,,,
1981-02-01,0.00365,,,
1981-03-01,-0.00538,,,
1981-04-01,0.010335,,,
1981-05-01,0.009289999999999998,,,
1981-06-01,0.003219999999999997,,,
1981-07-01,-0.007464999999999999,,,
1981-08-01,0.01499,,,
1981-09-01,0.032425,,,
1981-10-01,-0.0011349999999999989,,,
1981-11-01,0.00877,,,
1981-12-01,0.009810000000000001,,,
1982-01-01,0.015435,,,
1982-02-01,0.02606,,,
1982-03-01,0.018685,,,
1982-04-01,-0.007520000000000001,,,
1982-05-01,0.018175,,,
1982-06-01,0.020905,,,
1982-07-01,0.019950000000000002,,,
1982-08-01,-0.010545000000000002,,,
1982-09-01,0.01979,,,
1982-10-01,-0.01948,,,
1982-11-01,0.002335,,,
1982-12-01,0.0019399999999999999,,,
1983-01-01,-0.015700000000000002,,,
1983-02-01,0.010505,,,
1983-03-01,0.008735,,,
1983-04-01,0.003914999999999998,,,
1983-05-01,-0.023535,,,
1983-06-01,-0.0017950000000000028,,,
1983-07-01,0.014485,,,
1983-08-01,0.010069999999999999,,,
1983-09-01,0.01158,,,
1983-10-01,0.010809999999999998,,,
1983-11-01,-0.009485,,,
1983-12-01,0.014935,,,
1984-01-01,0.014745000000000001,,,
1984-02-01,0.016245,,,
1984-03-01,0.002535000000000001,,,
1984-04-01,0.022449999999999998,,,
1984-05-01,0.017005,,,
1984-06-01,0.0010149999999999992,,,
1984-07-01,0.025555,,,
1984-08-01,-0.02711,,,
1984-09-01,0.03606,,,
1984-10-01,0.018805,,,
1984-11-01,0.023219999999999998,,,
1984-12-01,0.007404999999999999,,,
1985-01-01,-0.043785000000000004,,,
1985-02-01,0.00944,,,
1985-03-01,0.02567,,,
1985-04-01,0.028769999999999997,,,
1985-05-01,0.01473,,,
1985-06-01,0.01678,,,
1985-07-01,-0.017720000000000003,,,
1985-08-01,0.0138,,,
1985-09-01,0.01643,,,
1985-10-01,0.01891,,,
1985-11-01,-0.007265000000000002,,,
1985-12-01,0.0007349999999999991,,,
1986-01-01,0.001995000000000003,,,
1986-02-01,0.011479999999999999,,,
1986-03-01,0.011075,,,
1986-04-01,-0.0001849999999999994,,,
1986-05-01,0.012329999999999997,,,
1986-06-01,0.025,,,
1986-07-01,0.02581,,,
1986-08-01,-0.004405000000000001,,,
1986-09-01,-0.006110000000000001,,,
1986-10-01,0.0065450000000000005,,,
1986-11-01,0.006974999999999999,,,
1986-12-01,0.007614999999999999,,,
1987-01-01,-0.004555000000000002,,,
1987-02-01,-0.03178,,,
1987-03-01,0.013170000000000001,,,
1987-04-01,-0.0052450000000000005,,,
1987-05-01,1.4999999999999389e-05,,,
1987-06-01,0.01312,,,
1987-07-01,0.005124999999999999,,,
1987-08-01,0.004239999999999999,,,
1987-09-01,-0.0024899999999999996,,,
1987-10-01,0.015844999999999998,,,
1987-11-01,0.004230000000000001,,,
1987-12-01,0.004860000000000001,,,
1988-01-01,-0.0015550000000000008,,,
1988-02-01,-0.01089,,,
1988-03-01,-0.002275000000000001,,,
1988-04-01,0.00798,,,
1988-05-01,0.010745000000000001,,,
1988-06-01,-0.008430000000000002,,,
1988-07-01,0.008255,,,
1988-08-01,0.006525000000000001,,,
1988-09-01,0.007094999999999999,,,
1988-10-01,0.019225,,,
1988-11-01,0.0052450000000000005,,,
1988-12-01,-0.00454,,,
1989-01-01,-0.0018449999999999999,,,
1989-02-01,0.00040999999999999934,,,
1989-03-01,0.011790000000000002,,,
1989-04-01,0.0035199999999999993,,,
1989-05-01,0.002025,,,
1989-06-01,0.011040000000000001,,,
1989-07-01,0.014995,,,
1989-08-01,0.0024850000000000002,,,
1989-09-01,0.00903,,,
1989-10-01,0.005000000000000001,,,
1989-11-01,0.004410000000000002,,,
1989-12-01,0.01084,,,
1990-01-01,-0.0037800000000000004,,,
1990-02-01,-0.001455,,,
1990-03-01,0.0021100000000000003,,,
1990-04-01,0.005675,,,
1990-05-01,0.00018999999999999703,,,
1990-06-01,-0.00401,,,
1990-07-01,0.022790000000000005,,,
1990-08-01,0.013659999999999999,,,
1990-09-01,0.026014999999999996,,,
1990-10-01,0.03458,,,
1990-11-01,-0.02691,0.009677777777777778,0.01851111111111111,0.015433333333333334
1990-12-01,0.005209999999999999,0.006316666666666667,-0.02958333333333333,0.004661111111111111
1991-01-01,-0.026225000000000002,-0.0009277777777777778,0.010555555555555558,0.01128888888888889
1991-02-01,-0.022260000000000002,-0.017,-0.061766666666666664,-0.006994444444444445
1991-03-01,-0.00419,0.008372222222222224,0.011855555555555555,0.007227777777777778
1991-04-01,0.0019099999999999998,0.006333333333333334,0.010527777777777778,0.00568888888888889
1991-05-01,0.0037349999999999996,0.0032111111111111116,0.010555555555555558,0.010483333333333334
1991-06-01,0.016605,0.0018444444444444452,0.02574444444444445,-0.0011666666666666665
1991-07-01,0.01102,0.023427777777777777,0.0083,0.0074833333333333306
1991-08-01,0.0017549999999999996,0.020977777777777776,0.00951666666666667,0.011972222222222224
1991-09-01,-0.004545,0.022083333333333337,-0.01802222222222222,0.009877777777777779
1991-10-01,-0.0006749999999999996,0.011738888888888889,-0.01663888888888889,0.002638888888888889
1991-11-01,0.00523,-0.0019500000000000006,0.005511111111111112,-0.005238888888888889
1991-12-01,0.018999999999999996,0.0029888888888888873,-0.0018666666666666666,0.005800000000000001
1992-01-01,-0.009590000000000001,0.007549999999999999,0.006022222222222222,0.001327777777777778
1992-02-01,0.014869999999999993,0.009683333333333334,0.003494444444444445,0.02052777777777778
1992-03-01,0.01432,0.0047666666666666664,0.015427777777777778,0.0011611111111111115
1992-04-01,0.023,0.015138888888888887,0.033883333333333335,0.012661111111111113
1992-05-01,0.0011600000000000002,0.011566666666666668,-0.014822222222222223,0.006016666666666672
1992-06-01,0.013485000000000004,0.0063166666666666675,0.03427222222222222,0.004383333333333335
1992-07-01,0.006135,0.013705555555555556,-0.022894444444444446,0.006322222222222224
1992-08-01,0.011625,0.01411666666666667,-0.06796111111111111,0.0177
1992-09-01,0.008469999999999998,0.011005555555555553,-0.0032111111111111125,0.009900000000000003
1992-10-01,-0.0006999999999999992,-0.016505555555555558,0.019022222222222225,0.02872777777777778
1992-11-01,-0.014365000000000001,0.0009222222222222222,-0.008611111111111111,-0.002972222222222223
1992-12-01,0.01708,0.007322222222222221,0.014972222222222225,-0.017188888888888885
1993-01-01,0.02103,0.0012722222222222223,0.0019277777777777783,0.009622222222222223
1993-02-01,0.033855,-0.0008555555555555556,-0.0007611111111111111,-0.00597777777777778
1993-03-01,0.012150000000000001,0.010505555555555556,-0.009755555555555556,0.003472222222222223
1993-04-01,-0.002145000000000001,-0.005327777777777778,-0.0031444444444444436,0.0007222222222222213
1993-05-01,-0.01573,0.006122222222222223,-0.017411111111111113,0.006427777777777781
1993-06-01,0.01756,0.006566666666666669,-0.015794444444444444,0.011255555555555557
1993-07-01,0.011445,0.007627777777777778,0.005194444444444445,0.0020333333333333323
1993-08-01,0.00029499999999999926,0.00616111111111111,0.0032888888888888894,-0.004861111111111111
1993-09-01,0.0051,0.00823888888888889,0.007783333333333333,-0.005688888888888889
1993-10-01,-0.01664,0.009872222222222223,0.00665,0.006677777777777779
1993-11-01,-0.006275,-0.004688888888888889,0.0073111111111111085,-0.00020000000000000052
1993-12-01,0.010035,0.009899999999999999,0.008111111111111112,0.014933333333333337
1994-01-01,-0.004445000000000001,0.010877777777777778,-0.0042277777777777765,-0.016366666666666668
1994-02-01,-0.00038000000000000056,0.0024944444444444445,0.016016666666666665,-0.010155555555555557
1994-03-01,0.007365,0.0015499999999999993,-0.0068444444444444455,0.0007833333333333321
1994-04-01,0.013669999999999998,0.0013777777777777777,-0.008433333333333334,-0.0011666666666666665
1994-05-01,0.001755,-0.0005166666666666667,-0.005866666666666667,0.011594444444444445
1994-06-01,0.010015,-0.004183333333333334,0.011655555555555554,0.0012611111111111122
1994-07-01,0.0010949999999999998,0.00848888888888889,-6.111111111111074e-05,0.0016444444444444458
1994-08-01,-0.005090000000000002,0.0015611111111111112,0.006322222222222223,0.00595
1994-09-01,-0.0030649999999999996,0.0036444444444444445,0.009355555555555556,-0.0010999999999999994
1994-10-01,-0.0009899999999999998,0.005394444444444445,0.0005555555555555557,0.0010666666666666672
1994-11-01,-0.0005349999999999998,-0.006327777777777778,0.0007888888888888889,0.0182
1994-12-01,0.01127,0.002727777777777778,-0.00851111111111111,0.016244444444444443
1995-01-01,0.008525,0.01043888888888889,-0.017427777777777778,0.02500555555555556
1995-02-01,0.0023149999999999993,0.005127777777777778,0.007805555555555556,-0.02995555555555556
1995-03-01,-0.006634999999999999,0.001861111111111108,0.008544444444444441,0.0016277777777777781
1995-04-01,0.011835,0.0012944444444444444,-0.0143,0.023655555555555558
1995-05-01,0.009299999999999998,0.00046111111111111114,0.010755555555555556,-0.014638888888888889
1995-06-01,-0.009015000000000002,0.010377777777777781,0.025066666666666668,0.0035555555555555557
1995-07-01,-0.0035500000000000015,0.006300000000000001,-0.04641111111111111,-0.002449999999999999
1995-08-01,0.00457,0.005861111111111111,-0.014161111111111114,-0.003188888888888892
1995-09-01,0.013815,0.013194444444444446,0.007994444444444446,0.018272222222222224
1995-10-01,0.018855,0.011133333333333335,0.002994444444444445,-0.0031166666666666678
1995-11-01,-0.0004000000000000002,0.008377777777777779,-0.02568888888888889,0.01602777777777778
1995-12-01,0.009170000000000001,-0.004433333333333333,-0.019716666666666667,-0.0028166666666666665
1996-01-01,0.005295000000000001,0.005177777777777779,0.0011944444444444442,-0.0004999999999999987
1996-02-01,-0.0059700000000000005,0.015544444444444444,0.000794444444444444,-0.004383333333333335
1996-03-01,0.003939999999999999,0.01191666666666667,-0.014055555555555556,0.004938888888888889
1996-04-01,-0.025689999999999998,0.005222222222222222,-0.00275,0.0009611111111111114
1996-05-01,-0.0003600000000000001,0.012533333333333334,0.0017777777777777774,0.006900000000000002
1996-06-01,0.030774999999999997,0.007250000000000001,0.012555555555555556,0.006650000000000001
1996-07-01,0.034015000000000004,-0.0034111111111111126,0.006583333333333333,0.013627777777777777
1996-08-01,-0.007210000000000001,0.009455555555555557,-0.003938888888888889,0.006522222222222224
1996-09-01,-0.00031499999999999974,0.013255555555555555,-0.000627777777777778,0.009533333333333335
1996-10-01,0.036725,0.0111,0.007166666666666667,0.010255555555555556
1996-11-01,0.006494999999999999,0.008183333333333334,0.013666666666666667,0.008711111111111114
1996-12-01,0.00709,0.011177777777777778,0.03416666666666667,-0.0012333333333333343
1997-01-01,0.0025049999999999994,0.004977777777777777,0.03506111111111111,-0.009505555555555555
1997-02-01,0.022385000000000002,-0.00040555555555555505,-0.011733333333333333,0.003216666666666667
1997-03-01,0.01936,0.0014222222222222219,0.024511111111111115,0.022894444444444446
1997-04-01,0.025244999999999997,0.010672222222222225,0.015394444444444447,0.02713888888888889
1997-05-01,-0.03667,0.004972222222222223,-0.03138333333333333,0.008022222222222222
1997-06-01,0.014285,0.007266666666666667,-0.01707777777777778,0.015377777777777778
1997-07-01,0.005915000000000001,0.009394444444444445,0.04525,0.02343888888888889
1997-08-01,-0.01095,-0.004622222222222222,-0.007250000000000001,0.01393333333333333
1997-09-01,-0.0017899999999999993,0.022627777777777778,0.03604444444444445,-0.007705555555555554
1997-10-01,0.013765,-0.002472222222222222,0.00705,0.01157777777777778
1997-11-01,0.021060000000000002,-0.0014722222222222226,0.034072222222222226,0.004083333333333335
1997-12-01,0.031345,0.010761111111111114,0.03427777777777778,0.015833333333333335
1998-01-01,-0.005574999999999999,0.007916666666666667,-0.07292777777777779,0.04117777777777777
1998-02-01,-0.00953,0.001166666666666667,-0.02948888888888889,-0.07982777777777778
1998-03-01,0.011205000000000001,0.020466666666666668,0.030722222222222227,0.005183333333333335
1998-04-01,-0.004999999999999999,0.001838888888888889,0.018077777777777776,0.02327777777777778
1998-05-01,0.02427,0.008188888888888888,0.006283333333333333,0.042194444444444444
1998-06-01,0.012575000000000001,0.009116666666666669,-0.001672222222222222,0.04551111111111111
1998-07-01,0.008774999999999998,0.014455555555555555,0.014649999999999998,0.027727777777777768
1998-08-01,0.04139,-0.006483333333333333,0.025600000000000005,0.00707777777777778
1998-09-01,-0.028114999999999998,-0.022850000000000002,0.006655555555555557,-0.007855555555555555
1998-10-01,-0.02267,0.002577777777777778,-0.04293333333333334,-0.07058333333333335
1998-11-01,-0.01498,0.0063277777777777785,-0.02061666666666667,-0.009361111111111112
1998-12-01,0.001725,0.010450000000000001,0.03177777777777778,0.015416666666666669
1999-01-01,-0.030350000000000002,0.016200000000000003,-0.008027777777777778,0.021833333333333333
1999-02-01,0.007025,-0.000599999999999999,-0.001655555555555556,0.004311111111111111
1999-03-01,-0.0333,-0.020105555555555557,-0.006944444444444445,0.005483333333333335
1999-04-01,-0.025320000000000002,-0.0131,0.002100000000000002,-0.024088888888888892
1999-05-01,0.001039999999999998,0.010466666666666668,-0.0015777777777777786,-0.003488888888888891
1999-06-01,-0.0029,0.0063611111111111125,0.04620555555555554,0.031322222222222224
1999-07-01,0.007464999999999999,0.008127777777777779,0.01287777777777778,-0.023161111111111115
1999-08-01,-0.0032949999999999985,0.003633333333333332,0.01763888888888889,-0.00010000000000000113
1999-09-01,-0.004019999999999999,-0.007683333333333333,0.01904444444444444,-0.008494444444444445
1999-10-01,-0.006009999999999999,0.011633333333333332,0.006555555555555552,0.00020000000000000052
1999-11-01,-0.032529999999999996,0.016422222222222223,0.027316666666666677,-0.009133333333333332
1999-12-01,-0.03603999999999999,0.020572222222222228,0.012050000000000002,0.03140555555555556
2000-01-01,-0.0211,0.007016666666666662,-0.009511111111111109,0.0038777777777777786
2000-02-01,-0.08116999999999999,0.006200000000000001,0.024205555555555557,-0.0016777777777777763
2000-03-01,0.06717000000000001,-0.03086111111111111,-0.02386111111111111,-0.012016666666666669
2000-04-01,0.044965,-0.01211111111111111,-0.0007777777777777835,-0.014516666666666674
2000-05-01,0.017575,-0.012344444444444448,-0.01772777777777778,-0.004772222222222223
2000-06-01,-0.031154999999999988,-0.004044444444444446,0.006583333333333332,0.0076
2000-07-01,0.04628,0.007555555555555558,0.0009499999999999995,-0.016283333333333334
2000-08-01,-0.011685,0.002738888888888889,-0.013116666666666669,0.00811111111111111
2000-09-01,0.048589999999999994,0.0036611111111111115,0.015355555555555558,0.02811666666666667
2000-10-01,0.048184999999999985,0.02223888888888889,0.00907777777777778,0.015427777777777778
2000-11-01,0.10515,0.02648888888888889,0.0215,0.0172
2000-12-01,0.05335,0.011655555555555558,0.019072222222222227,0.01366111111111111
2001-01-01,-0.1174,-0.019683333333333337,-0.02880555555555556,-0.007183333333333334
2001-02-01,0.128655,0.04621111111111112,0.01845,0.031961111111111114
2001-03-01,0.065495,0.04033333333333333,0.010011111111111111,0.04992777777777778
2001-04-01,-0.056909999999999995,-0.011383333333333334,0.013672222222222224,-0.005227777777777779
2001-05-01,0.022715000000000003,0.03162777777777778,0.008183333333333334,0.026650000000000004
2001-06-01,0.0012050000000000003,0.04278888888888889,0.02702222222222222,0.021972222222222226
2001-07-01,0.0621,0.02594444444444445,0.033572222222222226,0.024827777777777782
2001-08-01,0.04631,0.042222222222222223,0.03062777777777778,0.04811111111111112
2001-09-01,0.070935,0.039288888888888894,0.010055555555555557,0.0305
2001-10-01,-0.06825,-0.03638888888888889,-0.015483333333333335,0.009672222222222223
2001-11-01,-0.040475000000000004,-0.039433333333333334,-0.023544444444444448,-0.017955555555555558
2001-12-01,0.003915,0.022127777777777777,0.01441111111111111,-0.0012111111111111107
2002-01-01,0.039005,0.034855555555555556,0.00013888888888888978,0.026522222222222225
2002-02-01,0.067595,0.033383333333333334,-0.009466666666666667,0.04932222222222222
2002-03-01,-0.016675,-0.0030722222222222227,-0.033355555555555555,0.008966666666666666
2002-04-01,0.05829,0.03793888888888888,-0.001505555555555556,0.01591666666666667
2002-05-01,0.026185,0.029733333333333334,-0.004911111111111113,0.03536666666666667
2002-06-01,0.0411,0.040650000000000006,0.018016666666666667,0.03868888888888889
2002-07-01,0.017724999999999998,0.029455555555555558,0.014533333333333334,0.01068888888888889
2002-08-01,0.020665,0.015977777777777778,0.0040611111111111126,0.01867777777777778
2002-09-01,0.04618,0.0564388888888889,-0.004855555555555559,0.016450000000000003
2002-10-01,-0.047885000000000004,-0.03875000000000001,0.02287777777777778,-0.004872222222222222
2002-11-01,-0.10078499999999999,-0.03685555555555556,0.0014222222222222225,-0.01351666666666667
2002-12-01,0.06785500000000001,0.050072222222222226,0.013827777777777779,0.020327777777777778
2003-01-01,-0.00404,0.010583333333333333,0.007672222222222222,0.017994444444444445
2003-02-01,0.001815,0.023611111111111114,0.0198,0.030250000000000003
2003-03-01,0.005409999999999999,0.010750000000000001,0.012772222222222223,0.013527777777777777
2003-04-01,-0.04777,-0.05377222222222223,0.023122222222222225,0.0007388888888888896
2003-05-01,-0.062745,-0.007961111111111112,-0.022127777777777777,0.006738888888888887
2003-06-01,-0.00401,-0.008916666666666666,-0.021805555555555557,0.020172222222222223
2003-07-01,-0.024499999999999997,-0.013666666666666667,-0.014761111111111114,0.004666666666666661
2003-08-01,-0.009975000000000001,-0.002527777777777778,-0.0024555555555555546,-0.02127222222222222
2003-09-01,0.005145,0.004122222222222222,-0.008211111111111112,0.006127777777777779
2003-10-01,0.004890000000000002,0.01641666666666667,-0.0033166666666666657,0.005222222222222222
2003-11-01,0.006649999999999998,0.0007222222222222222,-0.01663888888888889,0.003094444444444445
2003-12-01,-0.002910000000000001,0.001616666666666666,0.012444444444444445,0.00043888888888888797
2004-01-01,-0.0037800000000000012,0.011755555555555557,0.011927777777777778,0.006488888888888888
2004-02-01,0.009845,0.0056388888888888895,0.003994444444444444,0.006416666666666667
2004-03-01,0.006664999999999999,-0.002300000000000001,0.03762777777777778,0.0038555555555555565
2004-04-01,-0.0042250000000000005,0.0004055555555555557,0.012799999999999997,-0.011883333333333336
2004-05-01,-0.004339999999999999,-0.00026666666666666657,-0.01862777777777778,0.003538888888888889
2004-06-01,0.01107,0.012383333333333333,0.01528888888888889,0.005450000000000001
2004-07-01,0.03226,0.008566666666666669,-0.0027333333333333307,0.0016555555555555568
2004-08-01,0.00862,0.006694444444444446,0.006455555555555556,0.011411111111111115
2004-09-01,0.0017599999999999994,0.006577777777777778,0.0003500000000000005,0.010222222222222223
2004-10-01,-0.008785000000000001,0.0028833333333333332,-0.006716666666666668,0.007211111111111112
2004-11-01,0.0061150000000000015,0.002638888888888889,-0.01347777777777778,-0.002572222222222217
2004-12-01,-0.01424,0.007655555555555556,-0.0002833333333333342,0.009899999999999999
2005-01-01,0.02776,0.008233333333333336,0.010961111111111112,0.006544444444444445
2005-02-01,0.016935000000000006,0.00913888888888889,0.007555555555555555,0.0091
2005-03-01,0.012015,0.0025555555555555557,0.007472222222222221,0.003927777777777777
2005-04-01,0.006305,0.0008833333333333332,0.009133333333333334,-0.0030777777777777756
2005-05-01,-0.010324999999999999,0.0063722222222222236,0.0022722222222222215,0.005322222222222222
2005-06-01,0.013470000000000001,0.01738888888888889,-0.0005722222222222222,0.012411111111111112
2005-07-01,-0.012150000000000001,0.0069722222222222225,0.0017499999999999994,-0.004672222222222223
2005-08-01,0.0031550000000000007,0.00773888888888889,-0.0013444444444444441,0.0061666666666666675
2005-09-01,0.011059999999999999,0.010561111111111111,0.013355555555555556,-0.0033555555555555587
2005-10-01,-0.0007149999999999991,-0.007577777777777779,0.006527777777777778,0.003
2005-11-01,-0.007109999999999999,0.005527777777777779,-0.005611111111111112,0.0005000000000000004
2005-12-01,0.0008600000000000001,0.003116666666666667,-0.006455555555555556,0.0029722222222222225
2006-01-01,-0.003995,0.014983333333333335,0.0038166666666666657,0.015061111111111112
2006-02-01,-0.0019100000000000002,0.0018611111111111107,0.004088888888888892,0.005377777777777778
2006-03-01,0.0015899999999999994,0.007405555555555556,-0.0032277777777777778,0.007338888888888892
2006-04-01,0.012785,0.01128888888888889,0.006266666666666667,0.004016666666666667
2006-05-01,0.006959999999999999,-0.0058111111111111115,-0.002694444444444442,0.003588888888888889
2006-06-01,0.011675,-0.0038444444444444446,0.00037222222222222257,0.0036388888888888894
2006-07-01,0.016635,0.00403888888888889,0.01395,-0.0021722222222222225
2006-08-01,-0.020380000000000002,0.0001944444444444444,-0.00285,0.005550000000000001
2006-09-01,0.0019400000000000003,0.002288888888888889,0.0007499999999999998,0.0034722222222222216
2006-10-01,-0.00473,0.008794444444444445,-0.0003944444444444451,-0.0015388888888888874
2006-11-01,-0.005435000000000001,0.006544444444444446,0.011566666666666666,-1.111111111110931e-05
2006-12-01,0.012410000000000001,0.009472222222222224,0.017550000000000003,0.0007722222222222228
2007-01-01,-0.0022900000000000004,0.0026222222222222224,-0.011183333333333333,0.004038888888888889
2007-02-01,-0.006705,0.007188888888888889,0.006850000000000002,0.007405555555555556
2007-03-01,0.00421,0.009288888888888888,0.0048777777777777795,-0.00043333333333333245
2007-04-01,-2.500000000000039e-05,0.0061666666666666675,0.014233333333333336,0.003183333333333334
2007-05-01,0.0009849999999999993,0.009077777777777778,0.0019833333333333335,0.005649999999999997
2007-06-01,-0.00043000000000000037,0.008605555555555557,0.005700000000000002,0.011311111111111112
2007-07-01,-0.0015249999999999997,0.008611111111111111,-0.0028111111111111114,0.005349999999999998
2007-08-01,-0.007409999999999998,0.001938888888888889,0.008472222222222225,0.006977777777777777
2007-09-01,0.0033550000000000016,0.003883333333333334,0.010622222222222222,0.005438888888888892
2007-10-01,0.0036800000000000027,0.013605555555555556,-0.023633333333333336,8.888888888888835e-05
2007-11-01,0.013335,0.0012611111111111096,-0.007005555555555558,-0.0012666666666666677
2007-12-01,0.01846,0.009461111111111111,0.0033555555555555565,-0.006538888888888889
2008-01-01,0.0029099999999999955,-0.002427777777777778,-0.005366666666666667,0.0007611111111111082
2008-02-01,0.02138,0.005172222222222223,0.0014166666666666676,0.002733333333333334
2008-03-01,0.01926,0.005388888888888889,0.00786111111111111,0.007922222222222221
2008-04-01,-0.0028350000000000003,0.0071111111111111115,-0.02615,0.002827777777777778
2008-05-01,0.008829999999999998,0.009916666666666669,0.0022000000000000006,-0.012577777777777776
2008-06-01,0.048279999999999997,0.023950000000000003,0.018044444444444446,0.016005555555555558
2008-07-01,0.0017700000000000016,-0.005905555555555556,0.004227777777777778,0.016922222222222224
2008-08-01,0.0030400000000000006,-0.01143888888888889,0.011705555555555556,0.022122222222222224
2008-09-01,0.032025,0.012805555555555556,0.004911111111111111,0.02543888888888889
2008-10-01,0.033445,0.03230555555555556,0.028499999999999998,0.022700000000000005
2008-11-01,0.031915,-0.0018444444444444428,0.017083333333333336,0.013816666666666668
2008-12-01,-0.008725,-0.004655555555555556,0.0012888888888888893,-0.03406111111111112
2009-01-01,-0.03244,0.0010500000000000006,-0.006516666666666667,-0.0042777777777777744
2009-02-01,0.010125,0.011388888888888886,0.004216666666666667,-0.00898888888888889
2009-03-01,-0.044594999999999996,-0.020700000000000003,-0.03345,-0.04097222222222222
2009-04-01,-0.09087,-0.05606666666666667,-0.04053888888888889,-0.05134444444444444
2009-05-01,-0.045759999999999995,-0.020300000000000006,-0.03171111111111111,-0.06231111111111112
2009-06-01,0.0051050000000000045,0.003994444444444446,-0.00988888888888889,0.0038833333333333307
2009-07-01,-0.005905000000000003,0.009005555555555555,0.011816666666666663,0.016344444444444443
2009-08-01,-0.021410000000000002,-0.01911111111111111,-0.0026000000000000007,8.333333333333456e-05
2009-09-01,-0.00996,-0.0032722222222222215,0.00375,0.0054444444444444445
2009-10-01,0.021579999999999995,0.01046666666666667,0.008944444444444444,0.0018444444444444446
2009-11-01,0.0036750000000000003,0.012672222222222224,-0.026222222222222223,-0.007155555555555555
2009-12-01,0.004379999999999999,0.004461111111111111,0.051550000000000006,0.011994444444444446
2010-01-01,-0.016165,0.0010611111111111105,-0.009877777777777777,-0.003277777777777777
2010-02-01,0.014374999999999999,-0.0023833333333333337,-0.010883333333333335,0.007972222222222224
2010-03-01,0.008344999999999998,0.029005555555555555,0.03515,0.012483333333333332
2010-04-01,0.014849999999999999,0.013894444444444445,0.006761111111111112,0.002194444444444444
2010-05-01,-0.0018799999999999989,-0.006655555555555555,-0.011994444444444446,-0.01912777777777778
2010-06-01,-0.01271,-0.006977777777777778,-0.016294444444444445,-0.0010111111111111102
2010-07-01,-0.0023749999999999995,-0.0009500000000000003,-0.0003333333333333339,0.0028777777777777786
2010-08-01,0.0025700000000000007,0.011816666666666668,0.011305555555555555,0.005933333333333335
2010-09-01,-0.012920000000000001,0.009272222222222222,-0.0004333333333333333,-0.011333333333333334
2010-10-01,0.0002500000000000002,0.0061666666666666675,0.0017499999999999998,-0.002666666666666666
2010-11-01,0.0008250000000000002,0.017377777777777784,-0.01122777777777778,0.008194444444444445
2010-12-01,-0.01073,0.0026277777777777775,-0.0036499999999999987,-0.0076500000000000005
2011-01-01,0.0004900000000000002,-0.00873888888888889,0.006022222222222222,0.009505555555555555
2011-02-01,0.0018799999999999995,0.0038055555555555555,0.0008888888888888885,-0.001305555555555556
2011-03-01,0.009644999999999999,0.007511111111111111,0.011805555555555555,0.004322222222222225
2011-04-01,-0.0017999999999999989,0.008505555555555558,0.007950000000000002,0.01446666666666667
2011-05-01,0.00208,0.0014,0.002672222222222223,0.019255555555555554
2011-06-01,0.014505,0.01085,0.006038888888888887,0.013555555555555555
2011-07-01,0.007089999999999999,-0.00028888888888888454,0.007216666666666667,0.0006333333333333364
2011-08-01,0.012405,-0.00011111111111111239,0.001055555555555556,0.01093888888888889
2011-09-01,0.011295,-0.0007444444444444417,0.00016666666666666392,0.0023777777777777755
2011-10-01,-0.02209,0.001116666666666666,-0.00218888888888889,-0.003377777777777778
2011-11-01,0.022565,0.016694444444444442,0.0010611111111111112,0.017461111111111115
2011-12-01,0.018735,0.005855555555555556,0.011794444444444446,0.004783333333333334
2012-01-01,-0.04311500000000001,-0.02952777777777778,-0.017255555555555555,-0.018050000000000004
2012-02-01,-0.0023,-0.009438888888888889,-0.029944444444444447,-0.016233333333333336
2012-03-01,0.005915,0.009827777777777779,0.011066666666666666,0.02330555555555556
2012-04-01,0.017320000000000002,0.02257222222222222,0.016044444444444445,0.016438888888888892
2012-05-01,0.027190000000000002,0.022338888888888887,0.013205555555555557,0.02678888888888889
2012-06-01,-0.0035649999999999996,-0.0017888888888888885,-0.0041888888888888896,0.01988888888888889
2012-07-01,0.015254999999999998,0.013911111111111114,0.008227777777777778,0.01882777777777778
2012-08-01,-0.01211,-0.004738888888888891,0.005938888888888888,0.005866666666666668
2012-09-01,-0.0025100000000000005,-0.0012388888888888883,-0.0003833333333333332,-0.0006499999999999995
2012-10-01,0.008585,0.003150000000000001,-0.00193888888888889,0.00033888888888888884
2012-11-01,-0.002235,0.00682777777777778,-0.0036277777777777784,0.022883333333333335
2012-12-01,-0.006535,0.004566666666666666,-0.0034277777777777813,0.0020222222222222226
2013-01-01,-0.010509999999999999,-0.00021111111111110983,0.009800000000000001,0.016827777777777782
2013-02-01,0.0047350000000000005,0.009222222222222222,0.002188888888888889,0.018266666666666667
2013-03-01,0.00573,0.0017388888888888922,0.014588888888888887,0.018600000000000002
2013-04-01,0.00473,0.010833333333333334,0.003227777777777781,0.03211666666666667
2013-05-01,-0.009755,0.006816666666666667,-0.016394444444444444,0.0034000000000000002
2013-06-01,0.0015599999999999998,0.0034333333333333347,0.007522222222222223,0.009944444444444443
2013-07-01,-0.002055,0.016922222222222227,0.008538888888888891,-0.0034833333333333326
2013-08-01,-0.00799,-0.004866666666666667,-0.00905,0.0015055555555555551
2013-09-01,-0.00396,0.007744444444444444,0.008150000000000001,-0.001805555555555555
2013-10-01,0.01642,0.013366666666666664,-0.0038444444444444446,0.0251
2013-11-01,0.00224,0.00832777777777778,0.0069277777777777775,0.011294444444444449
2013-12-01,-0.00349,0.004977777777777778,0.007677777777777778,0.008461111111111112
2014-01-01,-0.021034999999999998,0.0103,-0.0037555555555555554,0.0002944444444444444
2014-02-01,-0.00017499999999999937,0.010027777777777778,-0.0023611111111111107,0.006255555555555555
2014-03-01,0.022085,0.007105555555555555,-0.010216666666666667,0.0006833333333333327
2014-04-01,0.013175000000000001,-0.007116666666666668,0.002266666666666666,-0.0013555555555555552
2014-05-01,0.00039500000000000017,0.0006000000000000003,-0.004244444444444445,0.005433333333333333
2014-06-01,-0.012130000000000002,0.003099999999999999,-0.0020166666666666675,0.0048000000000000004
2014-07-01,0.006229999999999999,-0.0066166666666666665,0.01616666666666667,0.0063722222222222236
2014-08-01,-0.004069999999999998,-0.0015555555555555553,0.006144444444444444,-0.009155555555555556
2014-09-01,0.005030000000000001,0.00373888888888889,-0.002138888888888889,0.0027055555555555565
2014-10-01,-0.00666,0.001761111111111114,0.0027277777777777786,0.008411111111111112
2014-11-01,0.0015700000000000002,-0.005183333333333335,-0.006761111111111112,0.01247777777777778
2014-12-01,0.00462,0.003772222222222222,0.008372222222222224,0.017766666666666667
2015-01-01,0.0036500000000000013,0.00906111111111111,0.02242777777777778,0.011944444444444447
2015-02-01,-0.020055000000000003,-0.012155555555555555,-0.009933333333333332,0.00168888888888889
2015-03-01,0.006115000000000001,0.0032333333333333346,-0.00165,0.015333333333333334
2015-04-01,-0.013745,-0.004766666666666668,-0.0028000000000000004,-0.00693888888888889
2015-05-01,0.0038449999999999986,0.0018888888888888879,-0.0013611111111111111,0.002177777777777782
2015-06-01,0.00716,0.002444444444444445,0.005200000000000001,0.006027777777777779
2015-07-01,0.020094999999999995,0.0046277777777777775,0.005644444444444445,-0.006911111111111114
2015-08-01,0.006444999999999999,0.005627777777777778,-0.001188888888888889,0.0022833333333333334
2015-09-01,0.03163,0.010288888888888893,0.006750000000000001,0.00606666666666667
2015-10-01,-0.00741,0.0007999999999999986,-0.006294444444444445,-0.0010277777777777785
2015-11-01,-0.006984999999999998,0.0097,0.0003888888888888887,0.007738888888888889
2015-12-01,0.0061550000000000025,0.009577777777777779,0.007811111111111112,0.0030666666666666663
2016-01-01,0.0344,0.007833333333333335,0.012227777777777778,0.002877777777777778
2016-02-01,0.0010499999999999997,0.0018166666666666674,-0.011405555555555554,-0.00040000000000000235
2016-03-01,-0.012660000000000001,0.002705555555555555,-0.007494444444444444,-0.0014555555555555554
2016-04-01,-0.02604,-0.007005555555555556,-0.008655555555555555,0.00658888888888889
2016-05-01,-0.005315000000000001,0.007861111111111112,0.0003722222222222217,0.004722222222222222
2016-06-01,0.014365,0.026894444444444443,0.02012777777777778,0.017150000000000002
2016-07-01,-0.012379999999999999,0.0006944444444444445,-0.012716666666666666,0.021761111111111113
2016-08-01,-0.00997,-0.005922222222222223,-0.010377777777777781,-0.0005777777777777795
2016-09-01,-0.015935,0.00943888888888889,0.0034555555555555555,-0.0026833333333333336
2016-10-01,0.025349999999999998,0.003949999999999999,-0.0006722222222222234,0.002749999999999999
2016-11-01,0.0056449999999999955,-0.0052833333333333335,-0.008422222222222225,-0.008027777777777778
2016-12-01,0.01706,-0.00231111111111111,0.000194444444444445,0.006472222222222221
2017-01-01,-0.015519999999999999,0.008494444444444445,0.004327777777777778,0.017066666666666667
2017-02-01,-0.0039250000000000005,-0.0024944444444444467,-0.0020055555555555564,0.00021111111111111244
2017-03-01,-0.009600000000000001,0.002188888888888889,0.0021777777777777776,0.00825
2017-04-01,0.0031049999999999997,0.0025555555555555553,-1.6666666666666566e-05,0.003311111111111112
2017-05-01,-0.00047999999999999996,0.0008499999999999985,-0.007405555555555553,-0.002450000000000001
2017-06-01,-0.00741,0.0032555555555555575,-0.0026944444444444438,0.015511111111111111
2017-07-01,0.00030499999999999977,0.005366666666666664,0.009411111111111111,0.006927777777777778
2017-08-01,0.0042699999999999995,0.006966666666666668,0.00625,0.007861111111111112
2017-09-01,-0.0014700000000000004,0.0046,0.010311111111111111,-0.0033
2017-10-01,0.01952,0.003344444444444444,0.0032111111111111108,0.007233333333333333
2017-11-01,0.00886,0.0036555555555555556,-0.0023388888888888886,0.0030722222222222227
2017-12-01,-0.002450000000000001,-0.005155555555555556,0.004172222222222222,-0.005866666666666665
2018-01-01,0.004205,0.003566666666666666,-0.003394444444444444,0.007727777777777779
2018-02-01,0.0062450000000000006,-3.8888888888888654e-05,-0.004377777777777779,0.014211111111111112
2018-03-01,-0.005265,0.0013111111111111119,-0.008572222222222224,0.006511111111111112
2018-04-01,-0.00648,0.004955555555555557,-0.0007833333333333321,0.013383333333333334
2018-05-01,-0.014584999999999999,-0.0017888888888888885,0.003866666666666666,0.0050166666666666675
2018-06-01,-0.009099999999999999,-0.007655555555555556,-0.000505555555555556,-0.002927777777777778
2018-07-01,0.008825,-0.002283333333333334,-0.0015222222222222234,-0.0006333333333333325
2018-08-01,0.0006649999999999994,0.001311111111111111,-0.003400000000000001,-0.00288888888888889
2018-09-01,0.0007700000000000003,0.010155555555555557,0.004322222222222223,0.007833333333333333
2018-10-01,0.01602,-0.0005833333333333333,-0.004883333333333332,0.0021222222222222224
2018-11-01,0.0017900000000000008,-0.004672222222222222,-0.009138888888888889,-0.013533333333333335
2018-12-01,0.0009550000000000019,0.01488888888888889,0.017361111111111112,0.009138888888888887
2019-01-01,-0.034235,-0.0029833333333333352,-0.013488888888888889,0.004611111111111111
2019-02-01,-0.009445000000000002,-0.007361111111111112,-0.004561111111111114,-0.0005722222222222222
2019-03-01,-0.003005,0.009583333333333333,-0.00405,0.0176
2019-04-01,0.008549999999999999,-0.014338888888888887,-0.01366111111111111,-0.00892777777777778
2019-05-01,0.015035,0.016183333333333334,0.013605555555555556,0.01922777777777778
2019-06-01,-0.009165,0.00014444444444444444,-0.004366666666666667,0.015461111111111113
2019-07-01,0.01046,-0.0003499999999999996,-0.0016333333333333326,-0.0011777777777777787
2019-08-01,0.014080000000000004,0.006,0.0017500000000000024,0.004094444444444444
2019-09-01,0.013669999999999996,0.002116666666666667,-0.006105555555555555,0.0016166666666666669
2019-10-01,-0.00419,-0.00019444444444444457,-0.002305555555555559,0.00933888888888889
2019-11-01,-0.023314999999999995,-0.0004555555555555567,-0.004472222222222223,0.0032166666666666667
2019-12-01,-0.0028950000000000017,0.004461111111111112,0.004405555555555555,0.011405555555555554
2020-01-01,-0.007794999999999999,0.002438888888888888,-0.0037000000000000006,0.005000000000000003
2020-02-01,-0.021200000000000004,-0.003194444444444445,0.0032111111111111103,-0.007322222222222221
2020-03-01,-0.015295,-0.009949999999999997,-0.006116666666666668,-0.008672222222222224
2020-04-01,-0.020935000000000002,-0.001694444444444446,-0.006305555555555557,0.019266666666666675
2020-05-01,-0.013965,0.0034722222222222238,-0.023466666666666667,0.0004277777777777726
2020-06-01,-0.013895000000000001,0.0009611111111111118,0.008066666666666668,0.009666666666666667
2020-07-01,0.02055,0.005838888888888888,0.012655555555555559,0.009766666666666668
2020-08-01,0.008739999999999996,-0.0018388888888888897,-0.021794444444444446,-0.0008888888888888904
2020-09-01,-0.0013199999999999996,0.010055555555555555,-0.0013666666666666653,-0.0006333333333333334
2020-10-01,0.0038850000000000017,-0.0012444444444444439,0.011394444444444443,0.0017277777777777777
2020-11-01,-0.051285000000000004,-0.030072222222222233,0.001694444444444446,-0.013977777777777776
2020-12-01,-0.024584999999999996,0.003011111111111112,0.00563888888888889,0.018716666666666666
2021-01-01,-0.004874999999999997,0.0034555555555555563,-0.012294444444444448,0.0019333333333333338
2021-02-01,0.002110000000000001,-0.0008055555555555524,-0.00113333333333333,0.007677777777777778
2021-03-01,0.040264999999999995,0.007933333333333334,0.0016722222222222225,0.0021388888888888916
2021-04-01,0.012265,-5.555555555554655e-06,0.007444444444444446,0.016877777777777776
2021-05-01,0.03493,0.013583333333333334,-6.111111111111074e-05,0.005383333333333332
2021-06-01,-0.035525,-0.006311111111111111,-0.004422222222222223,-0.0005944444444444443
2021-07-01,0.019049999999999997,0.009766666666666668,0.0107,0.011761111111111113
2021-08-01,0.0047150000000000004,-0.002794444444444445,-0.008705555555555557,-0.00043888888888888797
2021-09-01,0.010725000000000002,0.003672222222222223,0.011455555555555556,0.0035111111111111124
2021-10-01,0.01636,0.011166666666666668,0.008644444444444444,-0.0038055555555555555
2021-11-01,0.033385,0.0050277777777777794,-0.005016666666666667,0.008722222222222221
2021-12-01,0.03665,0.008344444444444446,0.01292222222222222,0.024983333333333337
2022-01-01,0.04901,0.005161111111111111,0.014000000000000004,0.008694444444444442
2022-02-01,0.006595000000000002,0.004411111111111111,-0.004255555555555557,0.0172
2022-03-01,-0.003869999999999997,0.011827777777777779,-0.004044444444444444,0.013533333333333335
2022-04-01,0.06089499999999999,0.016333333333333335,0.011761111111111113,0.02243888888888889
2022-05-01,0.044195,0.003972222222222228,0.00648888888888889,0.013577777777777779
2022-06-01,-0.0002299999999999993,0.009488888888888887,-0.0010611111111111116,-0.005233333333333335
2022-07-01,-0.037305,-0.014950000000000003,-0.01539444444444445,-0.024716666666666665
2022-08-01,-0.013165000000000001,0.022994444444444453,0.0037000000000000015,0.0181
2022-09-01,0.009785,0.014572222222222224,0.0028000000000000004,0.01830555555555556
2022-10-01,0.051099999999999986,0.009044444444444443,-0.009794444444444444,0.002422222222222219
2022-11-01,0.025029999999999997,-0.014444444444444447,-0.005555555555555556,-0.008177777777777779
2022-12-01,0.021855,0.013266666666666666,0.01995000000000001,0.005544444444444439
2023-01-01,-0.083085,-0.015127777777777782,-0.014900000000000002,-0.014638888888888889
2023-02-01,-0.004365000000000001,0.01732222222222222,0.008311111111111113,0.010083333333333333
2023-03-01,-0.029845000000000003,-0.005027777777777779,-0.006722222222222223,0.004894444444444444
2023-04-01,0.019790000000000002,-0.002677777777777778,0.005194444444444447,-0.003805555555555555
2023-05-01,-0.04436999999999999,-3.3333333333332264e-05,-0.0012888888888888885,0.0034166666666666677
2023-06-01,-0.0015600000000000002,0.01395,0.012016666666666669,0.009538888888888888
2023-07-01,-0.007560000000000004,-0.0039944444444444446,0.007694444444444443,0.006894444444444445
2023-08-01,0.020435,0.011550000000000001,0.004994444444444445,0.02487777777777778
2023-09-01,0.013314999999999999,0.012416666666666666,0.02110555555555556,0.014172222222222221
2023-10-01,0.022844999999999997,0.008344444444444446,0.0027166666666666663,0.005816666666666667
2023-11-01,-0.010255000000000002,-0.003938888888888889,0.006250000000000001,0.0010555555555555542
2023-12-01,-0.02144,-0.011633333333333332,-0.0013833333333333345,0.006300000000000001
2024-01-01,0.01719,0.00853888888888889,0.02557777777777778,0.034194444444444444
2024-02-01,-0.010875,0.011011111111111112,0.01087777777777778,-0.014611111111111111
2024-03-01,0.018235,0.004788888888888889,0.021855555555555555,0.030672222222222226
2024-04-01,0.005725,0.00595,-0.002705555555555555,-0.010399999999999998
2024-05-01,0.0015949999999999975,-0.0011722222222222225,0.008822222222222224,0.0029444444444444466
2024-06-01,-0.012275000000000001,1.6666666666666566e-05,-0.0053,0.018500000000000003
2024-07-01,0.0143,-0.009277777777777777,-0.011705555555555558,0.013755555555555557
2024-08-01,0.013875000000000002,0.0002722222222222223,-0.008155555555555558,-0.0004222222222222214
2024-09-01,-0.012695,-0.008283333333333334,0.002066666666666667,-0.015977777777777778
2024-10-01,0.0012850000000000006,0.006461111111111111,0.002133333333333333,0.008750000000000003
2024-11-01,-0.00892,0.0064333333333333334,0.012005555555555554,0.007661111111111112
2024-12-01,-0.006520000000000001,0.0027222222222222222,0.007494444444444444,0.011372222222222226
2025-01-01,-0.00178,0.0017055555555555559,-0.004422222222222222,0.009744444444444444
2025-02-01,0.026234999999999998,0.01370555555555556,0.0013222222222222203,0.02276666666666667
2025-03-01,0.019964999999999997,0.019761111111111115,0.008355555555555559,0.014750000000000001
2025-04-01,-0.014310000000000002,0.0009222222222222227,-0.007516666666666669,0.00678888888888889
2025-05-01,-0.014090000000000002,0.006716666666666667,0.005833333333333333,0.007194444444444444
2025-06-01,-0.029139999999999996,0.0006666666666666665,0.001111111111111111,0.01310555555555556
2025-07-01,-0.010085,0.008883333333333333,-0.0008555555555555538,-0.0004277777777777769
2025-08-01,-0.002120000000000001,0.00628888888888889,0.007850000000000003,0.01765
2025-09-01,-0.014675,0.011083333333333334,0.0006777777777777776,0.0013000000000000008
2025-10-01,-0.032775,-0.008344444444444446,0.0007388888888888862,-0.007866666666666668
2025-11-01,0.020784999999999998,0.011844444444444446,0.01116666666666667,0.010250000000000002
2025-12-01,0.005179999999999999,0.020372222222222226,-0.0025888888888888875,0.010155555555555557
2026-01-01,0.02886,0.03508888888888889,0.009994444444444445,0.023188888888888887
2026-02-01,0.0221,0.018394444444444446,0.020405555555555562,0.02928888888888889
2026-03-01,0.007584999999999999,0.009166666666666667,-0.020000000000000004,0.0018277777777777771
2026-04-01,-0.018189999999999998,0.004644444444444446,0.01998333333333334,0.0030277777777777785
2026-05-01,-0.057975,-0.010344444444444444,-0.0009777777777777753,0.01893333333333334
2026-06-01,0.0007049999999999982,0.008205555555555556,0.020811111111111114,-0.012938888888888892
2026-07-01,0.03872500000000001,-2.7777777777779344e-05,-0.051677777777777795,0.010383333333333335
2026-08-01,-0.04661,-0.0051222222222222225,-0.0005499999999999999,0.009383333333333334
