fecha,observed,universe
2011-07-02,-0.20513922440156257,-0.21383175425381817
2011-10-02,0.14654962359935184,0.182578075154516
2012-01-02,0.11346399288476665,0.1186951140877232
2012-04-02,-0.042009757319872686,-0.04693465159426989
2012-07-02,0.03480787644872259,0.05398831780672536
2012-10-02,0.06368867647289686,0.051242489691194534
2013-01-02,0.13955056735764323,0.09369893162781376
2013-04-02,0.0846560430207812,0.055496489484839914
2013-07-02,0.07867180785438085,0.08315799312912203
2013-10-02,0.1264371472529222,0.08667700280327906
2014-01-02,0.07656504997724266,0.05006448221945988
2014-04-02,0.031179579183931848,0.04586462874551172
2014-07-02,-0.033971963655244033,-0.03126300043500222
2014-10-02,0.09338374282794343,0.06393827883529243
2015-01-02,0.040475946152027674,0.0398587151402814
2015-04-02,0.03134955052232358,-0.011948233279746914
2015-07-02,-0.0049607919116219975,-0.05700117983566566
2015-10-02,0.03855689428449189,-0.0010035735705050447
2016-01-02,0.05874333631298505,0.04298568058270299
2016-04-02,0.033716699662511194,0.018657771595939086
2016-07-02,0.008921844330393091,0.053409244956474984
2016-10-02,0.09345810355481107,0.05093618032270551
2017-01-02,0.09152222839058219,0.0429230875721295
2017-04-02,0.049118400734171126,0.03902297737137876
2017-07-02,0.0733012126279168,0.0458589103992629
2017-10-02,0.06324872701101783,0.06861898171891923
2018-01-02,-0.0066467787075982195,-0.03493568805368802
2018-04-02,0.04475375341976293,0.03510972357667764
2018-07-02,0.0863938754319277,0.06320358495621364
2018-10-02,-0.16030424679386662,-0.1395816796373345
2019-01-02,0.17855981277543514,0.1927119016132486
2019-04-02,0.014094353457288118,0.024649448690741888
2019-07-02,0.005662076863780506,-0.03801858830873524
2019-10-02,0.10304025649744883,0.1093623253329909
2020-01-02,-0.165371668396719,-0.27512048979817444
2020-04-02,0.30538379488362966,0.3025899511948104
2020-07-02,0.05895696887281833,0.06031252546868514
2020-10-02,0.12663398063094006,0.1369823891474313
2021-01-02,0.20739397270529367,0.14304187980142474
2021-04-02,0.051854940610599295,0.057495693371483365
2021-07-02,0.021872734462650457,-0.005233736485709464
2021-10-02,0.1359169801105811,0.09071681798611042
2022-01-02,-0.056549817449249404,-0.039549215687180256
2022-04-02,-0.14595230552436533,-0.1399337605286985
2022-07-02,0.0368400105940505,-0.02258114243260019
2022-10-02,0.08437835955243195,0.08008561122960162
2023-01-02,0.04525891629243297,0.045078319020488006
2023-04-02,0.04312330952919809,0.04515292867404937
2023-07-02,-0.016570816635002174,-0.0578488821514081
2023-10-02,0.09042512441416121,0.142747231211265
2024-01-02,0.1692096438295966,0.07561518849557337
2024-04-02,-0.018364319319007467,-0.014261726928753226
2024-07-02,0.022858305424307692,0.08964730013360783
2024-10-02,0.007952911425323096,-0.013095306657457655
2025-01-02,0.008410239514593968,-0.011614090443651692
2025-04-02,0.08341438318751153,0.1195714171070873
2025-07-02,0.10474031970293869,0.030329625451008112
