variant,weight_value_score,weight_quality_score,weight_momentum_score,weight_risk_score,cagr,sharpe,max_drawdown,es5,excess_mean,positive_windows
0,0.296733698171249,0.3301730817359988,0.2565061719791461,0.11658704811360607,0.19081425927919904,1.1073915997766777,-0.2109258930205351,-0.17694819451956287,0.013646003917486776,3
1,0.32050508205950395,0.34045281396293714,0.2534266352402452,0.08561546873731365,0.1927003731885002,1.1051442648059333,-0.20197182829891613,-0.18098938288006527,0.014142341051607166,3
2,0.31279593367490727,0.32607200198735714,0.2397334607663761,0.12139860357135945,0.19176587492574892,1.1140596774997438,-0.20513922440156251,-0.17899732173400415,0.013850858946779182,3
3,0.27836663021703206,0.33361839713377545,0.27346456344127806,0.11455040920791434,0.1828713666352948,1.0675154119562031,-0.20577679655599135,-0.17789887829000692,0.011893276410969454,3
4,0.2844685253418798,0.375,0.2364187015899248,0.10411277306819539,0.18343266734233699,1.0795080262060182,-0.21413015820759995,-0.17993535779939518,0.011955385574485675,3
5,0.31581299890064124,0.36000817895636805,0.23334053300308555,0.09083828913990515,0.19303837124645096,1.112606087869586,-0.20513922440156251,-0.17748880619354993,0.014164234240334651,3
6,0.2967129025429777,0.3636284935668796,0.24600958174467724,0.09364902214546543,0.19073536472204533,1.1129886974566332,-0.20929755964799313,-0.1783244916128596,0.013576516691280259,3
7,0.313006062150778,0.3525952748360727,0.24319546390448182,0.09120319910866742,0.19350230787909362,1.1159645559204594,-0.20513922440156263,-0.17693837986404937,0.014266618918968835,3
8,0.3065427371583248,0.3668553424789832,0.239696271650352,0.08690564871233998,0.19345134451839185,1.1205020587926071,-0.20513922440156263,-0.17748880619354993,0.01420977987721636,3
9,0.3010079129271456,0.3707481846509983,0.25114073099199674,0.07710317142985933,0.18731126664369802,1.0752999109994528,-0.21611185856949722,-0.1841942107631381,0.013000613489349526,3
10,0.315824343141594,0.35671078492188285,0.225,0.10246487193652305,0.19468782217080638,1.116260847916558,-0.20513922440156251,-0.17966060174393084,0.014571169420007031,3
11,0.31150286954480877,0.34993327702337,0.24474878213439377,0.09381507129742739,0.19480125631615097,1.1224377164709276,-0.20513922440156263,-0.1769383798640494,0.014551833457531405,3
12,0.2889363505422385,0.364678588230532,0.2577640621256527,0.08862099910157675,0.18235634492384878,1.0598284557574964,-0.21413015820759995,-0.18353364397583896,0.011835974131668625,3
13,0.2870627660417473,0.37017435754507966,0.2647748019826123,0.07798807443056074,0.17372100579621796,1.0163084260657003,-0.21413015820759995,-0.18581615713682567,0.009941070983894133,3
14,0.2843369180442782,0.34952891241088657,0.2516756284706881,0.1144585410741471,0.18545444084288154,1.0951704829868618,-0.19999012793701887,-0.17522201437586818,0.012344002767257028,3
15,0.29830194883619093,0.3408447489468242,0.2589316711868162,0.1019216310301686,0.18957049294871386,1.103699245563978,-0.2036011321541581,-0.17642568244824788,0.013343114892380598,3
16,0.29169563254884107,0.3516993302301385,0.23435441941994709,0.12225061780107332,0.18028950565512614,1.0669786593292887,-0.20513922440156263,-0.1769383798640494,0.011227212105786923,3
17,0.2939110284931968,0.35568163637848993,0.26430391013956894,0.08610342498874429,0.18331147846182572,1.0691257899813478,-0.19999012793701887,-0.18085580704420345,0.011992858768700255,3
18,0.30956159511919024,0.34953492092362437,0.2605116723972543,0.08039181155993107,0.18788056287952726,1.0851573693781675,-0.20197182829891613,-0.17948086733961108,0.013045532366465225,3
19,0.29682130781385874,0.342004074649836,0.2590524074234536,0.10212221011285161,0.19034565121621383,1.108742691152703,-0.19999012793701887,-0.17522201437586818,0.013499586234480058,3
20,0.2849747468314928,0.3696108573973418,0.2352269639655166,0.11018743180564876,0.1856061682350978,1.092012747881641,-0.20929755964799313,-0.1783244916128596,0.012417681844421893,3
21,0.2855597506849758,0.37043488983166234,0.24666397659087622,0.09734138289248562,0.18767589243455118,1.1014851488169157,-0.21413015820759995,-0.17993535779939518,0.012899663559131629,3
22,0.3090706229361965,0.3456937444854253,0.26734385268369626,0.07789177989468185,0.18802346912787793,1.0848818134999894,-0.20197182829891613,-0.17948086733961108,0.01308535360574048,3
23,0.31662215405384087,0.3407203698306549,0.26101455848317967,0.0816429176323245,0.19109790631133783,1.1009976188734047,-0.20197182829891613,-0.17948086733961108,0.013756782822452567,3
24,0.30076019560202333,0.3642893706375275,0.2374831942567243,0.09746723950372488,0.1944191963380304,1.130920299046224,-0.20513922440156263,-0.1769383798640494,0.014394675682369329,3
25,0.3092419882568359,0.3401512470365926,0.27228204462253724,0.0783247200840342,0.18608330762548597,1.0717470024145208,-0.20775849691788872,-0.181526188487016,0.012697808119846462,3
26,0.2857345338937652,0.3590393060533475,0.2557077582364681,0.09951840181641922,0.1839212044174614,1.0817844676615562,-0.19999012793701887,-0.17522201437586818,0.012036203700351923,3
27,0.3184419559951186,0.33078067873325845,0.2382806018711236,0.1124967634004993,0.1973790999038958,1.1373193718983794,-0.20513922440156251,-0.17899732173400415,0.01511485098022565,3
28,0.30667646030335843,0.3439677076661588,0.2627152478870737,0.086640584143409,0.18567219756435538,1.0800432221662024,-0.20197182829891613,-0.17948086733961108,0.012514487338000414,3
29,0.3241944924167477,0.36060882269567274,0.2342127630754921,0.08098392181208747,0.19683357810232183,1.1239727245993452,-0.20197182829891602,-0.1786048030430487,0.015047091886301378,3
30,0.28914709683862794,0.32822274339230334,0.2667905644018381,0.11583959536723057,0.1863974197512881,1.0869742415796688,-0.20577679655599135,-0.17789887829000695,0.012661964464368354,3
31,0.31625023172563216,0.32499999999999996,0.25842854069975174,0.1003212275746161,0.1932959382577728,1.1143259934337448,-0.20513922440156251,-0.18012610669680332,0.014235571839262962,3
32,0.3081361951245182,0.34315878335746314,0.23912802147639145,0.10957700004162718,0.19961791029377185,1.1596416021702312,-0.20513922440156263,-0.1769383798640494,0.015524684785152548,3
33,0.3026392162879351,0.3407758744134304,0.2522578600327529,0.10432704926588156,0.19214418649085152,1.1185586205728748,-0.20513922440156263,-0.17693837986404937,0.013906224672496638,3
34,0.2798558095370197,0.34018764676510715,0.2696005908402449,0.11035595285762821,0.18121291055702526,1.0668262804502826,-0.20577679655599135,-0.17789887829000692,0.01147027816129205,3
35,0.3159226289252653,0.32765627237344147,0.25504473169539554,0.1013763670058977,0.1912287516155824,1.1089032843755924,-0.20513922440156263,-0.17693837986404945,0.01373177811229942,3
36,0.3044958662047775,0.360552423067255,0.2510856195411758,0.08386609118679167,0.1890578671187615,1.0968264014481421,-0.20197182829891613,-0.1794808673396111,0.01326559000582317,3
37,0.2999993270599881,0.32811480413870764,0.2482450073056245,0.12364086149567977,0.18889446513359087,1.1100801275434735,-0.20513922440156251,-0.17693837986404937,0.013125419252431247,3
38,0.29581053786830475,0.32499999999999996,0.269161081361497,0.11002838077019826,0.18639865715495696,1.0792030948559646,-0.20577679655599135,-0.17901863486849448,0.012721433094376134,3
39,0.2891806421509314,0.3333173112572723,0.2545823421212911,0.12291970447050511,0.18662309598386861,1.0932946665364949,-0.20577679655599135,-0.1752318290313816,0.012664948004988663,3
40,0.31353925708736674,0.34186942405320364,0.24380318283043265,0.10078813602899697,0.19683742883601196,1.1415790435680426,-0.20513922440156263,-0.1769383798640494,0.014940608554518035,3
41,0.293562251412029,0.35579245466582354,0.2621562128204267,0.08848908110172066,0.18377187810573492,1.073878809185723,-0.19999012793701887,-0.18085580704420345,0.012076179278997784,3
42,0.31313389014491155,0.35605482438580544,0.23953813643790045,0.09127314903138253,0.19789124143277115,1.1330713852440237,-0.20513922440156263,-0.17748880619354993,0.015258287601015991,3
43,0.30114907181420386,0.36268162049257224,0.24892865366746678,0.08724065402575706,0.19130692606090993,1.1103017947240583,-0.20197182829891613,-0.1794808673396111,0.013744144838588908,3
44,0.3065257163434639,0.3279795103695605,0.2637053256186439,0.1017894476683316,0.1867929990430539,1.0784781603399762,-0.2109258930205351,-0.18258198718789817,0.012846301126866183,3
45,0.3151737217606848,0.3518728213768333,0.23424339921680884,0.09871005764567305,0.19538182983047125,1.1308666310517914,-0.20513922440156263,-0.17748880619354993,0.014641221566564158,3
46,0.2860890679467658,0.3556517501446729,0.2661216170571598,0.09213756485140144,0.1793066936578842,1.0499741865007033,-0.20577679655599135,-0.18278469658386096,0.011108873189144938,3
47,0.3038776405039146,0.33059041450374665,0.24967729422021384,0.11585465077212491,0.19395076316076243,1.12653746317639,-0.20513922440156263,-0.1769383798640494,0.014303689462827632,3
48,0.30159924920279335,0.3738647439550828,0.2461702477257471,0.07836575911637672,0.18788644980413238,1.082315160688066,-0.21611185856949722,-0.1841942107631381,0.013096489746264673,3
49,0.2800130283076188,0.375,0.2664240307663538,0.07856294092602736,0.17129215114612117,1.001090078372125,-0.21413015820759995,-0.18560242621323716,0.009434041591334144,3
50,0.2802638093227843,0.3582469902073782,0.26616129846623476,0.09532790200360267,0.17747073958410464,1.0517985984903762,-0.20577679655599135,-0.18021143158352917,0.010623808130566096,3
51,0.28962647900819893,0.3585027492875883,0.24531715326474463,0.10655361843946808,0.18541789826588806,1.0976663379789593,-0.19999012793701887,-0.17522201437586818,0.012315270955735825,3
52,0.27978009040973195,0.3683294270429928,0.2613291914437256,0.09056129110354966,0.17396935327802288,1.0260130365149018,-0.21413015820759995,-0.185355419544142,0.009931530381910825,3
53,0.28731270403114706,0.344809961584188,0.2715734968307026,0.09630383755396234,0.18267734687571657,1.0658638692694546,-0.20577679655599135,-0.1808656216997169,0.011857235601256616,3
54,0.3030014744461264,0.3524390750435833,0.26363390633518285,0.08092554417510744,0.1857690525352973,1.0765005860803822,-0.20197182829891613,-0.17948086733961108,0.012565942969203664,3
55,0.3207762071287461,0.3702445525108592,0.23030653129059397,0.07867270906980073,0.19096862480415555,1.1035598478131399,-0.2119535233230665,-0.18122032372174326,0.01371325363283909,3
56,0.28728041750100747,0.375,0.25339091105406375,0.08432867144492877,0.18122531476121817,1.0500912081502511,-0.21413015820759995,-0.18353364397583904,0.01161907989590526,3
57,0.315121453594024,0.34726772958513663,0.25643459359783083,0.0811762232230085,0.19196683094599054,1.1076828603881965,-0.20197182829891613,-0.1794808673396111,0.01392932509305348,3
58,0.28620031565638004,0.34665521162194635,0.26128250101213857,0.105861971709535,0.1845731637510275,1.0756064130411536,-0.20577679655599135,-0.17943341707651236,0.01227589689972011,3
59,0.2982900939368983,0.3422196471230602,0.2524051560993657,0.10708510284067574,0.1896220539551321,1.103668644671979,-0.20513922440156263,-0.17693837986404937,0.013362920854792652,3
60,0.31219825770534604,0.32499999999999996,0.2613218230915166,0.10147991920313734,0.19420672509586834,1.1229285080530438,-0.2109258930205351,-0.17694819451956287,0.014396773659798702,3
61,0.3095915703982228,0.3685652389434914,0.23218579642483003,0.08965739423345573,0.19399873339920748,1.1204080701622807,-0.20513922440156251,-0.17748880619354993,0.01435770488836087,3
62,0.2939799763672653,0.34046141961897586,0.2520504642505352,0.11350813976322366,0.18921774160256,1.1033560900841186,-0.19999012793701887,-0.17522201437586818,0.01325451351875222,3
63,0.29720494513051937,0.35626404724570676,0.24491265822184852,0.10161834940192534,0.1937751022252101,1.1295504476764169,-0.20513922440156263,-0.1769383798640494,0.014238651823314644,3
64,0.325,0.3386056903846848,0.23844329076198875,0.09795101885332641,0.19105665012122675,1.1106718278774388,-0.20513922440156251,-0.17899732173400415,0.013694813719539036,3
65,0.29721982325816587,0.37316024157240557,0.24666858334587569,0.08295135182355286,0.18932618550476832,1.0913846434595584,-0.21611185856949722,-0.1841942107631381,0.013395551307513073,3
66,0.31027851065539436,0.32499999999999996,0.25178899369379154,0.11293249565081406,0.19384655975345177,1.1217364242126888,-0.20513922440156263,-0.1769383798640494,0.014309031305913461,3
67,0.2939346562803739,0.34523633114620195,0.2699622916652849,0.09086672090813916,0.18214517542108832,1.06299003014398,-0.20577679655599135,-0.18086562169971696,0.011740381556340057,3
68,0.3069481252283642,0.3513235013990697,0.24422156882050727,0.09750680455205882,0.19489247771780094,1.1263428796574446,-0.20513922440156263,-0.1769383798640494,0.014543967133241204,3
69,0.3085486411434977,0.3602424173974027,0.22817908447916865,0.1030298569799309,0.1937980610159762,1.1163954588293707,-0.20513922440156251,-0.17748880619354993,0.014336945458096209,3
70,0.3092055362266598,0.36314255450561994,0.23836446746032178,0.08928744180739848,0.19666166482105196,1.1363821552282645,-0.20513922440156263,-0.17748880619354993,0.014915708173570522,3
71,0.29853891645556346,0.34345963620965164,0.24453042773738132,0.1134710195974035,0.19102717948863157,1.1149885549136103,-0.20513922440156263,-0.1769383798640494,0.013637777222127506,3
72,0.30361130927512625,0.33451000610606446,0.24658153697144974,0.11529714764735954,0.19230550889877307,1.117740427047834,-0.20513922440156263,-0.1769383798640494,0.013946697091412356,3
73,0.30267863117067806,0.3284574696996673,0.2626418266876571,0.10622207244199744,0.18731015280452867,1.0880175983001381,-0.2109258930205351,-0.17694819451956287,0.012887327686970058,3
74,0.2950290552755821,0.3659732652028669,0.2515991609524265,0.0873985185691245,0.18723297688661122,1.0870765153557493,-0.20929755964799313,-0.1819227777893034,0.01288203900225652,3
75,0.2956740312963603,0.33320055591983777,0.2664132625591411,0.10471215022466084,0.1843326314748006,1.068620626945132,-0.20577679655599135,-0.18086562169971696,0.012275075777188537,3
76,0.2812726016064687,0.3481144143289772,0.2635732127030842,0.10703977136146989,0.18279967534928798,1.0752665376336397,-0.20577679655599135,-0.18021143158352923,0.011825707125425706,3
77,0.2957432266363915,0.3627921391554528,0.22852163552643645,0.11294299868171923,0.18731024364475335,1.0992523580233087,-0.20513922440156251,-0.17748880619354993,0.012800855440052243,3
78,0.2882171521031299,0.34845953745040503,0.273322551415948,0.09000075903051702,0.18266497473898702,1.065753720081604,-0.20577679655599135,-0.1808656216997169,0.011855142365861078,3
79,0.3028001178832958,0.32499999999999996,0.2624625691989362,0.109737312917768,0.18695313330654928,1.087715249586669,-0.2109258930205351,-0.17694819451956287,0.012796659436033576,3
80,0.29461884986114223,0.35176674086354814,0.24764122053629373,0.10597318873901583,0.19172391281206935,1.1193578546206067,-0.20513922440156263,-0.17693837986404937,0.013786153080420659,3
81,0.3087752537388302,0.3394294026482295,0.2421293858191875,0.10966595779375275,0.19986681524600325,1.1505829303275303,-0.20513922440156251,-0.17693837986404937,0.01563893280871909,3
82,0.2804974617014304,0.3407483605002772,0.2608770224493934,0.11787715534889892,0.1847874011905195,1.0864885581328154,-0.20577679655599135,-0.17669769074414524,0.012246346105132571,3
83,0.31067029258625234,0.3515795997934615,0.2516496913056178,0.08610041631466833,0.19468425849447502,1.122835535114019,-0.20197182829891613,-0.1794808673396111,0.01451662886265348,3
84,0.2830847011931004,0.36101778194022693,0.2708848361077766,0.08501268075889604,0.17721164331742334,1.0223757539551137,-0.21991682682657243,-0.18852306118350004,0.010811276336663197,3
85,0.32161038419707433,0.3348725387880734,0.23040429121206346,0.11311278580278876,0.19699602864136057,1.1378682242219635,-0.20513922440156251,-0.17899732173400415,0.015004015867568254,3
86,0.288990810112489,0.3688164284743807,0.2461910384794594,0.0960017229336709,0.18899222099106017,1.1025423460967751,-0.20929755964799313,-0.1783244916128596,0.013205474927472467,3
87,0.30232098539754987,0.3570499828399569,0.2565680830979764,0.0840609486645168,0.18943721159087357,1.0973116578239435,-0.20197182829891613,-0.17948086733961108,0.013359543889593782,3
88,0.2869614163434859,0.3429590032731173,0.24634697958165042,0.12373260080174639,0.1883852204956935,1.109851248896192,-0.19999012793701887,-0.17522201437586818,0.012990474845235923,3
89,0.2990984159888442,0.37182956002975287,0.24557332501943527,0.08349869896196768,0.1891170646172029,1.09109250770821,-0.21611185856949722,-0.1841942107631381,0.013345352095119655,3
90,0.2974834486813903,0.33969748921472526,0.2602455313693409,0.10257353073454346,0.18972125459297828,1.1055825145841307,-0.2036011321541581,-0.17450660756410383,0.013363705548787613,3
91,0.29705409587428416,0.3526747133479658,0.2296668761294865,0.12060431464826347,0.1849454872492522,1.0840053773006824,-0.20513922440156251,-0.17748880619354993,0.01230977986081017,3
92,0.3096640742148794,0.3612720081692712,0.24109470459747476,0.08796921301837463,0.1934969876375625,1.1241743661466506,-0.20513922440156263,-0.1769383798640494,0.014192785222222564,3
93,0.2900145711360009,0.35462575165464705,0.2557399500274449,0.09961972718190716,0.18487000387476482,1.081618213573999,-0.19999012793701887,-0.17522201437586818,0.012290597187065237,3
94,0.31226443486624794,0.35855274509120066,0.24961965307572198,0.07956316696682941,0.19345012081931512,1.1073332540283685,-0.20197182829891613,-0.17948086733961102,0.014310640227630232,3
95,0.3194390554603855,0.34522034892019887,0.25710188060837963,0.07823871501103599,0.19239047157738076,1.1039109953646709,-0.20197182829891613,-0.1794808673396111,0.014066914918956576,3
96,0.27909322889374,0.34064565096544014,0.2589355703251896,0.12132554981563026,0.18391304648636053,1.0826737996361555,-0.20577679655599135,-0.17669769074414524,0.012048448102621763,3
97,0.325,0.3431997718362282,0.23437674784856816,0.09742348031520365,0.19442739300087597,1.1314508595813866,-0.20513922440156263,-0.17899732173400418,0.014404691712807035,3
98,0.28470455592916194,0.3491885839035204,0.2700990770818267,0.09600778308549096,0.1801265026495693,1.0486402955239478,-0.20577679655599135,-0.18356271109087782,0.01133667396586248,3
99,0.32146619551915595,0.3564569357509018,0.22790178185024101,0.0941750868797012,0.19596997790473503,1.1185965785709777,-0.20513922440156263,-0.17966060174393084,0.014881498853330406,3
100,0.31076558365912577,0.33579101407397377,0.23812776207570738,0.11531564019119307,0.19636689081792924,1.1330846598839628,-0.20513922440156251,-0.17899732173400415,0.014887422792875863,3
101,0.30316008190927846,0.35166526974393314,0.2596231642289091,0.08555148411787933,0.1841119908000044,1.0739649720003799,-0.20197182829891613,-0.17948086733961108,0.012156561028915316,3
102,0.3082383072380546,0.32499999999999996,0.2578267689342174,0.10893492382772799,0.19213310695967456,1.11525886392716,-0.2109258930205351,-0.1769481945195628,0.013922348466753722,3
103,0.30243471547766815,0.35939704633878927,0.2466131764342411,0.09155506174930143,0.19322867647804065,1.122410591380428,-0.20513922440156263,-0.1769383798640494,0.0141380061529869,3
104,0.29729321616828447,0.36545231572666326,0.2598749729410908,0.07737949516396145,0.18265150637511018,1.0540945471316623,-0.21611185856949722,-0.1841942107631381,0.011960362256348249,3
105,0.3095021965998567,0.3343348465775511,0.24794850828113976,0.10821444854145236,0.19561425065778582,1.1343217317350174,-0.20513922440156251,-0.17693837986404937,0.0146714595278503,3
106,0.31408013986306194,0.3594478899182361,0.225,0.10147197021870195,0.19599321972341288,1.1213911400262209,-0.20513922440156251,-0.17966060174393084,0.014867564442214959,3
107,0.2905900975309963,0.33161326152679005,0.275,0.10279664094221362,0.18399732970087812,1.0690977253864742,-0.20577679655599135,-0.18125015779735557,0.01218479504063175,3
108,0.29848113666613457,0.34977747955644733,0.26820498645586716,0.08353639732155092,0.18345388450814815,1.065065055063754,-0.20360113215415798,-0.18205947511658319,0.012065219709692097,3
109,0.2891812540415027,0.3369701532621627,0.2610339381434695,0.11281465455286513,0.1886140406198098,1.103401291528145,-0.20577679655599135,-0.17631315464650663,0.013105766432673423,3
110,0.3145717755269227,0.3482632461011474,0.24567551273841876,0.09148946563351111,0.19321674643651066,1.112371066475892,-0.20513922440156263,-0.1769383798640494,0.014217453458077104,3
111,0.3118933845031376,0.3259874722646078,0.26631591602544114,0.09580322720681346,0.18967820226800503,1.091154101804079,-0.2109258930205351,-0.18258198718789817,0.01349209149222122,3
112,0.29220617953800443,0.32788455224518553,0.2709194635117918,0.10898980470501822,0.18663940934334367,1.0827110990531257,-0.20577679655599135,-0.1775143421923683,0.012751061153691186,3
113,0.31003826694125797,0.3483410454394505,0.22748530386034244,0.11413538375894908,0.1887293755291144,1.1086322625764704,-0.20513922440156251,-0.17899732173400415,0.013110827385848825,3
114,0.2917055966452385,0.3529720647430211,0.24463807714826738,0.11068426146347296,0.18736207926388704,1.103074248517397,-0.20513922440156263,-0.17693837986404937,0.012784462434113701,3
115,0.3076524958096424,0.3537769617008085,0.22626704347871937,0.11230349901082964,0.19062039992713475,1.1181761692071512,-0.20513922440156251,-0.17748880619354993,0.01352315401743742,3
116,0.319052911704518,0.3286700404866028,0.27100566801961196,0.08127137978926727,0.1892074200202678,1.0872516476322345,-0.20775849691788872,-0.18478600337269155,0.013407273303211053,3
117,0.30418606485929955,0.3667183098866731,0.2281597930394924,0.10093583221453488,0.1924673159802357,1.113750952877661,-0.20513922440156251,-0.17748880619354993,0.014016836285749387,3
118,0.29022894303503644,0.34402822247481923,0.2637747302684361,0.10196810422170818,0.18187535383183473,1.0614048027340386,-0.20577679655599135,-0.18086562169971696,0.011691512360103446,3
119,0.28846599800918715,0.33714852372263365,0.27450548938075575,0.09987998888742344,0.1835924567547973,1.0699947908704384,-0.20577679655599135,-0.18125015779735557,0.012064535891076394,3
120,0.30049998946312606,0.3416432643589339,0.26304717030129704,0.09480957587664299,0.1872423425166636,1.087795975786773,-0.2036011321541581,-0.18014040023243916,0.01286833224135117,3
121,0.31244825494479994,0.33594795499022,0.24492546750801925,0.10667832255696078,0.1945665581569509,1.128109120248741,-0.20513922440156251,-0.17693837986404937,0.014448622365796531,3
122,0.3007611378788415,0.34666507244025774,0.2469136148058235,0.10566017487507727,0.19427122667575336,1.1280498781644843,-0.20513922440156263,-0.1769383798640494,0.014374197875226992,3
123,0.31090734832618566,0.3522177826057392,0.2446784401037863,0.09219642896428883,0.19342101310173687,1.1148321567625907,-0.20513922440156263,-0.1769383798640494,0.014254128715233608,3
124,0.2756749839722905,0.363984579377156,0.2507805542498619,0.10955988240069153,0.1798438823588404,1.0833822583497894,-0.19999012793701887,-0.17522201437586818,0.010992158358092693,3
125,0.29263090060582775,0.3463999834950606,0.26840237447809273,0.09256674142101891,0.18422887370960428,1.0736565749374252,-0.20577679655599135,-0.18086562169971696,0.012200509754978583,3
126,0.28258881000055924,0.3651652993227304,0.252111018617976,0.10013487205873432,0.1830430428908263,1.0798808267198092,-0.21413015820759995,-0.17993535779939518,0.011858794436887423,3
127,0.28588638213115763,0.3554089943218521,0.24480925850292484,0.11389536504406542,0.18278412842421377,1.0834059424688927,-0.19999012793701887,-0.17522201437586818,0.011739544047890954,3
128,0.3119119474130143,0.33448126957401936,0.2704924796845327,0.08311430332843359,0.18758094302373962,1.0790164214687765,-0.20775849691788872,-0.181526188487016,0.01302929102299676,3
129,0.29516357585799613,0.3451711162880367,0.2555270673483869,0.10413824050558027,0.18823165191872282,1.0947739029856187,-0.19999012793701887,-0.17522201437586818,0.0130596062220319,3
130,0.2915996449395309,0.3611316020232647,0.24645655025511226,0.10081220278209213,0.18914313674806893,1.105473653454736,-0.20513922440156263,-0.17693837986404937,0.013224956516062272,3
131,0.2985562370652145,0.36145369009978007,0.2559357517878238,0.08405432104718158,0.1889624293867891,1.096376732295573,-0.20197182829891613,-0.17948086733961108,0.013245619892416004,3
132,0.3158309873744462,0.33717199198373327,0.24402990123771284,0.1029671194041077,0.19611568667318724,1.1376232306566112,-0.20513922440156263,-0.17899732173400418,0.014794799862050475,3
133,0.3036977869566342,0.35382410929912655,0.2329465529166309,0.1095315508276083,0.19259756827905994,1.1216121370960812,-0.20513922440156251,-0.17748880619354993,0.013996346047502481,3
134,0.3064544494188314,0.3416475080879153,0.25054848135362134,0.10134956113963202,0.191163177003286,1.1056185327053976,-0.20513922440156263,-0.1769383798640494,0.013740664390249985,3
135,0.2955475077170244,0.34297867869935206,0.25986913127106764,0.10160468231255582,0.1893530198889577,1.105307333041271,-0.19999012793701887,-0.17522201437586818,0.013269729566227642,3
136,0.3020468032165076,0.3524955215757497,0.2502332155292204,0.09522445967852222,0.1930855211829381,1.113646551194911,-0.20513922440156263,-0.17693837986404937,0.014175638964270496,3
137,0.28901323584953886,0.37391552765294106,0.23187629974516694,0.1051949367523531,0.18700695195731143,1.0966195966008703,-0.20929755964799313,-0.17887491794236018,0.01274685460694306,3
138,0.2894746075541893,0.35024096326878046,0.2352844291770302,0.125,0.17878684207511042,1.0618340636697097,-0.20513922440156263,-0.1769383798640494,0.010876518467552653,3
139,0.27984129643575073,0.36346895580325256,0.275,0.08168974776099665,0.17541033155957342,1.0189900357601955,-0.21991682682657243,-0.18852306118350004,0.010390064796935394,3
140,0.2952004338939599,0.34656408412323636,0.2501701876653838,0.10806529431741999,0.18928530887363948,1.104158781747689,-0.20513922440156263,-0.17693837986404937,0.013272736990047431,3
141,0.3079403684970212,0.32834918888726283,0.240354993318759,0.12335544929695692,0.19247935423708928,1.1195937376837408,-0.20513922440156263,-0.17899732173400418,0.013994089474451955,3
142,0.30972310285443266,0.34469011043376524,0.253211871690232,0.09237491502157003,0.19393550371945611,1.1214122843339713,-0.20513922440156263,-0.1769383798640494,0.014335550789581174,3
143,0.3015769531898549,0.3533188411274996,0.2572396506455438,0.0878645550371016,0.18486016614365774,1.0794302909860787,-0.20197182829891613,-0.17948086733961108,0.012310394113690145,3
144,0.31136594893465586,0.3403553951738601,0.2675310989333932,0.08074755695809076,0.18802973654912347,1.085018075113675,-0.20197182829891613,-0.1795972989473585,0.01308826958853147,3
145,0.31118634745989193,0.34564853196372086,0.26816512057638714,0.07500000000000001,0.18629124226584515,1.0746347047360991,-0.20197182829891613,-0.1794808673396111,0.012717038579122535,3
146,0.27499999999999997,0.36016437668377965,0.25738101200985686,0.10745461130636348,0.18023943656079888,1.081333205661845,-0.19999012793701887,-0.17600002888288502,0.011114606293720668,3
147,0.30545645461221455,0.34971826780547177,0.24664765560043067,0.09817762198188301,0.19362466047355897,1.116218437847339,-0.20513922440156263,-0.1769383798640494,0.014294880877890765,3
148,0.30905728621755313,0.3519770041739717,0.2536015944064459,0.08536411520202924,0.19161724549454484,1.1084880344464463,-0.20197182829891613,-0.1794808673396111,0.01383473368978071,3
149,0.3110667308364625,0.36616798887855345,0.2270257324249124,0.09573954786007163,0.19626705576965597,1.1252783567637734,-0.20513922440156263,-0.17748880619354993,0.01490045625331048,3
150,0.30348058788267307,0.3405768863177756,0.2548633241660092,0.10107920163354206,0.19122584912392426,1.1097502157927956,-0.20513922440156263,-0.17693837986404937,0.01372535051317803,3
151,0.29562722418406034,0.33707678335561164,0.2501269952046044,0.11716899725572363,0.18797437585590626,1.0989516087316278,-0.20513922440156263,-0.1769383798640494,0.012974002419191064,3
152,0.3220538573014048,0.3512956161531514,0.23776949043419432,0.08888103611124945,0.19502274796521424,1.1196852096666474,-0.20513922440156263,-0.17748880619354993,0.014618329702503307,3
153,0.30188995650604405,0.35071225251456795,0.24297140196806408,0.1044263890113239,0.19683976228362865,1.1432492917468546,-0.20513922440156263,-0.1769383798640494,0.014924484515437627,3
154,0.2898774945173953,0.35874167602421475,0.2441686832538707,0.10721214620451919,0.18648578363653434,1.0981636202508498,-0.20513922440156263,-0.17693837986404937,0.01259506666220318,3
155,0.29894429596755057,0.36986090680628264,0.24441702789104383,0.0867777693351229,0.1893030815270531,1.0985971551244413,-0.21611185856949722,-0.1805959245866943,0.013323587452120332,3
156,0.2780469825489428,0.34797663466863127,0.26913551240935574,0.10484087037307016,0.18129671491200527,1.058592611170549,-0.20577679655599135,-0.17789887829000692,0.011549442023990789,3
157,0.31263036837582836,0.34666101669152294,0.23990101908854172,0.10080759584410691,0.19552396850870468,1.131985691399721,-0.20513922440156263,-0.17693837986404937,0.014668159045990774,3
158,0.30826429267988514,0.32499999999999996,0.24773325387898912,0.11900245344112573,0.19538588469886609,1.1336069083637208,-0.20513922440156263,-0.1769383798640494,0.014618884292199989,3
159,0.2954184360009377,0.3399049174513403,0.275,0.08967664654772194,0.1827555381124557,1.062138397237122,-0.20577679655599135,-0.18086562169971696,0.011906654981516192,3
160,0.30669164618910694,0.34409438721671143,0.24268148149266391,0.1065324851015177,0.20009334376027033,1.153781232542016,-0.20513922440156263,-0.1769383798640494,0.01567511011536043,3
161,0.3085095356527157,0.3340182291982824,0.2628308756316828,0.09464135951731908,0.1876106004467748,1.0950575608083353,-0.2036011321541581,-0.18014040023243916,0.012929268304239662,3
162,0.29821041521880615,0.36117064513942915,0.25070671847240206,0.08991222116936265,0.19072581550959922,1.1128637890134716,-0.20513922440156263,-0.17693837986404937,0.013568197065479798,3
163,0.30020037929208343,0.35554945645475705,0.225,0.11925016425315947,0.1840897457745021,1.0903412538183919,-0.20513922440156251,-0.17748880619354993,0.01204373954248792,3
164,0.3011780206782633,0.3430186224099504,0.24837511338756366,0.10742824352422259,0.19246233108583066,1.115533001114556,-0.20513922440156263,-0.17693837986404937,0.01400451897357038,3
165,0.2884005208839334,0.34977248197881017,0.23682699713725638,0.125,0.18173350173564096,1.0744169669652077,-0.20513922440156263,-0.17693837986404945,0.01154806838764975,3
166,0.2968135729528971,0.34193169847822835,0.24543906880608488,0.1158156597627896,0.19024253380688516,1.1130468818188417,-0.20513922440156263,-0.1769383798640494,0.013450803717346022,3
167,0.3066155497953013,0.355503023061084,0.225,0.11288142714361468,0.1909289408181074,1.1180056605580495,-0.20513922440156251,-0.17748880619354993,0.01360272939758924,3
168,0.27499999999999997,0.362006362872701,0.2511162273284154,0.11187740979888358,0.17862258405808573,1.0745076103735667,-0.19999012793701887,-0.17522201437586818,0.010742894132396435,3
169,0.30775677741704643,0.3564766343888554,0.2589931625201168,0.07677342567398142,0.19225015663087053,1.1029102628607803,-0.20197182829891613,-0.17948086733961102,0.014039210543657784,3
170,0.27588079924151687,0.34604839438674173,0.25994978710333705,0.11812101926840438,0.18264877304062432,1.0796503955825816,-0.20577679655599135,-0.17901024403766752,0.011759598083729946,3
171,0.2996458747683562,0.3516999641944194,0.2545846836322772,0.09406947740494716,0.1897454372444105,1.1058361295005927,-0.20513922440156263,-0.17693837986404937,0.01336606568822109,3
172,0.31463495864703617,0.3371148428880391,0.2665799099381093,0.08167028852681531,0.18955654985924864,1.0962529537517909,-0.20197182829891613,-0.17756179245546702,0.013388910687603705,3
173,0.2788500441336015,0.3659769428121039,0.2451409834069075,0.11003202964738712,0.18157586672362136,1.0900345185815778,-0.19999012793701887,-0.17522201437586818,0.011392802645862628,3
174,0.2923763956166905,0.3382870646408309,0.2615297017634705,0.1078068379790081,0.1882787488029538,1.102084526509575,-0.20577679655599135,-0.17523182903138165,0.013025509010052378,3
175,0.2854930444844952,0.3620023966304377,0.26527017858079244,0.08723438030427462,0.17738180482810573,1.0352609910707322,-0.2084337307137648,-0.1836703413031188,0.01072813380710737,3
176,0.28903614988919424,0.3417132053222123,0.2643831504789609,0.1048674943096326,0.18835156428248423,1.0954623700774693,-0.20577679655599135,-0.1775143421923683,0.01309750709111597,3
177,0.28993589347904675,0.35006337311483754,0.25778747968852456,0.10221325371759113,0.1859546431227581,1.0849927460431135,-0.19999012793701887,-0.17522201437586818,0.012544828248087817,3
178,0.2794255849740173,0.3497974048440259,0.25664862201254013,0.11412838816941663,0.18100472674403045,1.08489971165604,-0.20577679655599135,-0.17901024403766752,0.011309868186512067,3
179,0.31775898976257055,0.3404104712829313,0.23556944771139832,0.10626109124309983,0.19334862174752243,1.1259376485919805,-0.20513922440156251,-0.17899732173400415,0.0141783172038215,3
180,0.30764438860149484,0.35303803530126904,0.23767234203291196,0.10164523406432414,0.19812452459156615,1.146888188989511,-0.20513922440156263,-0.17748880619354993,0.015227113573812913,3
181,0.29100542120157685,0.359914467868157,0.25317893771662214,0.09590117321364397,0.18641526859748403,1.0904461222863118,-0.19999012793701887,-0.17522201437586818,0.012616154969699932,3
182,0.30507177626958054,0.3339602686683619,0.271793236959274,0.08917471810278352,0.189096168851826,1.0884762761824267,-0.2077584969178886,-0.181526188487016,0.013349577868699666,3
183,0.27957298774461736,0.3549368259394493,0.2420097403992561,0.12348044591667719,0.18086214801739375,1.0857307292346547,-0.19999012793701887,-0.17522201437586818,0.011232890257366727,3
184,0.3093865845349313,0.35012932859725615,0.2606096398045015,0.07987444706331101,0.19141137459533253,1.1001577961997837,-0.20197182829891613,-0.17948086733961108,0.013843897648152402,3
185,0.2989777381438754,0.33590920674120556,0.24620432783111523,0.11890872728380378,0.19366164035890088,1.1255314727126493,-0.20513922440156263,-0.1769383798640494,0.014237905686244438,3
186,0.28224615813800735,0.34647800840623205,0.2591680362870224,0.11210779716873816,0.18318318420146062,1.0739418431262053,-0.20577679655599135,-0.17901024403766752,0.01193231173510496,3
187,0.3063497715678264,0.34232705576117517,0.24956449959581453,0.10175867307518391,0.19155981766933738,1.1067058595079178,-0.20513922440156263,-0.1769383798640494,0.013834298900869763,3
188,0.3084971814137079,0.3381741270403068,0.2705753871120568,0.08275330443392848,0.18622913165467292,1.0722194733523152,-0.20775849691788872,-0.181526188487016,0.012731538997292863,3
189,0.29531300815213035,0.36207211603620415,0.24964480194850378,0.09297007386316172,0.19176442964977802,1.1161076793576596,-0.20929755964799313,-0.1783244916128596,0.013816380269249699,3
190,0.3145468307516729,0.32780199784981884,0.2383529977887057,0.11929817360980252,0.19420654704421336,1.1229638368931256,-0.20513922440156251,-0.17899732173400415,0.014408486335845789,3
191,0.2856299920011683,0.3538114982692683,0.23969801798495427,0.12086049174460914,0.18592268327327854,1.102169106665322,-0.19999012793701887,-0.17522201437586818,0.012410484413088483,3
192,0.3008019657322191,0.3514180838279185,0.26328525344347486,0.08449469699638745,0.18431556240940328,1.074772460618184,-0.20197182829891613,-0.17948086733961102,0.012203232467934843,3
193,0.27702877081008537,0.3570819253400499,0.25089351339752286,0.11499579045234189,0.17829944552041255,1.0727589755982612,-0.19999012793701887,-0.17522201437586818,0.010670887570163684,3
194,0.299872332057381,0.3434940965510524,0.25114325902805884,0.10549031236350775,0.19041261751084693,1.1058587579431154,-0.20513922440156263,-0.17693837986404937,0.0135497772502854,3
195,0.31032590688511635,0.348051168929433,0.2556402560751579,0.0859826681102927,0.19199297905857993,1.1082249707456437,-0.20197182829891613,-0.17948086733961108,0.013932731291241288,3
196,0.2954799978752726,0.36754339959643956,0.24873645920052345,0.08824014332776431,0.19044237582216517,1.1121012127121535,-0.20929755964799313,-0.1783244916128596,0.01350670843697176,3
197,0.2995207282840189,0.34112972368036804,0.26548824484710576,0.09386130318850727,0.1848779799770499,1.077029062351024,-0.20577679655599135,-0.1808656216997169,0.012341870974493572,3
198,0.29554577479663735,0.33894452438097794,0.26092659429456705,0.10458310652781762,0.18976138419291266,1.1038837910108465,-0.20577679655599146,-0.1752318290313816,0.013389620201440501,3
199,0.2994130901609303,0.35740140377077345,0.2493357251655769,0.09384978090271932,0.1902229427069695,1.1080385646931243,-0.20513922440156263,-0.17693837986404937,0.013475591371770007,3
200,0.2999846112761097,0.3451093102298592,0.25321955227306603,0.10168652622096504,0.18995445266265332,1.1013219951460498,-0.20513922440156263,-0.17693837986404937,0.013461935948526037,3
201,0.2812750894830563,0.3295764930710693,0.26650127389905387,0.12264714354682049,0.1848692117272701,1.0855968099645843,-0.20577679655599135,-0.17669769074414524,0.01226940662910988,3
202,0.31191164219574863,0.3494165917838955,0.2443749740883337,0.09429679193202212,0.19600197072197645,1.131021708092435,-0.20513922440156263,-0.1769383798640494,0.014794125316767309,3
203,0.28727066292677983,0.3623256357672168,0.23910579307048543,0.11129790823551787,0.1875555241880449,1.1060485670247804,-0.20513922440156263,-0.17693837986404937,0.012814269283473284,3
204,0.2846578309243894,0.3696135764294107,0.2706391322485492,0.07508946039765074,0.17416447597337603,1.0139749316211524,-0.21413015820759995,-0.18581615713682567,0.010086647090758507,3
205,0.2923993242095668,0.34312583171811295,0.2524568591586859,0.11201798491363431,0.18697089309180304,1.0944134614726637,-0.19999012793701887,-0.17522201437586818,0.012741522283706471,3
206,0.2939100725052505,0.3451772307152339,0.26759211542126043,0.09332058135825515,0.183658554595459,1.0726001194519152,-0.20577679655599135,-0.18086562169971696,0.012061994992082235,3
207,0.31157240648902146,0.3480917559696701,0.26477877419379636,0.07555706334751203,0.18680742978667864,1.078814239220888,-0.20197182829891613,-0.17948086733961102,0.012817548300427141,3
208,0.2935965717959325,0.3548859800367001,0.2475248086121926,0.1039926395551748,0.18875026459471989,1.1063868779936623,-0.20513922440156263,-0.17693837986404937,0.013116807671475826,3
209,0.2969444591928059,0.35454794419825714,0.25077275532496995,0.097734841283967,0.19065105124837145,1.1052495055902725,-0.20513922440156263,-0.17693837986404937,0.013613520659366501,3
210,0.2781963491099569,0.36218013164511004,0.23957581534426853,0.12004770390066452,0.1800624009984324,1.0872723731889755,-0.19999012793701887,-0.17522201437586818,0.011021648216976355,3
211,0.27499999999999997,0.3600030621868949,0.25031485326532077,0.11468208454778436,0.17598373622875818,1.0632441828031596,-0.19999012793701887,-0.17522201437586818,0.010138267686628948,3
212,0.3201524699267777,0.32499999999999996,0.26570253648001346,0.08914499359320882,0.18919712403255473,1.0910183044170754,-0.20929658916529315,-0.1815118949513802,0.013371588841776246,3
213,0.29126497434259585,0.36309004994482647,0.262502382171982,0.08314259354059565,0.17820737696490685,1.0391676469705964,-0.21413015820759995,-0.18353364397583896,0.010914286657805135,3
214,0.2802612002192173,0.35412665027944035,0.2711219090532512,0.09449024044809118,0.1802283149684607,1.0497320041182736,-0.20577679655599135,-0.18356271109087782,0.011354778153193093,3
215,0.288237064553944,0.3583094023292939,0.2709618508634044,0.08249168225335768,0.17886268125014837,1.036785712596364,-0.2084337307137648,-0.18391734797221396,0.01110129089817685,3
216,0.30054482870965826,0.35756825903144307,0.24033314114005982,0.10155377111883884,0.1937059051060821,1.1294295817175222,-0.20513922440156263,-0.1769383798640494,0.01422357420084907,3
217,0.28863528191566984,0.3550246039385213,0.25166972592080145,0.10467038822500738,0.18701896541205887,1.0999120851876634,-0.19999012793701887,-0.17522201437586818,0.012710886877030666,3
218,0.30057663709556276,0.3710029696610653,0.2344988203019825,0.0939215729413894,0.19166100949423726,1.1023885815819223,-0.2192792546721436,-0.18220214961707695,0.01391342083924449,3
219,0.2948599704549143,0.3505001016681148,0.2572718151091389,0.09736811276783199,0.18616099181432233,1.0888990318496092,-0.19999012793701887,-0.17522201437586818,0.012567880098709015,3
220,0.2832578712886814,0.33934562943515634,0.26728773721110394,0.11010876206505828,0.18313861618161376,1.0759939365901559,-0.20577679655599135,-0.17789887829000695,0.011901130727175677,3
221,0.3009998910503941,0.34457403187380875,0.24821926324053803,0.1062068138352591,0.19246264431609683,1.1158458676580445,-0.20513922440156263,-0.17693837986404937,0.014002449687812404,3
222,0.29300918820505384,0.3442482268780974,0.25995904152532406,0.10278354339152468,0.18707501450923347,1.0932352924941724,-0.19999012793701887,-0.17522201437586818,0.012773607848120457,3
223,0.30831197693653334,0.3510984822928949,0.23598463010527745,0.10460491066529423,0.19725636754945097,1.141345178281363,-0.20513922440156263,-0.17748880619354993,0.01504496764984353,3
224,0.28356419296226193,0.34730837446318025,0.263969426036647,0.10515800653791081,0.18394676009261524,1.072897088815736,-0.20577679655599135,-0.18021143158352923,0.01213677464172968,3
225,0.29121466784592753,0.37026351080851166,0.23358951936781933,0.10493230197774148,0.1873840825323858,1.0959007297932162,-0.20929755964799313,-0.17887491794236018,0.012849128909099885,3
226,0.31620973525076507,0.359012101826008,0.24839421352672852,0.07638394939649835,0.19491827629018532,1.1148081418304374,-0.20197182829891613,-0.17948086733961102,0.014630998672640262,3
227,0.30030602228808245,0.3418326253020704,0.2687102457268989,0.08915110668294816,0.18653665645852224,1.081753611490717,-0.20577679655599135,-0.1808656216997169,0.012733810682347965,3
228,0.29358373185989617,0.3400634199193249,0.2590877801663588,0.10726506805442008,0.1875439622036108,1.095314002311969,-0.20577679655599135,-0.17715090391552568,0.012891809123355767,3
229,0.27758280179056233,0.3521213712875884,0.2591870769395234,0.11110874998232577,0.1795716061824657,1.0650234828102074,-0.20577679655599135,-0.17901024403766752,0.01106952280145763,3
230,0.325,0.35074726267766476,0.23730072143209274,0.08695201589024247,0.19525977784107784,1.1156255650881164,-0.20513922440156263,-0.17966060174393084,0.014717314875337607,3
231,0.32060367500872183,0.363259665090262,0.2353627269871307,0.08077393291388546,0.19450153176286977,1.1188282356733117,-0.20197182829891602,-0.1764330074926678,0.01448000299164144,3
232,0.286018053450749,0.35675376815351556,0.24327256640016784,0.11395561199556754,0.18470816464158712,1.0948112498560763,-0.19999012793701887,-0.17522201437586818,0.012152904890229266,3
233,0.31260518846876917,0.35062199392929055,0.24368490523925224,0.09308791236268803,0.19508095895076916,1.1260988562831655,-0.20513922440156263,-0.1769383798640494,0.014594325723841669,3
234,0.2957482668057193,0.3325603956380581,0.27068777819914996,0.10100355935707257,0.18254409951484507,1.0608123317704028,-0.20577679655599135,-0.1808656216997169,0.01187015794929185,3
235,0.3154063119742526,0.3517161933299823,0.25765948877543965,0.0752180059203254,0.19271177716466026,1.10738952155453,-0.20197182829891613,-0.17948086733961102,0.014124164319949912,3
236,0.28689559398550385,0.36645442843327847,0.2449524570674322,0.10169752051378543,0.18760433151314482,1.1185119035251396,-0.19999012793701887,-0.17522201437586818,0.012743378625290602,3
237,0.3104162788975414,0.34395658879971,0.24734111526236435,0.09828601704038425,0.19741021087562505,1.1363124190644258,-0.20513922440156263,-0.1769383798640494,0.015113725943292715,3
238,0.27890163484132136,0.3510420566696628,0.26109036539777297,0.10896594309124283,0.1797754587634086,1.0582990051748218,-0.20577679655599135,-0.18021143158352923,0.01116906187298865,3
239,0.2808554801319052,0.3450036888519018,0.275,0.09914083101619295,0.17886670273713,1.0531194703593325,-0.20577679655599135,-0.17789887829000695,0.010953774773274501,3
240,0.31817480559695405,0.34515393297329605,0.2435896033562983,0.09308165807345156,0.1939958598285616,1.122220331940873,-0.20513922440156263,-0.17693837986404937,0.01434611696847833,3
241,0.2937771018698174,0.3473284174788758,0.251296694188908,0.10759778646239881,0.18821559384570064,1.100123026205074,-0.19999012793701887,-0.17522201437586818,0.013019861394749924,3
242,0.2914404282895374,0.3607683146648797,0.22814594230448015,0.1196453147411027,0.1813895268051593,1.0667389134756158,-0.20513922440156251,-0.17748880619354993,0.011519518508056067,3
243,0.27977452683662224,0.3690577799400439,0.22959485782946576,0.1215728353938681,0.18276159212933796,1.0928411533996611,-0.19999012793701887,-0.17293048604687652,0.01166462224782059,3
244,0.2937667052905159,0.36342230779294005,0.24259412419223766,0.10021686272430631,0.1923091874204237,1.122787539525034,-0.20513922440156263,-0.1769383798640494,0.013912616455356205,3
245,0.2946914747113576,0.34516389966589445,0.23648103997037256,0.12366358565237534,0.18255044219639704,1.0755007023079926,-0.20513922440156263,-0.1769383798640494,0.01175003244783753,3
246,0.2946242981132224,0.3516283675980176,0.2681505404311197,0.0855967938576403,0.18022097841303109,1.050483838584831,-0.20577679655599135,-0.18278469658386096,0.011342778788640775,3
247,0.2924301596625643,0.33132686706793235,0.2528440796294772,0.12339889364002617,0.18894601449947657,1.1032203240124923,-0.20577679655599135,-0.1752318290313816,0.013190501661061272,3
248,0.3030240293811275,0.375,0.22938845319043935,0.09258751742843313,0.19232755058974105,1.1020859586876013,-0.2192792546721436,-0.182202149617077,0.014086428793306925,3
249,0.2990120926642267,0.32499999999999996,0.2540106027950857,0.1219773045406876,0.1902073426901818,1.1103615094075245,-0.2109258930205351,-0.17694819451956287,0.013468517086469435,3
250,0.27852588188789923,0.37362079007168547,0.23278034066813144,0.11507298737228379,0.1826818397994887,1.0842921619084964,-0.21413015820759995,-0.17859801034717004,0.01173193350284179,3
251,0.299024305631432,0.37296845509195353,0.24317927958675814,0.0848279596898563,0.19089253595821454,1.0964039396619272,-0.21611185856949722,-0.1841942107631381,0.01376123779838418,3
252,0.29822290063828183,0.33862758045153185,0.2626224117860294,0.10052710712415688,0.19117515567330656,1.109306248031561,-0.20577679655599135,-0.1752318290313816,0.013713185396444961,3
253,0.3224728251334339,0.35543439642662356,0.23506515123252822,0.08702762720741433,0.19588361015230293,1.1193923846894867,-0.20513922440156263,-0.17966060174393084,0.014848629527205203,3
254,0.298544863484296,0.3539750675868474,0.2692748168498632,0.07820525207899338,0.1809250294574012,1.0501220052919127,-0.20197182829891613,-0.18176338050059773,0.011522417993586725,3
255,0.3068919282078022,0.349078788900894,0.24631538768872904,0.09771389520257473,0.1949665442849633,1.1212523858895014,-0.20513922440156263,-0.1769383798640494,0.014601530333901443,3
