ticker_recuperado_10k,tiingo_ticker_recuperado_cubre_ventana,fecha,cik,sigue_presentando_18m,nombre,tickers_sec_actuales,ticker_sec_actual,10k_previo,tiingo_ticker_actual_cubre_ventana
NVLS,False,2012-06-30,0000836106,False,NOVELLUS SYSTEMS INC,,False,True,False
SONO,False,2012-06-30,0001055355,False,SONOSITE INC,,False,True,False
LOOP,False,2012-06-30,0001353209,False,"LoopNet, Inc.",,False,True,False
,False,2012-06-30,0000015393,False,BUREAU OF NATIONAL AFFAIRS INC,,False,True,False
,False,2012-06-30,0000859139,False,"DELPHI FINANCIAL GROUP, INC.",,False,True,False
ALKS,True,2012-06-30,0000874663,False,ALKERMES INC,,False,True,False
CHSI,False,2012-06-30,0001090403,False,"CATALYST HEALTH SOLUTIONS, INC.",,False,True,False
,False,2012-06-30,0000216085,False,HAVERTY FURNITURE COMPANIES INC,"HVT,HVT-A",True,True,True
DUF,True,2012-06-30,0001397821,False,Duff & Phelps Corp,,False,True,False
KNOL,False,2012-06-30,0001096788,False,KNOLOGY INC,,False,True,False
TNB,False,2012-06-30,0000097854,False,THOMAS & BETTS CORP,,False,True,False
CLWR,True,2012-06-30,0001442505,False,Clearwire Corp /DE,,False,True,False
SOA,False,2012-06-30,0001043382,False,SOLUTIA INC,,False,True,False
CHRS,False,2012-06-30,0000019353,False,CHARMING SHOPPES INC,,False,True,False
,False,2012-06-30,0001227265,False,CERES ORION L.P.,,False,True,False
,False,2012-06-30,0000093384,False,STANDARD MICROSYSTEMS CORP,,False,True,False
NST,False,2012-06-30,0001035675,False,NSTAR/MA,,False,True,False
STEI,True,2012-06-30,0000878522,False,STEWART ENTERPRISES INC,,False,True,False
,False,2012-06-30,0000820237,False,GEN PROBE INC,,False,True,False
,False,2012-06-30,0000072020,False,NICOR INC,,False,True,False
,False,2012-06-30,0001364560,False,"Helix Wind, Corp.",,False,True,False
,False,2012-06-30,0000043920,False,"GREIF, INC","GEF,GEF-B",True,True,True
CV,False,2012-06-30,0000018808,False,CENTRAL VERMONT PUBLIC SERVICE CORP,,False,True,False
MRX,True,2012-06-30,0000859368,False,MEDICIS PHARMACEUTICAL CORP,,False,True,False
SFSF,False,2012-06-30,0001402305,False,"SuccessFactors, Inc.",,False,True,False
MITI,False,2012-06-30,0001131907,False,"MICROMET, INC.",,False,True,False
,False,2012-06-30,0000862510,False,TRANSATLANTIC HOLDINGS INC,,False,True,False
ATPG,False,2012-06-30,0001123647,False,ATP OIL & GAS CORP,,False,True,False
PFCB,False,2012-06-30,0001039889,False,P F CHANGS CHINA BISTRO INC,,False,True,False
ZOLL,False,2012-06-30,0000887568,False,ZOLL MEDICAL CORP,,False,True,False
,False,2012-06-30,0000003570,True,"Cheniere Energy, Inc.",LNG,True,True,True
,False,2012-06-30,0001216596,True,NORTEK INC,,False,True,False
,False,2012-06-30,0001569994,True,"Waterstone Financial, Inc.",WSBF,True,False,True
,False,2012-06-30,0000088941,True,SEMTECH CORP,SMTC,True,True,True
ANSS,True,2012-06-30,0001013462,True,ANSYS INC,,False,True,False
,False,2012-06-30,0000869187,True,BALTIA AIR LINES INC,,False,True,False
WBC,True,2012-06-30,0001390844,True,WABCO Holdings Inc.,,False,True,False
MCP,True,2012-06-30,0001489137,True,"Molycorp, Inc.",,False,True,False
,False,2012-06-30,0000917520,True,INTEGRA LIFESCIENCES HOLDINGS CORP,IART,True,True,True
,False,2012-06-30,0000095552,True,SUPERIOR INDUSTRIES INTERNATIONAL INC,,False,True,False
,False,2012-06-30,0000723612,True,"AVIS BUDGET GROUP, INC.",CAR,True,True,True
AVX,True,2012-06-30,0000859163,True,AVX Corp,,False,True,False
,False,2012-06-30,0000824142,True,"AAON, INC.",AAON,True,True,True
,False,2012-06-30,0000928054,True,FLOTEK INDUSTRIES INC/CN/,FTK,True,True,True
,False,2012-06-30,0001159036,True,"HALOZYME THERAPEUTICS, INC.",HALO,True,True,True
,False,2012-06-30,0001140536,True,WILLIS TOWERS WATSON PLC,WTW,True,True,False
,False,2012-06-30,0001066923,True,Future FinTech Group Inc.,FTFT,True,True,True
NVE,False,2012-06-30,0000741508,True,"NV ENERGY, INC.",,False,True,False
,False,2012-06-30,0001377630,True,"National CineMedia, Inc.",NCMI,True,True,True
LTM,True,2012-06-30,0001076195,True,"LIFE TIME FITNESS, INC.",,False,True,False
,False,2012-06-30,0000051548,True,INTERNATIONAL SPEEDWAY CORP,,False,True,False
,False,2012-06-30,0000006494,True,ANDREA ELECTRONICS CORP,,False,True,False
TNS,True,2012-06-30,0001268671,True,TNS INC,,False,True,False
,False,2012-06-30,0001289877,True,SFL Corp Ltd.,SFL,True,False,True
RDEN,True,2012-06-30,0000095052,True,ELIZABETH ARDEN INC,,False,True,False
ARNA,True,2012-06-30,0001080709,True,ARENA PHARMACEUTICALS INC,,False,True,False
,False,2012-06-30,0001411494,True,"Apollo Asset Management, Inc.",,False,True,False
,False,2012-06-30,0000750577,True,HANCOCK WHITNEY CORP,"HWC,HWCPZ",True,True,True
,False,2012-06-30,0000795266,True,KB HOME,KBH,True,True,True
,False,2012-06-30,0000910606,True,REGENCY CENTERS CORP,"REG,REGCO,REGCP",True,True,True
,False,2017-06-30,0001648955,False,Capitol Acquisition Corp. III,,False,True,False
,False,2017-06-30,0001690769,False,"Alta Mesa Resources, Inc. /DE",,False,False,False
,False,2017-06-30,0001375365,False,"Super Micro Computer, Inc.","SMCI,SMCIP",True,True,True
CYNO,False,2017-06-30,0000885306,False,CYNOSURE INC,,False,True,False
,False,2017-06-30,0001369817,False,"OneBeacon Insurance Group, Ltd.",,False,True,False
APFH,False,2017-06-30,0001669792,False,"AdvancePierre Foods Holdings, Inc.",,False,True,False
BNCN,False,2017-06-30,0001210227,False,BNC BANCORP,,False,True,False
,False,2017-06-30,0000092416,False,SOUTHWEST GAS CORP,,False,True,False
AIRM,False,2017-06-30,0000816159,False,AIR METHODS CORP,,False,True,False
PNRA,False,2017-06-30,0000724606,False,PANERA BREAD CO,,False,True,False
ELNK,False,2017-06-30,0001102541,False,"EarthLink Holdings, LLC",,False,True,False
FIG,True,2017-06-30,0001380393,False,Fortress Investment Group LLC,,False,True,False
MB,True,2017-06-30,0001458962,False,"MINDBODY, Inc.",,False,True,False
,False,2017-06-30,0001562039,False,"CST BRANDS, LLC",,False,True,False
PVTB,False,2017-06-30,0000889936,False,"PRIVATEBANCORP, INC",,False,True,False
,False,2017-06-30,0001479014,False,Healthway Shopping Network,,False,True,False
CEB,False,2017-06-30,0001066104,False,CEB Inc.,,False,True,False
DK,True,2017-06-30,0001351541,False,"Delek US Energy, Inc.",,False,True,False
,False,2017-06-30,0001415336,False,Zeltiq Aesthetics Inc,,False,True,False
,False,2017-06-30,0001305014,False,ASHLAND LLC,,False,True,False
OZRK,True,2017-06-30,0001038205,False,BANK OF THE OZARKS INC,,False,True,False
EQY,False,2017-06-30,0001042810,False,"EQUITY ONE, INC.",,False,True,False
,False,2017-06-30,0001065865,False,JANUS CAPITAL GROUP INC,,False,True,False
CFNL,False,2017-06-30,0001060523,False,CARDINAL FINANCIAL CORP,,False,True,False
AWH,False,2017-06-30,0001163348,False,"Allied World Assurance Co Holdings, GmbH",,False,True,False
SBY,False,2017-06-30,0001557255,False,Silver Bay Realty Trust Corp.,,False,True,False
COFI,True,2017-06-30,0001201135,False,CREDIT ONE FINANCIAL INC,,False,True,False
SCAI,False,2017-06-30,0001411574,False,"Surgical Care Affiliates, Inc.",,False,True,False
CLC,False,2017-06-30,0000020740,False,CLARCOR INC.,,False,True,False
PKY,True,2017-06-30,0001677761,False,"Parkway, Inc.",,False,True,False
,False,2017-06-30,0000879526,True,WABASH NATIONAL Corp,WNC,True,True,True
,False,2017-06-30,0001420800,True,Enovis CORP,ENOV,True,True,True
,False,2017-06-30,0000889900,True,PATTERSON UTI ENERGY INC,PTEN,True,True,True
,False,2017-06-30,0001660734,True,Triton International Ltd,"TRTN-PA,TRTN-PB,TRTN-PC,TRTN-PD,TRTN-PE,TRTN-PF,TRTN-PG",True,True,False
,False,2017-06-30,0001538849,True,CrossAmerica Partners LP,CAPL,True,True,True
,False,2017-06-30,0001411342,True,Ellington Financial Inc.,"EFC,EFC-PB,EFC-PC,EFC-PD",True,True,True
,False,2017-06-30,0001477449,True,"Teladoc Health, Inc.",TDOC,True,True,True
HAYN,True,2017-06-30,0000858655,True,HAYNES INTERNATIONAL INC,,False,True,False
,False,2017-06-30,0000095029,True,STURM RUGER & CO INC,RGR,True,True,True
WAIR,True,2017-06-30,0001378718,True,"Wesco Aircraft Holdings, Inc",,False,True,False
,False,2017-06-30,0000926282,True,"ADTRAN Holdings, Inc.",ADTN,True,True,True
,False,2017-06-30,0001364250,True,Douglas Emmett Inc,DEI,True,True,True
,False,2017-06-30,0000906553,True,BOYD GAMING CORP,BYD,True,True,True
,False,2017-06-30,0001192448,True,GLAUKOS Corp,GKOS,True,True,True
,False,2017-06-30,0001559865,True,"EVERTEC, Inc.",EVTC,True,True,True
,False,2017-06-30,0001070412,True,CNX Resources Corp,CNX,True,True,True
,False,2017-06-30,0000886744,True,GERON CORP,GERN,True,True,True
,False,2017-06-30,0001056943,True,PEOPLES FINANCIAL SERVICES CORP.,PFIS,True,True,True
,False,2017-06-30,0001109242,True,HANMI FINANCIAL CORP,HAFC,True,True,True
,False,2017-06-30,0000790359,True,NBT BANCORP INC,NBTB,True,True,True
LORL,True,2017-06-30,0001006269,True,LORAL SPACE & COMMUNICATIONS INC.,,False,True,False
,False,2017-06-30,0001419806,True,RARE ELEMENT RESOURCES LTD,REEMF,True,True,True
,False,2017-06-30,0001355096,True,"Old QVC Group, Inc.",QVCAQ,True,True,True
,False,2017-06-30,0001050377,True,PC CONNECTION INC,CNXN,True,True,True
,False,2017-06-30,0000898174,True,REINSURANCE GROUP OF AMERICA INC,"RGA,RZC",True,True,True
RVNC,True,2017-06-30,0001479290,True,"Revance Therapeutics, Inc.",,False,True,False
,False,2017-06-30,0001234006,True,GLADSTONE COMMERCIAL CORP,"GOOD,GOODN,GOODO",True,True,True
,False,2017-06-30,0001579471,True,Invitation Homes,,False,True,False
SBGI,True,2017-06-30,0000912752,True,"Sinclair Broadcast Group, LLC",,False,True,False
,False,2017-06-30,0001043509,True,SONIC AUTOMOTIVE INC,SAH,True,True,True
,False,2022-06-30,0001829558,False,ARCTOS NORTHSTAR ACQUISITION CORP.,,False,True,False
NSTB.U,False,2022-06-30,0001834518,False,Northern Star Investment Corp. II,,False,True,False
EVOP,True,2022-06-30,0001704596,False,"EVO Payments, Inc.",,False,True,False
,False,2022-06-30,0001838238,False,Pine Technology Acquisition Corp.,,False,True,False
PCPC.U,False,2022-06-30,0001824993,False,Periphas Capital Partnering Corp,,False,True,False
SNRHU,True,2022-06-30,0001823854,False,Senior Connect Acquisition Corp. I,,False,True,False
PSTH,False,2022-06-30,0001811882,False,"Pershing Square Tontine Holdings, Ltd.",,False,True,False
NAACU,True,2022-06-30,0001830063,False,North Atlantic Acquisition Corp,,False,True,False
ZGNX,False,2022-06-30,0001375151,False,"ZOGENIX, INC.",,False,True,False
,False,2022-06-30,0001819035,False,"Metromile, LLC",,False,True,False
VYGG.U,False,2022-06-30,0001822877,False,Vy Global Growth,,False,True,False
WLL,False,2022-06-30,0001255474,False,Whiting Holdings LLC,,False,True,False
,False,2022-06-30,0001836190,False,Queen's Gambit Growth Capital,,False,True,False
,False,2022-06-30,0001823034,False,Hudson Executive Investment Corp. III,,False,True,False
XM,True,2022-06-30,0001747748,False,Qualtrics International Inc.,,False,True,False
PNTM.U,False,2022-06-30,0001830392,False,Pontem Corp,,False,True,False
SGFY,True,2022-06-30,0001828182,False,"Signify Health, Inc.",,False,True,False
PACXU,True,2022-06-30,0001829797,False,Pioneer Merger Corp.,,False,True,False
NDACU,True,2022-06-30,0001837067,False,NightDragon Acquisition Corp.,,False,True,False
POSH,True,2022-06-30,0001825480,False,"Poshmark, Inc.",,False,True,False
MFS,False,2022-06-30,0001650962,False,"Welbilt, Inc.",,False,True,False
KBAL,True,2022-06-30,0000055772,False,KIMBALL INTERNATIONAL INC,,False,True,False
BDSI,False,2022-06-30,0001103021,False,BIODELIVERY SCIENCES INTERNATIONAL INC,,False,True,False
HT,True,2022-06-30,0001063344,False,HERSHA HOSPITALITY TRUST,,False,True,False
,False,2022-06-30,0000048039,False,HollyFrontier Corp,,False,True,False
TSC,False,2022-06-30,0001380846,False,"TriState Capital Holdings, Inc.",,False,True,False
RETA,True,2022-06-30,0001358762,False,REATA PHARMACEUTICALS INC,,False,True,False
,False,2022-06-30,0001818787,False,Primavera Capital Acquisition Corp.,,False,True,False
,False,2022-06-30,0001825249,False,CF ACQUISITION CORP. IV,,False,True,False
KRA,False,2022-06-30,0001321646,False,Kraton Corp,,False,True,False
,False,2022-06-30,0001856437,True,Victoria's Secret & Co.,VSXY,True,True,False
,False,2022-06-30,0001832466,True,"Alignment Healthcare, Inc.",ALHC,True,True,True
,False,2022-06-30,0000028823,True,"DIEBOLD NIXDORF, Inc",DBD,True,True,False
TEN,True,2022-06-30,0001024725,True,TENNECO INC,,False,True,False
,False,2022-06-30,0001361658,True,Travel & Leisure Co.,TNL,True,True,True
AGR,True,2022-06-30,0001634997,True,"Avangrid, Inc.",,False,True,False
DS,False,2022-06-30,0001175483,True,Drive Shack Inc.,,False,True,False
,False,2022-06-30,0001580345,True,TriplePoint Venture Growth BDC Corp.,TPVG,True,True,True
,False,2022-06-30,0000807882,True,JACK IN THE BOX INC,JACK,True,True,True
,False,2022-06-30,0000780571,True,"ITRON, INC.",ITRI,True,True,True
,False,2022-06-30,0001441236,True,Clearwater Paper Corp,CLW,True,True,True
,False,2022-06-30,0001071255,True,NEW ROYAL HOLDCO I INC.,GDEN,True,True,True
,False,2022-06-30,0000066004,True,MIDDLESEX WATER CO,"MSEX,MSEXP",True,True,True
,False,2022-06-30,0001759425,True,"Mirum Pharmaceuticals, Inc.",MIRM,True,True,True
,False,2022-06-30,0001845437,True,Net Power Inc.,"NPWR,NPWR-WT",True,True,False
,False,2022-06-30,0000914475,True,NEUROCRINE BIOSCIENCES INC,NBIX,True,True,True
,False,2022-06-30,0001802768,True,Royalty Pharma plc,RPRX,True,True,True
,False,2022-06-30,0000796505,True,"Clearfield, Inc.",CLFD,True,True,True
,False,2022-06-30,0000949157,True,CENTURY ALUMINUM CO,CENX,True,True,True
,False,2022-06-30,0000023194,True,COMSTOCK RESOURCES INC,CRK,True,True,True
,False,2022-06-30,0001326200,True,GENCO SHIPPING & TRADING LTD,GNK,True,True,True
,False,2022-06-30,0001801170,True,"CLOVER HEALTH INVESTMENTS, CORP. /DE",CLOV,True,True,True
GBT,True,2022-06-30,0001629137,True,"Global Blood Therapeutics, Inc.",,False,True,False
FSNB.U,False,2022-06-30,0001840225,True,Fusion Acquisition Corp. II,,False,True,False
,False,2022-06-30,0001674862,True,ASHLAND INC.,ASH,True,True,True
ACCD,True,2022-06-30,0001481646,True,"Accolade, Inc.",,False,True,False
,False,2022-06-30,0001043509,True,SONIC AUTOMOTIVE INC,SAH,True,True,True
,False,2022-06-30,0001349436,True,SANDRIDGE ENERGY INC,SD,True,True,True
,False,2022-06-30,0000913241,True,"STEVEN MADDEN, LTD.",SHOO,True,True,True
,False,2022-06-30,0001451505,True,Transocean Ltd.,RIG,True,True,True
