cik,public_float,float_date,sigue_presentando_18m
0000859737,5549871525.0,2012-03-24,True
0001004440,7621809578.0,2011-06-30,False
0001066107,15556156330.0,2011-06-30,False
0000031277,17500000000.0,2011-06-30,True
0000891456,5300000000.0,2011-12-31,True
0001316631,12300000000.0,2012-06-30,False
0000874016,921543946.0,2011-07-02,True
0001453090,8000000000.0,2012-06-30,True
0000888228,17538123334.0,2012-06-29,True
0001130385,1199000000.0,2012-06-30,True
0001023131,2629859159.0,2012-06-30,True
0001301063,1300000000.0,2012-06-30,True
0000837173,2800000000.0,2012-06-30,True
0000020171,19297403749.0,2012-06-30,True
0000945436,500296911.0,2012-06-30,True
0000038079,857155481.0,2012-06-29,True
0000751652,3700000000.0,2012-06-30,True
0001056239,7100000000.0,2012-06-29,True
0001126294,2965277584.0,2011-06-30,True
0000936402,16000000000.0,2012-06-30,True
0000277595,3193878000.0,2012-06-30,True
0000708819,2600000000.0,2012-06-30,True
0001022646,3528103567.0,2012-06-30,True
0001058057,5617000000.0,2011-07-29,True
0001168054,4600000000.0,2012-06-30,True
0000808362,17960459000.0,2012-06-30,True
0001306830,4829670405.0,2012-06-30,True
0001037676,1400000000.0,2012-06-30,True
0000097216,1899000000.0,2012-06-30,True
0000910073,5300000000.0,2012-06-30,True
0000081061,8618027000.0,2012-06-29,True
0001001838,5091000000.0,2012-06-30,True
0001451505,16100000000.0,2012-06-30,True
0000718877,4910586488.0,2012-06-29,True
0000088205,3235230700.0,2012-06-29,True
0000901491,830924589.0,2012-06-24,True
0000931148,1231000000.0,2012-06-29,True
0000883984,674123796.0,2012-06-30,True
0001201792,536000000.0,2012-06-30,True
0001121788,4625690840.0,2012-06-30,True
0000067716,4080627732.0,2012-06-30,True
0001357615,3600000000.0,2012-06-29,True
0001001082,5900000000.0,2012-06-30,True
0000889900,2200000000.0,2012-06-29,True
0001037868,8100000000.0,2012-06-29,True
0000896262,316344764.0,2012-06-30,True
0001355096,9100000000.0,2012-06-30,True
0000314808,9156830000.0,2012-06-30,True
0001043219,16318867645.0,2012-06-30,True
0000054480,7510000000.0,2012-06-30,True
0001070423,12900000000.0,2012-06-30,True
0001144519,9064000000.0,2012-06-30,True
0001022671,2065324161.0,2012-06-30,True
0000095521,2241221551.0,2011-09-10,True
0000866374,4000000000.0,2011-09-30,True
0000008858,4476318054.0,2011-12-31,True
0000746598,1441914982.0,2012-01-31,True
0001073349,814510766.0,2011-12-31,True
0000008411,2934055290.0,2012-03-31,True
0001349436,3000000000.0,2012-06-29,True
0001002517,5300000000.0,2012-03-31,True
0000108312,2213944471.0,2012-03-30,True
0000825542,2271305320.0,2012-03-31,True
0000063296,874000000.0,2012-03-31,True
0000807882,969800000.0,2012-04-13,True
0000720005,4182729713.0,2012-03-31,True
0001126956,814739902.0,2012-03-31,True
0000356309,1826834224.0,2012-03-30,True
0000884614,3057059971.0,2012-03-31,True
0000047518,2000000000.0,2012-03-31,True
0000771497,1239067128.0,2012-04-30,True
0001102934,892790000.0,2012-03-31,True
0000814547,928946960.0,2012-03-31,True
0000794170,3797126000.0,2012-04-30,True
0000004127,5196462500.0,2012-03-30,True
0000936395,1000000000.0,2012-04-27,True
0000820237,3300000000.0,2011-06-30,False
0001060232,713100000.0,2011-07-29,True
0000801351,1788026560.0,2011-07-02,True
0001064863,3337875114.0,2011-06-30,True
0000859368,1741307794.0,2012-06-30,False
0000018937,910100000.0,2011-12-31,True
0001297067,2000000000.0,2012-06-29,True
0000916459,2580200000.0,2012-06-30,True
0001442505,607107527.0,2012-06-30,False
0001061393,981479282.0,2012-06-30,True
0000060849,1822303242.0,2012-06-30,True
0000740694,674000000.0,2012-06-29,True
0001012140,3078944469.0,2012-06-30,True
0000884629,9442846857.0,2012-06-30,True
0001429775,2101414030.0,2012-06-30,True
0000203248,4650000000.0,2011-06-30,True
0001241199,1466123534.0,2012-06-30,True
0001065049,350398812.0,2012-06-30,True
0000941138,1574040179.0,2012-06-30,True
0000820736,750700000.0,2012-06-29,True
0001135017,6359669734.0,2012-06-29,True
0001410838,3957106000.0,2012-06-29,True
0001324518,5812902304.0,2012-06-30,True
0001062530,562274000.0,2012-06-30,True
0001008817,900000000.0,2012-06-30,True
0001107332,1120026053.0,2012-06-30,True
0000863157,4816157000.0,2011-07-31,True
0001171500,1234849004.0,2012-06-29,True
0001076195,1863676443.0,2012-06-29,True
0001267097,3700000000.0,2012-06-29,True
0001316656,3299803980.0,2012-06-30,True
0001137861,597275110.0,2012-06-30,True
0000899723,615000000.0,2012-06-29,True
0000350907,1958277875.0,2012-06-29,True
0000888919,3100000000.0,2012-06-30,True
0001080099,4546565000.0,2012-06-29,True
0000923118,3006179493.0,2012-06-30,True
0000038067,2498982278.0,2011-07-31,True
0001141107,1600000000.0,2012-06-30,True
0001254419,737206510.0,2012-06-30,True
0001124827,1400000000.0,2011-07-31,True
0000872448,2814721375.0,2012-06-29,True
0001057058,3664771905.0,2012-06-30,True
0001051741,2678004640.0,2012-06-30,True
0000354869,1810181825.0,2012-06-30,True
0001424454,1500000000.0,2012-06-30,True
0000807884,1278940229.0,2012-06-30,True
0001168213,1360367647.0,2011-06-30,True
0001018003,2530502788.0,2012-06-30,True
0001020416,963574266.0,2012-06-29,True
0000895930,920000000.0,2012-06-30,True
0001107694,3748646761.0,2012-06-30,True
0000861361,4521000000.0,2012-06-29,True
0001066104,1370839873.0,2012-06-30,True
0000909281,6800000000.0,2012-06-30,True
0001145460,1472919947.0,2012-06-30,True
0000817366,1900000000.0,2012-06-30,True
0001265888,2830000000.0,2012-06-30,True
0000701853,1309000000.0,2012-06-30,True
0000057528,1299918377.0,2012-06-30,True
0000812701,789052357.0,2012-06-30,True
0001027884,3669123217.0,2012-06-30,True
0001143068,3273153264.0,2012-06-30,True
0000886035,1266700000.0,2012-06-29,True
0001348259,2077000000.0,2012-06-30,True
0000077776,987000000.0,2012-06-30,True
0001096385,2415396451.0,2012-06-30,True
0001131096,2818219399.0,2012-06-30,True
0001030749,785112928.0,2012-06-30,True
0000757011,2045374040.0,2012-06-30,True
0000793547,519726107.0,2012-06-30,True
0000108772,10287686280.0,2012-06-30,True
0000932628,1590850412.0,2012-03-31,True
0001037016,1755746287.0,2012-06-30,True
0001326428,7508045931.0,2012-06-30,True
0000805022,5000000000.0,2012-06-30,True
0001113481,1208307104.0,2012-06-29,True
0000921112,4200000000.0,2012-06-30,True
0000813920,604869143.0,2012-06-29,True
0000918160,640241039.0,2012-06-30,True
0001056386,304278552.0,2012-06-30,True
0001009672,1516456041.0,2012-06-30,True
0000052795,1477224465.0,2012-06-29,True
0000911109,643200000.0,2012-06-30,True
0000706688,1962847697.0,2012-06-29,True
0000318996,1000000000.0,2012-06-30,True
0000884217,1573000000.0,2011-07-30,True
0000890319,4400000000.0,2012-06-30,True
0001358071,9285109152.0,2011-06-30,True
0001196501,2800000000.0,2012-06-30,True
0000036047,1920591000.0,2012-06-29,True
0000828916,2928767669.0,2012-06-30,True
0001084580,1864244506.0,2012-05-31,True
0000795266,637684763.0,2012-05-31,True
0000042888,2740340210.0,2012-06-29,True
0000731012,1302211000.0,2012-06-30,True
0000931015,4888017000.0,2012-06-30,True
0000921082,2511832112.0,2012-06-30,True
0000077360,3624092524.0,2012-06-29,True
0000832101,3228621602.0,2012-06-29,True
0000049600,1494036000.0,2012-06-30,True
0000920522,5325843948.0,2012-06-30,True
0000215466,1573890754.0,2012-06-30,True
0000702325,783281468.0,2012-06-30,True
0000745308,590000000.0,2012-06-30,True
0001178670,532319660.0,2012-06-30,True
0001035201,774000000.0,2012-06-30,True
0000105634,1258000000.0,2012-06-30,True
0000728535,5400000000.0,2012-06-29,True
0000105770,1717810617.0,2012-06-30,True
0001029199,845100000.0,2012-06-30,True
0001025996,2382187648.0,2012-06-30,True
0001094285,2200000000.0,2012-06-29,True
0000895417,2643889000.0,2012-06-30,True
0000790816,1744730587.0,2012-06-29,True
0000851968,3405699879.0,2012-06-29,True
0001025378,1300000000.0,2012-06-30,True
0001047127,330500000.0,2012-06-30,True
0000894315,3500000000.0,2012-06-30,True
0001121484,3341802313.0,2012-06-29,True
0001336047,2271253694.0,2012-06-30,True
0000906345,5493647249.0,2012-06-30,True
0001000753,690000000.0,2011-06-30,True
0000749251,3900309164.0,2012-06-30,True
0000310142,1802797132.0,2012-06-30,True
0001333141,14697813000.0,2012-06-30,True
0000906163,4130615000.0,2012-06-30,True
0000036029,1030000000.0,2012-06-30,True
0000916076,1675436621.0,2012-06-29,True
0000876167,1200000000.0,2012-05-31,True
0001180262,4046000000.0,2012-06-30,True
0001289848,709200000.0,2012-06-30,True
0001047340,899674947.0,2012-06-29,True
0000038725,1165984575.0,2012-06-30,True
0000311094,1248315696.0,2012-06-30,True
0001171486,1300000000.0,2012-06-30,True
0000876437,574000000.0,2012-06-30,True
0001255474,4845579443.0,2012-06-30,True
0000944314,1436073237.0,2012-06-30,True
0000066756,1591836880.0,2012-06-30,True
0001021561,2700000000.0,2012-06-30,True
0000099780,1938900000.0,2012-06-30,True
0000867773,710281715.0,2011-07-03,True
0000872589,10364000000.0,2012-06-30,True
0001405495,1267153587.0,2012-06-30,True
0001161728,934122695.0,2011-12-31,True
0000075677,2713990063.0,2012-06-30,True
0000821026,795200000.0,2012-06-30,True
0001296445,389817905.0,2012-06-30,True
0000916365,5800000000.0,2012-06-29,True
0001060822,3036300705.0,2012-06-30,True
0000011544,4336925500.0,2012-06-30,True
0000766421,2500000000.0,2012-06-30,True
0001110803,9300000000.0,2011-07-03,True
0000792987,615588000.0,2012-06-30,True
0000037808,1436880288.0,2012-06-30,True
0000028823,2322293045.0,2012-06-30,True
0000719413,1349610385.0,2012-06-30,True
0001037646,4835425789.0,2012-06-30,True
0000888491,2425939178.0,2012-06-30,True
0000917273,531100000.0,2012-06-30,True
0000891014,983000000.0,2012-06-29,True
0001013934,1200000000.0,2012-06-29,True
0000851310,422694000.0,2012-06-29,True
0000899749,1827173892.0,2012-06-30,True
0001331875,4081912032.0,2012-06-30,True
0001332349,1500000000.0,2012-06-30,True
0000940942,1278187485.0,2012-06-30,True
0000929008,2497849556.0,2012-06-30,True
0000913142,1494248969.0,2011-07-03,True
0001282977,958000000.0,2012-06-30,True
0001015328,1264465519.0,2012-06-30,True
0000851205,1399855127.0,2011-07-03,True
0001070985,2887621888.0,2012-06-30,True
0000216228,1600000000.0,2012-06-30,True
0000790359,688194085.0,2012-06-30,True
0001142596,1100000000.0,2012-06-30,True
0001287865,1304203900.0,2012-06-30,True
0001128928,2952301153.0,2011-07-16,True
0000830122,447300000.0,2012-06-30,True
0000849869,2085000000.0,2012-06-29,True
0000871763,2907045895.0,2012-06-30,True
0000861459,908000000.0,2012-06-30,True
0000007789,2235635000.0,2012-06-30,True
0001364885,2604965374.0,2011-12-31,True
0000089089,2568501246.0,2012-06-30,True
0001309108,2361789741.0,2012-06-30,True
0001298946,1700000000.0,2012-06-15,True
0000023194,734600000.0,2012-06-30,True
0001099590,2417267953.0,2012-06-30,True
0001230245,391000000.0,2012-06-30,True
0001185348,1507062073.0,2012-06-30,True
0000775368,5631047417.0,2012-06-30,True
0000844965,538036074.0,2012-06-30,True
0000351817,778385135.0,2012-06-30,True
0000091928,1544272903.0,2012-06-30,True
0001359841,2682745394.0,2012-06-29,True
0000919012,2334798008.0,2011-07-30,True
0001317630,3500000000.0,2012-06-30,True
0000926282,1911143018.0,2012-06-30,True
0000098362,4029384828.0,2012-06-30,True
0000030697,1575521018.0,2011-07-01,True
0000225648,1800000000.0,2012-06-29,True
0000003453,1170057488.0,2012-06-30,True
0000310522,301000000.0,2012-06-30,True
0000875357,1485692992.0,2012-06-30,True
0001127703,2713894093.0,2012-06-30,True
0000910612,2972322352.0,2012-06-30,True
0001008848,524746202.0,2012-06-29,True
0001409493,2321709293.0,2012-06-30,True
0001021635,5076608581.0,2012-06-30,True
0000886835,3210000000.0,2012-06-30,True
0000935036,1713219554.0,2012-06-30,True
0001017480,1061279115.0,2011-07-29,True
0000039368,1437657442.32,2012-06-01,True
0000868671,1078136586.0,2012-06-30,True
0000040211,1800000000.0,2012-06-30,True
0000089439,1149712854.0,2012-06-30,True
0000074208,4400000000.0,2012-06-30,True
0000036146,1436000000.0,2012-06-30,True
0000078239,4387795307.0,2011-07-31,True
0001227654,2525585337.0,2012-06-30,True
0000853816,2392435000.0,2012-06-30,True
0000923796,1396363543.0,2012-06-29,True
0001224608,1800000000.0,2012-06-30,True
0000912728,922515140.0,2012-06-30,True
0001090425,2218657098.0,2012-06-29,True
0000866829,1600000000.0,2012-06-30,True
0000091767,3009037418.0,2011-07-03,True
0000763901,1633095200.0,2012-06-29,True
0000723612,1593413279.0,2012-06-30,True
0001108109,2549100980.0,2012-06-30,True
0000074303,1658584968.0,2012-06-30,True
0000908937,6943176756.0,2012-06-30,True
0000825313,1960000000.0,2011-06-30,True
0000048039,6600000000.0,2012-06-29,True
0001071739,1600000000.0,2012-06-29,True
0001042046,3300000000.0,2012-06-30,True
0000916540,1897808000.0,2012-06-30,True
0001049502,1525840465.0,2012-06-30,True
0001069202,1900000000.0,2012-06-30,True
0000078890,1101142720.0,2012-06-30,True
0001160791,797943136.0,2011-06-30,True
0001320695,2176401014.0,2012-06-29,True
0001466593,777976655.0,2012-06-30,True
0000917520,726400000.0,2012-06-30,True
0000027904,9300000000.0,2012-06-30,True
0001283630,2964531360.0,2012-06-30,True
0000945841,1797664827.0,2012-06-29,True
0001206264,1392769264.0,2012-06-30,True
0000059440,939000000.0,2012-06-30,True
0000785161,2200000000.0,2012-06-30,True
0000074260,1961665320.0,2012-06-30,True
0000813672,3021086192.0,2012-06-30,True
0000082811,2600000000.0,2011-07-02,True
0001397187,5950828701.0,2011-07-29,True
0000898174,3900000000.0,2012-06-30,True
0000874663,1372950388.0,2011-06-30,False
0000093384,464459988.0,2011-08-31,False
0000920527,999962086.0,2011-09-30,True
0000911160,1735810474.0,2011-10-01,True
0000859014,1240663604.0,2011-09-30,True
0000918386,1284348000.0,2011-09-30,True
0000091388,2900000000.0,2011-10-30,True
0000005133,753614140.0,2011-08-26,True
0000033769,987419261.0,2012-04-27,True
0000703361,532000000.0,2011-10-02,True
0001169561,1500000000.0,2011-09-30,True
0001032975,1105717128.0,2011-09-30,True
0000914025,1240169114.0,2011-10-01,True
0000708818,1910449000.0,2011-09-30,True
0000313143,1387470924.0,2011-10-01,True
0001002638,2400000000.0,2011-12-31,True
0000797721,1278327592.0,2011-09-30,True
0001300514,16976890088.0,2012-06-29,True
0000107140,2238700000.0,2011-10-31,True
0000056679,862867197.0,2011-10-31,True
0000929351,484438857.0,2011-09-30,True
0001044590,372700000.0,2012-06-29,True
0000023666,10800000000.0,2011-12-31,True
0000316793,1379394366.0,2012-03-25,True
0000350917,583969484.0,2011-12-30,True
0001082510,1791227691.0,2012-06-30,True
0001067428,15955626018.0,2011-12-31,True
0001379041,558293802.0,2012-06-30,True
0000055242,2325200000.0,2011-12-31,True
0001124804,1821664594.0,2012-06-30,True
0000842023,2000000000.0,2011-12-31,True
0001067294,1182829428.0,2012-01-27,True
0000817720,761620959.0,2012-06-30,True
0001262976,1060330759.0,2011-12-31,True
0001084765,376839000.0,2011-11-25,True
0000109563,1453338000.0,2011-12-31,True
0001089063,3529033508.0,2011-07-29,True
0000730263,1090511937.0,2012-01-31,True
0001029506,4089622561.0,2012-03-31,True
0000878522,471000000.0,2012-04-30,False
0000085704,1801230000.0,2012-04-01,True
0000102379,3211500000.0,2012-02-20,True
0001066026,3141251402.0,2012-03-31,True
0000858803,464000000.0,2012-03-31,True
0000230498,4642000000.0,2012-03-31,True
0001441634,7715427462.0,2012-04-29,True
0000805305,452000000.0,2012-04-30,True
0000909954,7413000000.0,2012-03-24,True
0000102741,3500000000.0,2012-04-27,True
0001009626,2521950135.0,2012-04-28,True
0000868725,445500000.0,2012-06-29,True
0000310568,1900000000.0,2012-03-30,True
0000033619,2144610042.0,2012-04-27,True
0001173431,4200000000.0,2012-03-30,True
0000350797,2926518921.0,2012-04-30,True
0000078460,2166959354.0,2012-04-30,True
0000068709,845189349.0,2012-06-30,True
0000808450,2000000000.0,2012-04-30,True
0000717954,890888543.0,2012-02-24,True
0000812128,956095584.0,2012-04-30,True
0000915840,328890101.0,2012-03-31,True
0001136352,1700000000.0,2012-03-30,True
0000775158,2123214322.0,2012-03-31,True
0000785786,1049500000.0,2012-03-31,True
0000936528,1769037232.0,2012-03-31,True
0001005210,1501329000.0,2012-03-24,True
0001381668,763400000.0,2012-03-31,True
0000831641,1600000000.0,2012-03-30,True
0001096752,4791244659.0,2012-03-31,True
0000933974,797115000.0,2012-03-30,True
0000794172,776516425.0,2012-03-31,True
0000016040,2685813177.0,2012-03-31,True
0000876523,1525000000.0,2012-03-31,True
0000731802,2764486845.0,2012-06-30,True
0001133470,360400000.0,2012-04-30,True
0000022444,1532054401.0,2012-02-29,True
0001417398,1435908427.0,2012-03-30,True
0001308547,1700000000.0,2012-03-30,True
0000080420,403202000.0,2012-03-31,True
0000070145,3890757000.0,2012-03-31,True
0001368458,3468394000.0,2012-03-31,True
0001140536,6321819520.0,2012-06-30,True
0000868857,2100000000.0,2012-03-31,True
0001260221,5540323145.0,2012-03-31,True
0000857005,3305095663.0,2012-03-31,True
0000046619,1718978000.0,2012-04-30,True
0000883241,2800000000.0,2012-04-30,True
0000737758,2100000000.0,2012-05-04,True
0000072331,3452129000.0,2012-04-29,True
0001423221,672023844.0,2012-04-30,True
0000810136,376906797.0,2012-04-29,True
0000003116,934248000.0,2012-06-30,True
0000003499,907163000.0,2012-06-30,True
0000007536,3496447095.0,2012-06-30,True
0000009092,510127001.0,2012-06-29,True
0000009326,939900000.0,2012-06-30,True
0000009984,1222060627.0,2012-06-29,True
0000012208,1993537912.0,2012-06-30,True
0000014930,1965641172.0,2012-06-30,True
0000018169,332407063.0,2012-06-16,True
0000018349,1446059871.0,2012-06-30,True
0000018498,1252000000.0,2011-07-30,True
0000018808,321686306.0,2011-06-30,False
0000019353,514132013.0,2011-07-30,False
0000019411,1200000000.0,2012-06-30,True
0000019584,1130047733.0,2012-06-29,True
0000019612,550100000.0,2012-06-30,True
0000019745,401300000.0,2012-06-30,True
0000022356,2949000000.0,2012-06-30,True
0000023675,1658974756.0,2012-06-29,True
0000024491,1072141898.0,2012-06-30,True
0000025232,705136928.0,2012-06-29,True
0000025445,1700765946.0,2012-06-30,True
0000026058,319000000.0,2012-06-29,True
0000026324,1400000000.0,2012-06-30,True
0000027996,1246371337.0,2012-06-30,True
0000028917,2606181433.0,2011-07-30,True
0000029002,706597363.0,2012-06-30,True
0000031978,1313087454.0,2012-06-30,True
0000034903,6700000000.0,2012-06-30,True
0000035214,408872000.0,2012-06-30,True
0000037008,353865000.0,2012-06-30,True
0000039263,3400000000.0,2012-06-30,True
0000040888,368000000.0,2012-05-31,True
0000041719,692900000.0,2012-06-30,True
0000045876,1641906000.0,2012-06-30,True
0000046195,2047629506.0,2012-06-30,True
0000048287,737504480.0,2012-06-29,True
0000048898,4215214530.0,2012-06-30,True
0000051548,667045043.92,2012-05-31,True
0000052827,5454939075.0,2012-06-30,True
0000054507,3780404248.0,2012-06-30,True
0000059527,3558724932.0,2012-06-30,True
0000060714,580000000.0,2012-06-30,True
0000061986,1534300000.0,2012-06-29,True
0000064996,1117845545.0,2012-06-29,True
0000066570,1200000000.0,2012-06-30,True
0000069488,541754413.0,2012-06-30,True
0000070866,3600000000.0,2012-06-30,True
0000071691,961000000.0,2012-06-22,True
0000071829,514900000.0,2012-06-30,True
0000072020,2500000000.0,2011-06-30,False
0000073020,1261935437.0,2012-06-30,True
0000073088,1360897000.0,2012-06-30,True
0000073756,5119355000.0,2012-06-29,True
0000075252,1945123875.0,2012-06-30,True
0000076321,519600000.0,2012-06-30,True
0000077159,333361639.0,2012-06-30,True
0000077543,454968981.0,2012-06-29,True
0000078128,3453548692.0,2012-06-30,True
0000079282,3200673955.0,2012-06-30,True
0000084246,1282418887.0,2012-06-30,True
0000084839,1412400268.0,2012-06-30,True
0000085974,1120605929.0,2012-06-30,True
0000086115,316924470.0,2012-06-30,True
0000088941,1230000000.0,2011-07-29,True
0000092416,2013502347.0,2012-06-30,True
0000096943,1915211152.0,2011-06-26,True
0000097134,732202104.0,2012-06-30,True
0000097854,2807586551.0,2011-06-30,False
0000098677,546390000.0,2012-06-29,True
0000100517,8062585445.0,2012-06-30,True
0000101382,1764827239.0,2012-06-30,True
0000102729,3217703409.0,2012-06-30,True
0000103730,1234000000.0,2012-06-30,True
0000104894,1871915973.0,2012-06-29,True
0000104918,1568836865.0,2012-06-30,True
0000105016,1873000000.0,2012-06-29,True
0000105319,1351835938.0,2012-06-29,True
0000109758,906721970.0,2012-06-30,True
0000110471,1794568939.0,2012-06-15,True
0000201461,2231286687.0,2012-06-29,True
0000215419,328793687.0,2012-06-24,True
0000216085,490283777.0,2012-06-30,False
0000230557,933516947.0,2012-06-30,True
0000277509,351678008.0,2012-06-29,True
0000313927,7700000000.0,2012-06-30,True
0000315709,1312301000.0,2012-06-30,True
0000316300,1025810000.0,2012-06-30,True
0000317771,1108958938.0,2012-06-29,True
0000350403,422364153.0,2012-06-30,True
0000350852,493300000.0,2012-06-30,True
0000350894,2700000000.0,2012-06-29,True
0000351077,679082450.0,2012-06-30,True
0000352541,5000000000.0,2012-06-30,True
0000352915,3820000000.0,2012-06-30,True
0000353230,3470086963.0,2012-06-30,True
0000353569,441723475.0,2012-06-30,True
0000354190,3717500000.0,2012-06-30,True
0000354647,1028962542.0,2012-06-30,True
0000354707,2767100181.0,2012-06-30,True
0000354963,307000000.0,2012-06-30,True
0000355429,2324425556.0,2012-06-30,True
0000355811,2918112041.0,2012-06-30,True
0000355999,1093000000.0,2012-06-30,True
0000356080,596909000.0,2012-06-30,True
0000356213,594000000.0,2012-06-30,True
0000357301,490349976.0,2012-06-30,True
0000700564,2000000000.0,2012-06-30,True
0000700733,1200000000.0,2012-06-30,True
0000700863,1881544416.0,2012-06-30,True
0000701345,2150000000.0,2012-06-30,True
0000701347,314658000.0,2012-06-30,True
0000701811,1255502358.0,2011-07-31,True
0000705432,330278517.0,2012-06-30,True
0000707179,1102329460.0,2012-06-30,True
0000714310,2000000000.0,2012-06-30,True
0000714603,1843260817.0,2012-06-30,True
0000715787,863041119.0,2012-06-29,True
0000716133,700000000.0,2012-06-30,True
0000717605,2521083397.0,2012-06-29,True
0000719739,2607341459.0,2012-06-30,True
0000719955,3804869000.0,2011-07-31,True
0000720672,1800000000.0,2012-06-30,True
0000721994,414093925.0,2012-06-30,True
0000723188,1008194666.0,2012-06-30,True
0000726728,5500000000.0,2012-06-30,True
0000729986,1185388421.0,2012-06-30,True
0000732834,3800000000.0,2012-06-30,True
0000741508,4148875605.0,2012-06-30,True
0000746838,852500000.0,2012-06-29,True
0000750004,481530742.0,2012-06-30,True
0000750577,2500000000.0,2012-06-30,True
0000751364,2999403000.0,2012-06-30,True
0000755001,359089609.0,2012-06-30,True
0000766701,1335075485.0,2012-06-29,True
0000767920,1300000000.0,2011-06-26,True
0000768899,610843292.0,2012-06-29,True
0000769520,1740873212.0,2012-06-30,True
0000773141,1200000000.0,2012-06-30,True
0000776008,533200000.0,2012-06-30,True
0000776867,3254686935.0,2012-06-30,True
0000776901,585587884.0,2012-06-30,True
0000778438,1951761127.0,2012-06-30,True
0000779152,2766705073.0,2011-12-31,True
0000780571,1616930208.0,2012-06-29,True
0000783280,3906284568.0,2012-06-30,True
0000784977,2008462492.0,2012-06-29,True
0000789460,2637197000.0,2012-06-30,True
0000789570,3200000000.0,2012-06-30,True
0000790051,3300000000.0,2012-06-30,True
0000790703,1846959416.0,2011-07-31,True
0000791915,3400000000.0,2011-07-03,True
0000792977,329200000.0,2012-06-30,True
0000792985,1930000000.0,2012-06-29,True
0000793074,1080000000.0,2012-06-30,True
0000794323,2415000000.0,2012-06-30,True
0000795403,1091827615.0,2011-07-01,True
0000798941,888367135.0,2012-06-30,True
0000798949,1089162162.0,2012-06-30,True
0000799233,655800000.0,2012-06-30,True
0000800240,608746476.0,2012-06-30,True
0000801337,1800000000.0,2012-06-29,True
0000803014,1113000000.0,2011-07-31,True
0000803649,1600000000.0,2012-06-29,True
0000805676,1032261917.0,2012-06-30,True
0000811532,1610275543.0,2012-06-29,True
0000811596,974300000.0,2012-06-30,True
0000812900,1718444249.0,2011-07-29,True
0000814184,1679746532.0,2012-06-30,True
0000814585,1530515614.0,2012-06-30,True
0000816159,1144780000.0,2012-06-30,True
0000821002,509042966.0,2011-07-31,True
0000821130,534562206.0,2012-06-30,True
0000822818,2700000000.0,2012-06-29,True
0000823094,2231564057.0,2012-06-30,True
0000827187,741776000.0,2012-06-30,True
0000827809,373918262.0,2012-06-30,True
0000831547,783502234.0,2012-06-30,True
0000832988,3709491748.0,2011-07-30,True
0000833079,1000000000.0,2012-06-29,True
0000833640,853000000.0,2012-06-30,True
0000836106,2447151390.0,2011-06-25,False
0000842162,3695323702.0,2012-06-30,True
0000845289,319236984.0,2012-06-30,True
0000850209,2660868335.0,2011-07-29,True
0000850460,408220743.0,2012-06-30,True
0000852772,340200000.0,2012-06-27,True
0000857737,1138000000.0,2012-06-30,True
0000857855,483964000.0,2012-06-30,True
0000859139,1427353193.0,2011-06-30,False
0000859598,1751994315.0,2012-06-30,True
0000860546,1700000000.0,2012-06-30,True
0000861884,3620000000.0,2012-06-30,True
0000862510,3051497917.0,2011-06-30,False
0000863436,777000000.0,2012-06-30,True
0000864749,5800000000.0,2012-06-29,True
0000866368,1229654681.0,2012-06-30,True
0000866609,1000000000.0,2012-06-29,True
0000873860,2089600176.0,2012-06-29,True
0000874015,1011059448.0,2012-06-30,True
0000874214,1309912279.0,2011-07-29,True
0000874716,5216189814.0,2012-06-30,True
0000875320,11900000000.0,2012-06-29,True
0000877212,1775843000.0,2012-06-30,True
0000877860,1333619000.0,2012-06-30,True
0000878927,1819732509.0,2012-06-29,True
0000880059,559100000.0,2011-12-31,True
0000880266,4400000000.0,2012-06-30,True
0000880285,4958091529.0,2011-12-31,True
0000881464,1225574756.0,2011-06-30,True
0000882104,925223899.0,2012-06-29,True
0000882235,2693264122.0,2011-06-30,True
0000883293,570700000.0,2012-06-30,True
0000884219,391000000.0,2012-06-30,True
0000884887,4500000000.0,2012-06-29,True
0000885245,1182934157.0,2011-07-30,True
0000885590,10315067000.0,2012-06-29,True
0000887596,1687955925.0,2011-06-28,True
0000887936,836000000.0,2012-06-30,True
0000889331,1233164821.0,2012-06-30,True
0000889936,888715703.0,2012-06-30,True
0000890564,616647781.0,2012-06-30,True
0000890926,443466331.0,2012-06-30,True
0000891103,3754179431.0,2012-06-30,True
0000892537,554861671.0,2012-06-30,True
0000892553,2029029832.0,2012-06-30,True
0000893538,3171827251.0,2012-06-29,True
0000893949,3338146800.0,2012-06-30,True
0000894405,305784915.0,2012-06-29,True
0000895655,3200000000.0,2012-06-30,True
0000896622,3275207521.0,2012-06-30,True
0000897067,1478406166.0,2012-06-30,True
0000897429,2556000000.0,2011-07-30,True
0000899715,3040628242.0,2012-06-30,True
0000899751,966000000.0,2012-06-30,True
0000901219,3085756649.0,2011-06-30,False
0000902274,309265933.0,2012-06-30,True
0000903127,2598025607.0,2012-06-30,True
0000904080,1200000000.0,2012-06-30,True
0000904163,516900000.0,2012-06-30,True
0000906709,922720854.0,2012-06-29,True
0000910108,1293326650.0,2012-06-29,True
0000910322,935000000.0,2012-06-30,True
0000910521,1592168078.0,2012-06-29,True
0000910606,4187374700.0,2012-06-30,True
0000911421,4721750491.0,2012-06-30,True
0000911635,705800000.0,2012-06-30,True
0000912183,2400000000.0,2012-06-29,True
0000912242,7800000000.0,2012-06-30,True
0000912463,2578690450.0,2011-07-30,True
0000912513,2681646197.0,2012-06-30,True
0000912595,2784477789.0,2012-06-30,True
0000912767,472281629.0,2011-12-31,True
0000913144,3557959000.0,2012-06-30,True
0000913241,2147439000.0,2012-06-30,True
0000913885,687854866.0,2012-06-30,True
0000914329,1518272557.0,2011-07-03,True
0000915913,5300000000.0,2012-06-29,True
0000916085,1976958453.0,2012-06-29,True
0000916457,5484000000.0,2012-06-30,True
0000918946,541465740.0,2011-06-30,True
0000920033,1004700000.0,2011-07-30,True
0000920371,1180927727.0,2012-06-30,True
0000920424,349526796.0,2012-06-30,True
0000921582,1366200000.0,2012-06-30,True
0000921738,2900000000.0,2012-06-30,True
0000921825,1100000000.0,2012-06-29,True
0000922475,1408596156.0,2012-06-29,True
0000922621,1800000000.0,2012-06-30,True
0000923284,643602067.0,2012-06-30,True
0000924901,2517721130.0,2012-06-30,True
0000927003,469974909.0,2012-06-30,True
0000929452,948900000.0,2012-06-29,True
0000930236,989200093.0,2012-06-30,True
0000930420,388856835.0,2012-06-29,True
0000931948,967200000.0,2012-06-29,True
0000932696,737598548.0,2012-06-29,True
0000933036,1930277142.0,2012-06-29,True
0000935494,1789299018.0,2012-06-30,True
0000937556,938100000.0,2012-06-30,True
0000941604,2100000000.0,2012-06-30,True
0000943452,3500000000.0,2012-06-30,True
0000943861,359700000.0,2012-06-30,True
0000944695,1710334422.0,2012-06-29,True
0000944809,620749562.0,2012-06-30,True
0000945394,3000000000.0,2012-06-29,True
0000947484,5110000000.0,2012-06-30,True
0000949156,437531137.0,2012-06-30,True
0000949157,377000000.0,2012-06-30,True
0000949870,1010600000.0,2012-06-30,True
0001000177,698534829.0,2012-06-30,True
0001000228,6978125000.0,2012-06-30,True
0001000229,5362838340.0,2012-06-30,True
0001000623,1000000000.0,2012-06-29,True
0001001604,451363534.0,2012-06-30,True
0001003214,315370110.0,2012-06-30,True
0001003642,1287132000.0,2012-06-30,True
0001004434,5586100782.0,2012-06-30,True
0001005409,408000000.0,2012-06-30,True
0001006269,834647604.0,2012-06-30,True
0001006892,1300000000.0,2011-06-30,True
0001008654,2999899643.0,2012-06-29,True
0001010552,1852854546.0,2012-06-29,True
0001010612,679850254.0,2012-06-29,True
0001011174,3841000000.0,2012-06-30,True
0001012019,541429901.0,2012-06-29,True
0001012569,7890000000.0,2012-06-30,True
0001012620,2084513852.0,2012-06-30,True
0001013462,4977000000.0,2012-06-30,True
0001013880,352854512.0,2012-06-30,True
0001016125,1400000000.0,2012-06-30,True
0001016169,339582000.0,2012-06-30,True
0001019737,632500000.0,2012-06-29,True
0001019849,900150690.0,2012-06-30,True
0001020710,408645383.0,2012-06-30,True
0001023313,484000000.0,2012-06-30,True
0001023362,513913200.0,2011-07-03,True
0001024725,1555669023.0,2012-06-30,True
0001026650,370226190.0,2011-06-30,False
0001030469,451300000.0,2012-06-30,True
0001031203,988400000.0,2012-06-30,True
0001033905,931105784.0,2012-06-30,True
0001034054,6200000000.0,2012-06-30,True
0001034670,5215000000.0,2012-06-30,True
0001035443,4500000000.0,2012-06-29,True
0001035675,4765507375.0,2011-06-30,False
0001036960,1770229662.0,2012-06-30,True
0001037760,2900000000.0,2012-06-30,True
0001037976,3046539810.0,2012-06-29,True
0001038074,1509894751.0,2012-06-29,True
0001040570,526600000.0,2011-06-30,True
0001040719,675800000.0,2012-06-30,True
0001040829,1203708818.0,2012-06-29,True
0001040971,6800000000.0,2012-06-30,True
0001041379,407816747.0,2011-07-10,True
0001041859,1093457810.0,2011-07-30,True
0001042810,1216190610.0,2012-06-30,True
0001042893,2638000000.0,2012-06-30,True
0001043382,2300000000.0,2011-06-30,False
0001043509,548100000.0,2012-06-30,True
0001045309,3290077932.0,2012-06-30,True
0001045450,1924736366.0,2012-06-30,True
0001046257,3793000000.0,2012-06-29,True
0001046311,1101086201.0,2012-06-30,True
0001046880,768609968.0,2011-06-30,True
0001047884,956247794.0,2012-06-29,True
0001048477,2740800000.0,2012-06-30,True
0001049108,1705111773.0,2011-06-30,True
0001051512,1725979289.0,2012-06-30,True
0001051771,447017400.0,2011-07-30,True
0001052100,2320000000.0,2012-06-30,True
0001052752,491186000.0,2012-06-30,True
0001053532,2500000000.0,2012-06-29,True
0001055160,2801000000.0,2012-06-29,True
0001056696,915229892.0,2012-06-30,True
0001057352,2200000000.0,2012-06-29,True
0001057758,3800000000.0,2012-06-30,True
0001057877,2087821219.0,2012-06-30,True
0001059262,337200000.0,2012-06-30,True
0001060749,838800000.0,2012-06-30,True
0001060990,651534373.0,2012-06-30,True
0001062047,1660693899.0,2012-06-30,True
0001063344,1000000000.0,2012-06-30,True
0001063494,613000000.0,2011-06-30,True
0001065696,4900000000.0,2012-06-30,True
0001065837,777000000.0,2012-06-30,True
0001065865,1466546863.0,2012-06-30,True
0001068717,686000000.0,2012-06-30,True
0001068851,1830000000.0,2012-06-30,True
0001069157,3309819520.0,2012-06-30,True
0001075415,3300000000.0,2011-06-30,True
0001075607,1600000000.0,2012-06-30,True
0001080034,1157219130.0,2012-06-29,True
0001082324,1483175933.0,2012-06-29,True
0001082554,2256964700.0,2012-06-30,True
0001082923,365258099.0,2012-06-30,True
0001084048,657029680.0,2012-06-30,True
0001085280,3300000000.0,2012-05-31,True
0001086600,1159989064.0,2012-06-29,True
0001086909,513000000.0,2012-06-30,True
0001088033,1300000000.0,2011-06-30,True
0001088825,1100000000.0,2011-07-31,True
0001089819,2509995974.0,2012-06-30,True
0001090403,2495074791.0,2011-06-30,False
0001091171,630000000.0,2011-07-03,True
0001091667,2800000000.0,2012-06-30,True
0001091748,732900000.0,2012-06-30,True
0001092699,373600000.0,2012-06-30,True
0001093649,769600000.0,2012-06-30,True
0001095565,509000000.0,2012-06-29,True
0001096325,1358500000.0,2012-06-29,True
0001096343,4003000000.0,2012-06-30,True
0001097149,2641311855.0,2012-06-30,True
0001097864,2337923528.0,2012-06-30,True
0001098277,676200000.0,2012-06-30,True
0001100682,1994509735.0,2011-06-25,True
0001100962,3600317403.0,2012-06-30,True
0001101215,6600000000.0,2012-06-30,True
0001101239,8400000000.0,2012-06-30,True
0001102541,773600000.0,2012-06-30,True
0001102741,304127281.0,2012-06-30,True
0001103390,347000000.0,2011-06-30,False
0001104188,993000000.0,2012-06-30,True
0001104349,412100000.0,2012-06-30,True
0001104657,470643775.0,2012-06-29,True
0001108426,1556431813.0,2012-06-29,True
0001109242,320085000.0,2012-06-30,True
0001110805,3261000000.0,2012-06-30,True
0001115055,676527063.0,2012-06-30,True
0001115836,860000000.0,2012-06-29,True
0001116942,464399238.0,2012-06-25,True
0001122976,1127110420.0,2012-06-30,True
0001124610,7458292680.0,2012-06-30,True
0001125920,1103549240.0,2012-06-29,True
0001126975,7970585707.0,2012-06-30,True
0001130258,1094758805.0,2012-06-29,True
0001130464,1400316896.0,2012-06-30,True
0001130866,1590970238.0,2012-06-30,True
0001131227,1324496502.0,2012-06-30,True
0001135711,2541493929.0,2011-12-31,False
0001141719,1940068561.0,2012-06-30,True
0001142701,367154167.0,2012-06-30,True
0001145197,956900000.0,2012-06-30,True
0001158172,545100000.0,2012-06-30,True
0001158463,1248512000.0,2012-06-30,True
0001159036,784500000.0,2012-06-30,True
0001159167,580000000.0,2012-06-30,True
0001161154,2500000000.0,2012-06-29,True
0001163348,2800000000.0,2012-06-29,True
0001165231,434352386.0,2012-06-30,True
0001165880,1040318456.0,2012-06-29,True
0001166036,5500000000.0,2012-06-30,True
0001168195,1500000000.0,2012-06-30,True
0001168696,1767715590.0,2012-06-28,True
0001170991,1500000000.0,2012-06-30,True
0001171662,432179582.0,2011-06-30,False
0001171825,7144271941.0,2012-06-30,True
0001172139,672834394.0,2012-06-30,True
0001172480,380200000.0,2012-06-29,True
0001173394,434113425.0,2012-06-30,True
0001175609,1400000000.0,2012-06-30,True
0001176334,540979685.0,2012-06-30,True
0001177702,344150662.0,2012-06-30,True
0001178970,820900000.0,2012-06-30,True
0001179755,1353454889.0,2012-06-29,True
0001179929,664300000.0,2012-06-30,True
0001182129,1320000000.0,2012-06-30,True
0001195933,653641731.0,2012-06-30,True
0001208208,595600000.0,2012-06-30,True
0001212545,477500000.0,2012-06-30,True
0001214816,3500000000.0,2012-06-30,True
0001219601,5135808121.0,2012-06-30,True
0001223389,1152000000.0,2012-01-31,True
0001223786,1087000000.0,2012-06-30,True
0001232582,535672000.0,2012-06-30,True
0001254595,583767271.0,2012-06-30,True
0001261694,772550804.0,2012-06-30,True
0001267395,2000000000.0,2012-06-30,True
0001273441,1300000000.0,2012-06-30,True
0001273813,2425375248.0,2012-06-30,True
0001273931,512200000.0,2012-06-30,True
0001276187,8600000000.0,2012-06-30,True
0001278021,934900000.0,2012-06-29,True
0001278680,9296322000.0,2012-06-30,True
0001279363,2270561000.0,2012-06-30,True
0001280058,870484845.0,2012-06-30,True
0001282637,2182719787.0,2012-06-29,True
0001282648,573000000.0,2012-06-30,True
0001289236,2857049138.0,2012-06-29,True
0001289419,1329810256.0,2012-06-30,True
0001289490,2990113517.0,2012-06-29,True
0001289592,720706000.0,2012-06-30,True
0001289877,704480424.0,2012-06-30,True
0001292653,376261717.0,2012-06-29,True
0001297401,832874903.0,2012-06-29,True
0001297996,8300000000.0,2012-06-30,True
0001301611,1500000000.0,2012-06-30,True
0001305014,5443756555.0,2012-06-30,True
0001307954,2402844866.0,2012-06-30,True
0001311370,3018126020.0,2012-06-30,True
0001315257,690300000.0,2012-06-30,True
0001315695,3086922989.0,2012-06-30,True
0001316360,3800000000.0,2012-05-31,True
0001319947,1401528576.0,2011-07-30,True
0001320414,355420609.0,2012-06-29,True
0001323854,3022000000.0,2012-06-30,True
0001325676,308335268.0,2012-06-30,True
0001326583,967844000.0,2012-06-29,True
0001326807,614300000.0,2012-06-30,True
0001327068,1349592000.0,2012-06-30,True
0001328237,5541400000.0,2012-06-30,True
0001329842,4716065500.0,2011-06-30,True
0001329919,361668760.0,2012-06-30,True
0001330568,8673242500.0,2012-06-30,True
0001330849,476000000.0,2012-06-30,True
0001331520,666600000.0,2012-06-30,True
0001332174,1176506000.0,2012-06-30,True
0001332551,431154131.0,2012-06-30,True
0001333170,870000000.0,2012-06-30,True
0001333513,1219000000.0,2012-06-30,True
0001335190,651693735.0,2012-06-30,True
0001335258,1201000000.0,2012-06-30,True
0001338613,4880664374.0,2012-06-29,True
0001338749,1288200000.0,2012-06-30,True
0001339048,1345803693.0,2012-06-30,True
0001340122,937100000.0,2012-06-29,True
0001345111,8149606413.0,2012-06-29,True
0001345126,550707370.0,2012-06-30,True
0001351541,312226915.0,2012-06-30,True
0001353209,384732733.0,2011-06-30,False
0001354513,472304284.0,2012-06-30,True
0001357326,1505063639.0,2012-06-30,True
0001360604,566767574.0,2012-06-30,True
0001361658,7498980511.0,2012-06-30,True
0001362988,707800000.0,2012-06-30,True
0001363829,873548878.0,2012-06-30,True
0001364250,3000000000.0,2012-06-29,True
0001364479,3330219187.0,2012-06-29,True
0001367064,476667356.0,2012-06-30,True
0001370946,3399539760.0,2012-06-30,True
0001374535,406300000.0,2012-06-30,True
0001376139,415507538.0,2012-06-29,True
0001376227,1162540322.0,2012-06-30,True
0001379606,510480000.0,2012-06-30,True
0001379661,2703800000.0,2012-06-29,True
0001380509,456600000.0,2012-06-30,True
0001381197,682056109.0,2011-12-31,True
0001381531,2707214110.0,2012-06-30,True
0001383082,1839944000.0,2012-06-30,True
0001384072,1332996339.0,2012-06-29,True
0001385280,2397026127.0,2012-06-29,True
0001385544,382000000.0,2012-06-30,True
0001385613,742013613.0,2012-06-30,True
0001389305,727100000.0,2011-06-30,False
0001390844,3400000000.0,2012-06-30,True
0001392972,379488618.0,2012-06-30,True
0001393818,5206100000.0,2012-06-30,True
0001398659,2217867666.0,2012-06-30,True
0001402436,855943675.0,2012-06-30,True
0001403385,1100000000.0,2012-06-30,True
0001403568,3034284000.0,2011-07-30,True
0001405073,758400000.0,2012-06-29,True
0001405277,532492649.0,2012-06-29,True
0001406587,318000000.0,2012-06-30,True
0001408075,735400000.0,2012-06-30,True
0001408198,4067628516.0,2012-06-30,True
0001410636,6044158656.0,2012-06-30,True
0001415020,550000000.0,2012-06-30,True
0001415404,1038000000.0,2012-06-29,True
0001419521,2804927954.0,2012-06-29,True
0001420302,665263305.0,2012-06-30,True
0001421461,1233587539.0,2012-06-30,True
0001430592,628510000.0,2012-06-29,True
0001455271,688808000.0,2012-06-30,True
0001462418,1269084321.0,2012-06-30,True
0001468516,2700000000.0,2012-06-30,True
0001472595,903536953.0,2012-06-30,True
0001472787,1749148774.0,2012-06-30,True
0001474735,621912000.0,2012-06-30,True
0001481506,548000000.0,2012-06-30,True
0001486159,2251698496.0,2012-06-30,True
0001487052,602000000.0,2012-06-30,True
0001496048,10500000000.0,2012-06-30,True
0001502012,618965686.0,2012-06-30,True
0001517650,415728824.0,2012-06-29,True
0000790730,8797456000.0,2011-06-04,False
0001057698,455000000.0,2011-10-31,True
0000815065,1539707782.0,2011-09-30,True
0001157377,1056578019.0,2011-09-30,True
0000866121,1789000000.0,2011-10-02,True
0000849547,375118048.0,2011-09-30,True
0000890491,476847804.0,2011-10-29,True
0000073887,1425566619.0,2011-09-30,True
0000887730,313852711.0,2011-09-30,True
0000084129,682941816.0,2011-08-27,True
0000918646,706100000.0,2011-09-30,True
0000733269,735946658.0,2011-09-30,True
0000946581,1080996000.0,2011-09-30,True
0001021162,2341000000.0,2011-09-30,True
0001443646,432268580.0,2011-09-30,True
0001289308,953580148.0,2011-10-02,True
0001324948,745859000.0,2011-10-01,True
0000876427,991909000.0,2011-09-24,True
0000033002,401000000.0,2011-08-31,True
0000915779,438325388.0,2011-10-29,True
0001041803,1307573091.0,2012-02-29,True
0000098222,2162374995.0,2011-09-30,True
0000726958,1806907000.0,2011-10-31,True
0000350077,1119590796.0,2011-12-31,True
0000097472,693660606.0,2011-11-30,True
0000320345,3698172241.0,2011-12-30,True
0000002491,1690000000.0,2011-12-30,True
0001422862,336500000.0,2011-12-31,True
0001324245,1727000000.0,2011-12-31,True
0000913077,327619125.0,2012-06-30,True
0001079577,1627941548.0,2012-06-30,True
0001305294,1600000000.0,2012-06-30,True
0000020740,2396337260.0,2012-06-02,True
0000799729,1196000000.0,2012-06-30,True
0000068270,433693351.0,2011-11-29,True
0001022705,328356042.0,2012-06-29,True
0001495479,335000000.0,2012-06-24,True
0001483195,487500000.0,2011-12-31,True
0000014195,770130016.0,2011-12-30,True
0001498301,2200000000.0,2012-01-28,True
0000743316,4181299802.0,2011-12-31,True
0000001750,699537824.0,2011-11-30,True
0000110621,3043767780.0,2011-11-30,True
0000017843,2262752126.0,2011-12-31,True
0001137789,7500000000.0,2011-12-30,True
0000860748,1700000000.0,2012-06-30,True
0000066382,1218876940.0,2011-12-03,True
0000100378,313655596.0,2011-12-30,True
0001437071,2115234583.0,2012-06-30,True
0000918965,973035756.0,2011-12-31,True
0000896841,721477000.0,2011-06-30,True
0000057515,1275242000.0,2011-12-31,True
0000716643,902940461.0,2011-12-31,True
0000085535,3501458581.0,2011-12-30,True
0000703351,1951880856.0,2011-12-28,True
0000943819,3628254662.0,2011-12-31,True
0000067215,733294688.0,2012-01-28,True
0000065011,1134000000.0,2011-12-31,True
0001383312,2772014819.0,2011-12-31,True
0000895419,2472345957.0,2011-12-23,True
0000900075,2504602111.0,2012-01-31,True
0000023197,583157000.0,2012-01-31,True
0000812011,1556458082.0,2012-01-31,True
0000820318,969097000.0,2011-12-31,True
0001020859,2172850421.0,2012-01-27,True
0000910406,1359724000.0,2011-12-31,True
0000899923,1756740004.0,2011-12-31,True
0000922358,897101276.0,2012-01-31,True
0000029644,5280285517.0,2012-01-27,True
0000108516,865736564.0,2011-11-30,True
0000866729,672608413.0,2011-11-30,True
0000016058,1412432505.0,2011-12-31,True
0000711404,4200000000.0,2012-04-30,True
0000006955,1887000000.0,2012-02-29,True
0000021510,875486753.0,2012-03-30,True
0000026076,753239287.0,2012-03-31,True
0000030831,14540993000.0,2012-03-31,True
0000043920,1601577983.0,2012-04-30,False
0000050725,494000000.0,2012-03-31,True
0000056978,904200000.0,2012-03-30,True
0000067625,368284663.0,2012-03-31,True
0000087565,735000000.0,2012-02-29,True
0000108385,818904622.0,2011-09-30,True
0000718789,984143019.0,2012-04-30,True
0000785956,764966763.0,2012-03-23,True
0000792641,619778775.0,2012-04-30,True
0000798359,608961193.0,2012-04-30,True
0000825410,496000000.0,2012-03-31,True
0000858655,607233688.0,2012-03-31,True
0000868611,469318596.0,2012-02-29,True
0000887568,968067620.0,2011-04-03,False
0000890923,308000000.0,2012-03-31,True
0000912603,1089948838.0,2012-02-29,True
0000914024,1200000000.0,2012-02-29,True
0001001115,632000000.0,2012-03-31,True
0001003078,3695330431.0,2012-02-25,True
0001013237,3598639975.0,2012-02-29,True
0001014507,2713804735.0,2012-03-31,True
0001019361,745310051.0,2012-03-30,True
0001032220,1354461804.0,2012-03-31,True
0001049782,650700000.0,2011-12-31,True
0001082526,400992309.0,2012-06-30,True
0001113256,765333392.0,2012-03-30,True
0001124941,1195897272.0,2012-03-31,True
0001144215,2634125859.0,2012-02-29,True
0001209709,579900825.0,2012-06-30,True
0001227265,1241930601.0,2011-06-30,False
0001235468,1090686912.0,2012-03-31,True
0001261654,309421000.0,2012-03-31,True
0001312073,5000000000.0,2012-04-30,True
0001323974,1050000000.0,2012-03-31,True
0001350593,514000000.0,2012-03-31,True
0001353612,578852500.0,2012-04-30,True
0001353614,653250000.0,2012-04-30,True
0001353615,380240000.0,2012-04-30,True
0001378718,359430145.0,2012-03-31,True
0001389170,1301100000.0,2012-06-29,True
0001487730,728534901.0,2012-03-29,True
0001490892,360900000.0,2012-06-29,True
0001490906,1930000000.0,2012-03-31,True
0000003570,2700000000.0,2012-06-30,True
0000004457,397855149.0,2012-06-30,True
0000005981,703000000.0,2012-06-30,True
0000006494,1990662000.0,2012-06-30,True
0000006885,505243637.0,2011-07-30,True
0000007431,651000000.0,2012-06-29,True
0000012978,431736474.0,2012-06-29,True
0000014707,415300000.0,2011-07-29,True
0000015393,404571600.0,2011-06-18,False
0000015615,852244110.0,2012-06-30,True
0000018061,553766874.0,2011-07-31,True
0000018255,771757291.0,2011-07-30,True
0000020212,777753545.0,2012-06-30,True
0000021175,770000000.0,2011-06-30,True
0000026780,1876000000.0,2012-06-29,True
0000029534,3120000000.0,2011-07-29,True
0000032689,892694285.0,2012-06-30,True
0000034782,425967467.0,2012-06-30,True
0000041023,451046891.0,2011-06-30,True
0000042682,388384369.0,2012-06-30,True
0000045919,437258000.0,2012-06-30,True
0000049754,680900000.0,2012-06-30,True
0000054381,794131195.0,2012-06-29,True
0000055135,487710754.0,2011-07-03,True
0000060519,1446786000.0,2012-06-30,True
0000065172,395961902.0,2011-07-29,True
0000070684,487461991.0,2012-06-30,True
0000072573,326198000.0,2011-07-31,True
0000075288,545181811.0,2011-07-29,True
0000077281,788000000.0,2012-06-30,True
0000077449,507481000.0,2011-07-30,True
0000077877,735547944.0,2012-06-30,True
0000080172,490468015.0,2011-06-30,True
0000081362,593424846.0,2012-06-30,True
0000082166,934229237.0,2011-07-31,True
0000084748,633906597.0,2012-06-29,True
0000088121,638968287.0,2012-06-29,True
0000090498,358288661.0,2012-06-30,True
0000094049,812371804.0,2012-06-30,True
0000095552,444026000.0,2012-06-24,True
0000096869,567793310.0,2012-06-30,True
0000097517,500056900.0,2012-06-29,True
0000101199,444700000.0,2012-06-30,True
0000103145,2057494571.0,2011-07-01,True
0000105076,465962325.0,2012-06-30,True
0000105418,537000000.0,2012-06-30,True
0000203596,528102822.0,2012-06-30,True
0000225263,449300000.0,2012-06-29,True
0000314203,602360000.0,2012-06-29,True
0000314489,382000000.0,2012-06-30,True
0000320575,486300000.0,2012-06-30,True
0000351834,369782539.0,2012-06-30,True
0000352363,1201969000.0,2012-06-30,True
0000353020,702715604.0,2012-06-29,True
0000700923,343200000.0,2012-06-29,True
0000701288,322289234.0,2012-06-30,True
0000701374,2097700000.0,2012-06-30,True
0000704532,325400000.0,2012-06-29,True
0000708781,421100000.0,2012-06-30,True
0000708955,906168000.0,2012-06-30,True
0000712034,1026000000.0,2012-06-30,True
0000712534,356895000.0,2012-06-30,True
0000712537,696275402.0,2012-06-30,True
0000714562,375338651.0,2012-06-30,True
0000715072,377062355.0,2012-06-30,True
0000717059,379142000.0,2012-06-30,True
0000719220,520833295.0,2012-06-30,True
0000722723,910325124.0,2012-06-30,True
0000724571,514000000.0,2011-07-30,True
0000724606,2842576546.0,2012-06-26,True
0000726854,477400000.0,2012-06-30,True
0000727510,325136875.0,2012-06-30,True
0000737468,341454096.0,2012-06-30,True
0000742112,627813738.0,2012-06-30,False
0000742126,320600000.0,2012-06-30,True
0000742278,729064469.0,2012-06-30,True
0000744218,303200000.0,2012-06-30,True
0000750199,484063819.0,2012-06-30,True
0000752714,611476370.0,2012-06-30,True
0000760498,300322659.0,2012-06-30,True
0000761648,345457000.0,2012-06-30,True
0000763744,413078900.0,2012-06-30,True
0000764038,512650000.0,2012-06-30,True
0000766829,337000000.0,2012-06-29,True
0000777491,1600000000.0,2012-06-30,True
0000789132,381103843.0,2012-06-30,True
0000789933,674878564.0,2012-06-30,True
0000790818,426633646.0,2011-07-01,False
0000792013,392800274.0,2011-06-30,False
0000793733,320824359.0,2012-06-29,True
0000798783,506697572.0,2012-06-29,True
0000799167,360852000.0,2012-06-30,True
0000799292,314626000.0,2012-06-30,True
0000802481,459039553.0,2012-06-24,True
0000805264,864212047.0,2012-06-29,True
0000810509,355918124.0,2012-06-30,True
0000813621,715800000.0,2012-06-30,True
0000814549,464704986.0,2012-06-30,True
0000816956,786111009.0,2012-06-30,True
0000819793,520800000.0,2012-06-29,True
0000821127,613898181.0,2012-06-30,True
0000824142,346100000.0,2012-06-30,True
0000824410,438000000.0,2012-06-30,True
0000826675,524083698.0,2012-06-30,True
0000828944,320580531.0,2012-06-30,True
0000837465,383135879.0,2012-06-30,True
0000840489,1151655000.0,2012-06-30,True
0000842183,567519272.0,2012-06-30,True
0000842633,663600000.0,2012-06-30,True
0000850141,688000000.0,2012-06-30,True
0000850429,391082896.0,2012-06-30,True
0000851520,585921945.0,2012-06-29,True
0000856982,548850112.0,2012-06-30,True
0000858339,429900000.0,2012-06-30,True
0000860730,5130000000.0,2012-06-30,True
0000860731,1155951000.0,2012-06-30,True
0000861842,1186791731.0,2012-06-30,True
0000863456,441921000.0,2011-07-30,True
0000865754,408128268.0,2012-06-30,True
0000867374,624726440.0,2012-06-30,True
0000868780,540916389.0,2012-06-30,True
0000874499,1148840242.35,2012-06-29,True
0000878088,1179477000.0,2011-06-30,True
0000878375,3800000000.0,2012-06-30,True
0000878526,330919682.0,2012-06-30,True
0000878560,674460141.0,2012-06-30,True
0000879169,2600000000.0,2012-06-30,True
0000879526,452362845.0,2012-06-30,True
0000879575,976940632.0,2012-06-30,True
0000879585,394000000.0,2012-06-29,True
0000880631,446355000.0,2012-06-30,True
0000880771,375749000.0,2012-06-30,True
0000880804,379075722.0,2012-06-30,True
0000881524,2847137500.0,2012-06-30,True
0000883237,490056156.0,2012-06-30,True
0000884624,781500000.0,2012-06-30,True
0000884713,765200000.0,2012-06-29,True
0000884731,2800000000.0,2012-06-30,True
0000885550,673600000.0,2012-06-30,True
0000887343,731595865.0,2012-06-30,True
0000887905,1076864447.0,2012-06-30,True
0000888504,552440830.0,2011-07-31,True
0000889428,12664000000.0,2012-06-30,True
0000891106,674000000.0,2012-06-30,True
0000891288,2005319312.0,2012-06-30,True
0000894627,499209245.0,2012-06-30,True
0000896778,393313630.0,2012-06-30,True
0000897448,1920000000.0,2012-06-30,True
0000899629,1056000000.0,2012-06-30,True
0000900349,303377375.0,2011-07-30,True
0000903129,330154000.0,2012-06-30,True
0000906553,383200000.0,2012-06-30,True
0000907254,478800000.0,2012-06-29,True
0000909111,1819024821.0,2012-06-30,True
0000909791,559189985.0,2012-06-30,True
0000910638,1722513557.0,2012-06-29,True
0000911326,450800000.0,2012-06-29,True
0000912145,581520389.0,2012-06-29,True
0000912593,1100729025.2,2012-06-30,True
0000912752,465800000.0,2012-06-29,True
0000912898,1409054763.0,2012-06-29,True
0000914475,439106522.0,2012-06-30,True
0000915735,682000000.0,2011-06-30,True
0000917491,703000000.0,2012-06-30,True
0000917968,484203776.0,2011-07-01,True
0000920112,344095539.0,2012-06-30,True
0000921503,349400000.0,2012-06-30,True
0000923139,399000000.0,2012-06-29,True
0000923603,562000000.0,2012-06-30,True
0000926326,479300000.0,2012-06-30,True
0000928054,460882000.0,2012-06-30,True
0000933141,1400000000.0,2012-06-30,True
0000934448,314732038.0,2012-06-30,True
0000934549,1808241000.0,2012-06-30,True
0000939767,805020926.0,2012-06-29,True
0000946673,402237057.0,2012-06-30,True
0000946840,1300000000.0,2012-06-30,True
0000949158,436397248.0,2012-06-30,True
0001001606,465683740.0,2012-06-30,True
0001002225,686000000.0,2012-06-30,True
0001005010,811641600.0,2012-06-30,True
0001005201,316300000.0,2012-06-30,True
0001005284,1248372594.0,2012-06-30,True
0001005757,583891200.0,2012-06-30,True
0001005817,388738000.0,2012-06-30,True
0001006281,359000000.0,2012-06-29,True
0001009356,2604110452.0,2012-06-30,True
0001009829,350398959.0,2012-06-29,True
0001011064,515700000.0,2011-06-30,True
0001011570,611711000.0,2012-06-30,True
0001011835,2815140108.0,2012-06-30,True
0001013488,1243024427.0,2011-06-28,True
0001013606,955038220.0,2012-06-30,True
0001013857,569000000.0,2012-06-30,True
0001017712,335181036.0,2011-07-30,True
0001018946,658124663.0,2012-06-29,True
0001018979,469100000.0,2012-06-30,True
0001019671,300598856.0,2011-07-29,True
0001019695,368807663.0,2012-06-30,True
0001022321,1600000000.0,2012-06-30,True
0001023128,503888000.0,2012-06-30,True
0001024732,475653106.0,2012-06-30,True
0001024795,638204908.0,2011-07-02,True
0001027207,382250000.0,2012-06-30,True
0001029142,422877457.0,2012-06-29,True
0001031316,771388918.0,2012-06-30,True
0001031623,368842449.0,2012-06-29,True
0001034842,662418484.0,2012-06-29,True
0001035983,374200000.0,2012-06-30,True
0001038205,729751831.0,2011-06-30,True
0001039828,630528409.0,2012-06-29,True
0001039889,430374485.0,2011-07-03,False
0001040426,940647201.0,2012-06-29,True
0001040593,848100000.0,2012-06-30,True
0001041577,647140000.0,2012-06-30,True
0001042776,2916495257.0,2012-06-29,True
0001042825,531000000.0,2012-06-29,True
0001043533,1462000000.0,2011-06-30,False
0001047335,308000000.0,2012-06-30,True
0001050446,1125900000.0,2012-06-30,True
0001050550,427402350.0,2012-06-29,True
0001050797,658934000.0,2012-06-30,True
0001054905,489000000.0,2012-06-30,True
0001055355,487884958.0,2011-06-30,False
0001056903,736956000.0,2012-06-30,True
0001057436,1140000000.0,2011-06-30,True
0001060009,502000000.0,2012-06-30,True
0001060523,353538977.0,2012-06-30,True
0001060736,1101486651.0,2012-06-30,True
0001062231,718696092.0,2012-06-30,True
0001062449,1500000000.0,2012-06-22,True
0001062478,318118331.0,2012-06-30,True
0001062822,446300000.0,2012-06-30,True
0001065332,753110699.0,2012-06-30,True
0001066605,311790168.0,2012-06-29,True
0001066923,336000000.0,2011-06-30,True
0001067701,2920000000.0,2012-06-30,True
0001068875,470400000.0,2012-06-30,True
0001069878,463400000.0,2012-06-30,True
0001070336,332145873.0,2012-06-30,True
0001076481,462400000.0,2012-06-30,True
0001076700,332828000.0,2011-06-30,True
0001076930,301953688.0,2012-06-29,True
0001077428,1318780701.0,2012-03-31,True
0001077771,1454023396.0,2012-06-30,True
0001080014,940773069.0,2012-06-30,True
0001080340,1784496000.0,2012-06-29,True
0001080709,2000000000.0,2012-06-30,True
0001082754,726200000.0,2012-06-29,True
0001084031,6051000000.0,2012-06-30,True
0001084817,325800000.0,2012-06-30,True
0001084961,730809343.0,2012-06-29,True
0001085621,330500000.0,2012-06-29,True
0001085869,343242985.0,2012-06-30,True
0001087432,778641828.0,2012-06-29,True
0001090061,323857738.0,2012-05-31,True
0001091862,1400000000.0,2012-06-30,True
0001091883,581121423.0,2012-06-30,True
0001092914,1505300000.0,2012-06-30,True
0001093557,875341560.0,2012-06-30,True
0001094831,596769481.0,2012-06-30,True
0001095291,602817682.0,2012-06-30,True
0001095651,515000000.0,2012-06-30,True
0001096376,319431157.0,2012-06-30,True
0001096788,384000000.0,2011-06-30,False
0001100270,553400000.0,2011-07-31,True
0001100969,607737644.46,2012-06-29,True
0001101302,1045000000.0,2012-06-30,True
0001102112,710700000.0,2012-06-29,True
0001102993,966831842.0,2012-06-30,True
0001105472,337835000.0,2012-06-29,True
0001107421,396154064.0,2012-06-30,True
0001108134,476000000.0,2012-06-30,True
0001109354,1136940280.0,2012-06-30,True
0001111335,2000000000.0,2012-06-29,True
0001111928,2000000000.0,2011-06-30,True
0001114714,603292010.0,2011-06-30,True
0001116463,535010265.0,2012-06-30,True
0001117106,1600800000.0,2012-06-29,True
0001120295,512489900.0,2012-06-30,True
0001122904,905900000.0,2011-07-03,True
0001123360,3439642327.0,2011-11-30,True
0001123647,682100000.0,2011-06-30,False
0001124140,607437716.0,2012-06-29,True
0001125376,490500000.0,2012-06-30,True
0001125914,986683000.0,2012-06-30,True
0001128361,849574000.0,2012-06-30,True
0001131324,531300000.0,2012-06-30,True
0001131554,414000000.0,2012-06-30,True
0001131907,508000000.0,2011-06-30,False
0001134203,1063000000.0,2011-06-30,False
0001135185,1126494350.0,2012-06-30,True
0001136294,361000000.0,2012-06-29,True
0001138639,509611108.0,2012-06-29,True
0001138951,453400000.0,2012-06-30,True
0001139812,1137978512.0,2012-06-30,True
0001142576,724313291.0,2012-06-30,True
0001144354,1136444000.0,2012-06-30,True
0001144945,1820682416.0,2012-06-30,True
0001144980,719800000.0,2012-06-30,True
0001158223,463771551.0,2012-06-30,True
0001158324,845000000.0,2012-06-29,True
0001160858,712732000.0,2012-06-30,True
0001163932,717815778.0,2012-06-30,True
0001164863,763987011.0,2012-06-29,True
0001166388,762054000.0,2011-07-31,True
0001167178,546375821.0,2011-06-30,True
0001169445,592741351.0,2012-06-30,True
0001169988,323907000.0,2012-06-30,True
0001172052,562542863.0,2012-06-30,True
0001172222,334000000.0,2012-06-30,True
0001172358,620467417.0,2012-06-30,True
0001175454,1714705000.0,2012-06-29,True
0001175483,949000000.0,2012-06-30,True
0001176373,1400000000.0,2012-06-30,True
0001177394,880841401.0,2012-05-31,True
0001178552,5096367000.0,2012-06-29,True
0001183186,526738422.0,2012-06-30,True
0001183765,342842599.0,2012-06-30,True
0001216596,441900000.0,2012-06-30,True
0001222840,826600000.0,2012-06-30,True
0001227930,496800000.0,2012-06-30,True
0001230276,955000000.0,2011-07-29,True
0001232524,1948413000.0,2012-06-29,True
0001235010,675553528.0,2012-06-29,True
0001257640,326200000.0,2012-06-30,True
0001258602,604976291.0,2012-06-30,True
0001261159,3114212115.0,2012-06-30,True
0001262039,2800919536.0,2012-06-29,True
0001262823,1000000000.0,2012-06-30,True
0001265131,408000000.0,2012-06-30,True
0001267130,1540238195.0,2012-06-29,True
0001268671,421000000.0,2011-06-30,True
0001270400,6477527761.0,2012-06-30,True
0001271024,8462286157.0,2012-06-30,True
0001272830,344612156.0,2012-06-30,True
0001273801,689507869.0,2012-06-30,True
0001277151,1003255000.0,2012-06-30,True
0001277856,1300000000.0,2012-06-30,True
0001278027,1255160980.0,2012-06-29,True
0001280452,383762611.0,2012-06-30,True
0001281922,320531418.0,2011-07-31,True
0001283140,900000000.0,2012-06-29,True
0001284812,638000000.0,2012-06-30,True
0001285224,338700000.0,2012-06-30,True
0001286043,558000000.0,2012-06-30,True
0001286131,486500000.0,2012-06-29,True
0001286225,892721000.0,2012-06-29,True
0001286681,1635859553.0,2012-06-17,True
0001287213,315000000.0,2012-06-30,True
0001288403,529519000.0,2012-06-29,True
0001289460,1105868963.0,2012-06-26,True
0001289790,1384170802.0,2012-06-29,True
0001292055,314200000.0,2012-06-30,True
0001292556,1486338000.0,2012-06-29,True
0001292900,613600000.0,2011-07-01,True
0001295810,1500000000.0,2012-06-30,True
0001296435,422000000.0,2012-06-30,True
0001297989,679505408.0,2012-06-30,True
0001298675,1431731476.0,2012-06-30,True
0001299704,381195481.0,2011-06-30,False
0001302343,1000000000.0,2012-06-29,True
0001304421,406292900.0,2012-06-30,True
0001305323,388900000.0,2012-06-30,True
0001307748,6327641846.0,2012-06-30,True
0001310114,695671110.0,2012-06-29,True
0001311230,506000000.0,2012-06-30,True
0001316944,11190000000.0,2011-06-30,True
0001318008,584285938.0,2011-07-30,True
0001318084,537841165.0,2012-06-29,True
0001318568,466300000.0,2012-06-30,True
0001318605,1991698678.0,2012-06-30,True
0001319229,368871028.0,2012-06-30,True
0001320461,328003557.0,2012-06-30,True
0001321646,701891385.0,2012-06-30,True
0001322705,932500000.0,2011-06-26,True
0001322866,1794242431.0,2012-06-29,True
0001323531,410100000.0,2012-06-29,True
0001325281,641076962.0,2012-06-29,True
0001325879,306770024.0,2012-06-30,True
0001329011,1000173000.0,2012-06-30,True
0001331301,553000000.0,2012-06-29,True
0001331745,971500000.0,2012-06-30,True
0001334036,1400000000.0,2012-06-30,True
0001334814,497366929.0,2012-06-30,True
0001334978,518700000.0,2011-06-30,True
0001336917,3682610640.0,2012-06-30,True
0001338065,1618328000.0,2012-06-30,True
0001340282,1900000000.0,2012-06-29,True
0001340786,305300000.0,2012-06-29,True
0001344980,644735254.0,2012-06-29,True
0001347218,1500000000.0,2012-06-30,True
0001350381,469594897.0,2012-06-30,True
0001354217,1500000000.0,2012-06-30,True
0001356104,2400000000.0,2012-06-30,True
0001357204,2880000000.0,2012-06-30,True
0001357371,1135000000.0,2012-06-30,True
0001358831,945700000.0,2012-06-30,True
0001360530,1620023904.0,2012-06-29,True
0001360901,663400000.0,2012-06-30,True
0001361103,305500000.0,2011-06-30,True
0001361538,395300000.0,2012-06-29,True
0001361937,1848320987.0,2012-06-30,True
0001362004,470000000.0,2012-06-29,True
0001362468,1050000000.0,2012-06-30,True
0001363851,6844973484.0,2012-06-30,True
0001364099,1231900000.0,2012-06-29,True
0001364541,721713198.0,2012-06-30,True
0001364560,1896078113.0,2011-08-12,False
0001365038,412950888.0,2012-06-30,True
0001365555,743211129.0,2012-06-30,True
0001366246,333137884.0,2012-06-30,True
0001366684,709023000.0,2012-06-30,True
0001367311,346152266.0,2012-06-29,True
0001367644,367000000.0,2012-06-30,True
0001368265,1048772532.0,2012-06-30,True
0001369786,310000000.0,2012-06-30,True
0001372020,403307145.0,2012-06-30,True
0001373561,328921858.0,2012-06-30,True
0001374310,2400000000.0,2012-06-30,True
0001376610,2330343895.0,2012-06-30,True
0001377630,731420007.0,2012-06-28,True
0001380393,501000000.0,2012-06-30,True
0001382911,318300000.0,2012-06-30,True
0001383055,342116000.0,2012-06-30,True
0001383057,337156000.0,2012-06-30,True
0001383058,589440000.0,2012-06-30,True
0001383084,582672000.0,2011-06-30,True
0001383151,1154958000.0,2012-06-30,True
0001383571,1100300000.0,2011-06-30,True
0001383650,439000000.0,2012-06-30,True
0001384710,1400000000.0,2011-06-30,True
0001385292,382492726.0,2012-06-30,True
0001386278,694700000.0,2012-06-30,True
0001386926,1469656071.0,2012-06-30,True
0001387361,1024226000.0,2012-06-30,True
0001388195,313006610.0,2012-06-30,True
0001389030,439727035.0,2012-06-29,True
0001389072,827100000.0,2012-06-30,True
0001391390,639167395.0,2012-06-30,True
0001392522,517000000.0,2012-06-29,True
0001393066,639000000.0,2012-06-29,True
0001393883,416000000.0,2012-06-30,True
0001394074,1074000000.0,2012-06-30,True
0001395942,493543775.0,2012-06-30,True
0001396033,549000000.0,2012-06-29,True
0001396446,1641535293.0,2012-06-30,True
0001397516,405781897.0,2012-06-29,True
0001397821,513500000.0,2012-06-30,False
0001397911,1800000000.0,2012-06-29,True
0001399935,376700000.0,2011-07-30,True
0001401680,816423161.0,2012-06-30,True
0001401923,340000000.0,2011-06-30,True
0001402305,2500000000.0,2011-06-30,False
0001403256,1100000000.0,2012-06-30,True
0001403853,632552451.0,2012-06-30,True
0001404912,3000000000.0,2012-06-30,True
0001406666,325447629.0,2012-06-29,True
0001407463,433683310.0,2012-06-29,True
0001407623,602995478.0,2012-06-30,True
0001407739,1786000000.0,2012-06-30,True
0001409171,440200000.0,2011-07-29,True
0001410471,732538929.0,2012-06-30,True
0001410567,467000000.0,2012-06-30,True
0001410997,1500000000.0,2011-06-30,True
0001411494,741000000.0,2012-06-30,True
0001411861,820591868.0,2012-06-30,True
0001412100,449259596.0,2012-06-30,True
0001414475,2400000000.0,2012-06-29,True
0001417907,459700000.0,2011-06-30,True
0001418121,1868472000.0,2012-06-30,True
0001418819,460700000.0,2012-06-30,True
0001419242,1400000000.0,2012-06-30,True
0001420800,1550000000.0,2012-06-29,True
0001423689,10200000000.0,2012-06-30,True
0001425292,526206748.0,2012-06-29,True
0001428205,1308029288.0,2012-06-30,True
0001428669,2679073162.0,2012-06-29,True
0001433660,371988398.0,2012-06-30,True
0001434588,913900000.0,2012-06-29,True
0001434620,737841042.0,2012-06-30,True
0001434729,1417624297.0,2012-06-30,True
0001437106,684000000.0,2012-06-29,True
0001441236,769900000.0,2012-06-30,True
0001441849,1032000000.0,2012-06-29,True
0001442145,7172604958.0,2012-06-30,True
0001446847,1323551816.0,2012-06-30,True
0001450922,484872000.0,2012-06-30,True
0001450923,1762866605.0,2012-06-30,True
0001452217,488200000.0,2011-06-30,True
0001453814,649188053.0,2012-06-29,True
0001456772,837877373.0,2012-06-29,True
0001459862,470106000.0,2012-06-30,True
0001460235,699034000.0,2012-06-30,True
0001462047,1236103208.0,2012-04-30,True
0001464423,801056084.0,2012-06-30,True
0001464720,1100000000.0,2012-06-30,True
0001465128,2437849786.0,2012-06-30,True
0001465740,2300000000.0,2012-06-30,True
0001467027,682434968.0,2012-06-30,True
0001467076,559900000.0,2012-06-29,True
0001467760,581396403.0,2012-06-30,True
0001468174,1684400000.0,2012-06-30,True
0001469433,1307837909.0,2011-06-30,True
0001469510,355700000.0,2012-06-30,True
0001471261,4300000000.0,2012-06-30,True
0001471265,1146000000.0,2012-06-30,True
0001473078,541027000.0,2012-06-30,True
0001474098,1336493512.0,2012-06-30,True
0001475922,1266336476.0,2012-06-30,True
0001477294,2200000000.0,2012-06-30,True
0001477472,705309000.0,2012-06-30,True
0001478950,518700000.0,2012-06-30,True
0001479094,361800000.0,2012-06-29,True
0001479247,400642500.0,2012-06-30,True
0001481792,470553648.0,2012-06-30,True
0001482512,591200000.0,2012-06-29,True
0001483096,1228055352.0,2012-06-30,True
0001486800,596800000.0,2012-06-30,True
0001486957,2900000000.0,2012-06-29,True
0001487712,1371557913.0,2012-06-30,True
0001489136,1326413230.0,2012-06-29,True
0001489137,1504675694.0,2012-06-30,True
0001489393,12900000000.0,2012-06-30,True
0001489979,1705315609.0,2011-07-31,True
0001490983,317900000.0,2012-06-30,True
0001492298,623000000.0,2012-06-30,True
0001492633,3129000000.0,2012-06-30,True
0001492658,346500000.0,2011-07-03,True
0001492691,793315536.0,2012-06-29,True
0001495320,713454367.0,2011-07-30,True
0001495569,7000000000.0,2011-07-02,False
0001496623,756800000.0,2012-06-30,True
0001497275,480900000.0,2012-06-30,True
0001498021,362812000.0,2012-06-29,True
0001498710,979100000.0,2012-06-30,True
0001498828,2300000000.0,2012-06-30,True
0001498864,627690000.0,2012-06-30,True
0001499912,323547235.0,2012-06-30,True
0001500217,804000000.0,2012-06-29,True
0001501585,1992000000.0,2012-06-30,True
0001504008,938697163.0,2012-06-30,True
0001507615,506000000.0,2012-06-30,True
0001509273,773400000.0,2012-06-29,True
0001509432,337100000.0,2012-06-30,True
0001509991,778343016.0,2012-06-30,True
0001511337,1857995324.0,2012-06-29,True
0001514128,383000000.0,2012-06-30,True
0001514281,338890294.0,2012-06-29,True
0001514705,1023704320.0,2012-06-29,True
0001514991,2029000000.0,2012-06-29,True
0001516007,358800000.0,2012-06-29,True
0001518222,729004427.0,2012-06-30,True
0001519751,3560166002.0,2012-06-30,True
0001524358,825610327.0,2012-06-15,True
0001524471,1800000000.0,2012-06-30,True
0000005768,537696000.0,2011-09-30,True
0000006207,16543244000.0,2011-10-31,True
0000008947,570393803.0,2011-08-31,True
0000057131,551700000.0,2011-10-28,True
0000065270,339400000.0,2011-10-29,True
0000076267,495601245.0,2011-08-26,True
0000278130,1131266000.0,2011-08-26,True
0000772406,863787764.0,2011-09-23,True
0000813781,306792220.0,2011-09-30,True
0000815094,425320352.0,2011-09-30,True
0000859163,577942312.0,2011-09-30,True
0000864683,484300000.0,2011-10-28,True
0000877422,345915556.0,2011-09-10,True
0000886137,968987000.0,2011-08-27,True
0000887497,342901000.0,2011-10-31,True
0000897723,581700000.0,2012-03-30,True
0000921500,325332344.0,2011-09-30,True
0001050825,605000000.0,2011-08-26,True
0001078075,435580350.0,2011-09-30,True
0001094739,1918586601.0,2011-10-30,True
0001106851,804900000.0,2011-10-31,True
0001108924,419602281.0,2011-09-30,True
0001137083,671953692.0,2011-10-31,True
0001295947,453000000.0,2011-09-30,True
0001327471,475617338.1,2011-09-23,True
0001368622,618700000.0,2011-10-29,True
0001394954,622500000.0,2012-06-30,True
0001520262,1947523774.0,2011-09-30,True
0001520697,423000000.0,2012-06-30,True
0001525998,412500000.0,2012-06-29,True
0000006284,693801000.0,2012-01-31,True
0000016160,447705868.0,2011-11-26,True
0000019446,460901052.0,2012-01-31,True
0000032166,309305540.0,2011-11-30,True
0000039648,547674376.0,2011-12-31,True
0000093859,490567737.0,2012-04-11,True
0000095052,787000000.0,2011-12-31,True
0000310354,423000000.0,2011-12-31,True
0000318833,373336366.0,2011-11-30,True
0000351903,355200000.0,2011-12-30,True
0000357020,315809118.0,2012-01-31,True
0000711377,829000000.0,2011-11-30,True
0000808015,559058282.0,2012-02-03,True
0000855654,886501851.0,2011-12-31,True
0000896156,684035515.0,2011-12-31,True
0000929940,1340867268.0,2011-12-30,True
0000937136,383267850.0,2011-12-31,True
0000949699,2374664844.0,2012-06-30,True
0001039065,923227890.0,2011-12-30,True
0001049521,392600000.0,2011-12-30,True
0001059272,318000000.0,2011-12-31,True
0001071993,745499902.0,2011-12-31,True
0001092367,393299588.0,2012-01-28,True
0001112412,364100000.0,2012-06-29,True
0001157408,404679000.0,2011-12-31,True
0001171759,541000000.0,2011-12-25,True
0001173911,929634317.7,2011-12-31,True
0001275187,379562758.0,2011-11-30,True
0001318220,2312416980.0,2011-12-31,True
0001320947,755699712.0,2012-01-31,True
0001333274,318707670.0,2012-06-30,True
0001343719,1704223329.0,2011-12-30,True
0001347815,442630697.0,2011-12-31,True
0001375365,463910000.0,2011-12-31,True
0001383729,910000000.0,2011-12-30,True
0001408710,303028000.0,2011-12-30,True
0001436126,389000000.0,2011-11-30,True
0001439095,975000000.0,2012-06-29,True
0001462506,1200000000.0,2011-12-31,True
0001469372,1739362017.0,2011-12-30,True
0001488075,635799000.0,2011-12-31,True
0001490281,3699527694.0,2012-06-30,True
0001502034,3080000000.0,2012-06-29,True
0001515980,460898426.0,2012-06-30,True
0001516973,859699484.0,2012-06-30,True
0001528396,432600000.0,2012-01-31,True
0000084290,1868781588.0,2012-02-29,True
0000105132,640924854.0,2012-02-29,True
0000836157,816560475.0,2012-02-29,True
0000869187,717372685.0,2012-04-16,True
0000923120,609194356.0,2012-02-29,True
0001070698,329000000.0,2012-02-29,True
0001143908,3498584571.0,2012-02-29,True
0001182325,621096870.0,2012-06-29,True
0001294924,730800000.0,2012-04-01,True
0001304464,382100000.0,2012-03-30,True
0001493594,408500000.0,2012-03-30,True
0001512890,1282820000.0,2012-06-29,True
0001530950,1115464530.0,2012-03-31,True
0001274792,630064672.0,2012-06-30,True
0001345016,370387191.0,2012-06-30,True
0001352010,313000000.0,2012-06-30,True
0001364962,380200000.0,2012-06-29,True
0001373715,765800000.0,2012-06-30,True
0001401257,724000000.0,2012-06-30,True
0001403528,1065600000.0,2012-06-30,True
0001411207,531500000.0,2012-06-29,True
0001420850,546320573.0,2012-06-29,True
0001462633,430000000.0,2012-06-29,True
0001470215,4285619012.0,2012-06-30,True
0001491778,353131086.0,2012-06-30,True
0001502749,684480585.0,2012-06-30,True
0001520006,454393967.0,2012-06-30,True
0001520566,441408900.0,2012-06-30,True
0001521332,7306600068.0,2012-06-30,True
0001523733,376600000.0,2012-06-29,True
0001527166,969457168.0,2012-06-30,True
0001528129,479800000.0,2012-06-30,True
0001528558,308800000.0,2012-06-30,True
0001528837,569169307.0,2012-06-30,True
0001530804,4282293322.0,2012-06-30,True
0001533924,317000000.0,2012-06-29,True
0001533932,864900000.0,2012-06-30,True
0001535031,375137198.0,2012-06-22,True
0001540947,343900000.0,2012-06-30,True
0001545654,1057054900.0,2012-06-30,True
0001547282,928916314.0,2012-06-30,True
0001551182,13400000000.0,2012-06-30,True
0001560385,9400000000.0,2012-06-30,True
0001569994,366800000.0,2012-06-30,True
