perturbation,value,quality,momentum,risk
value->quality:0.01,0.29,0.36,0.25,0.1
value->quality:0.02,0.27999999999999997,0.37,0.25,0.1
value->momentum:0.01,0.29,0.35,0.26,0.1
value->momentum:0.02,0.27999999999999997,0.35,0.27,0.1
value->risk:0.01,0.29,0.35,0.25,0.11
value->risk:0.02,0.27999999999999997,0.35,0.25,0.12000000000000001
quality->value:0.01,0.31,0.33999999999999997,0.25,0.1
quality->value:0.02,0.32,0.32999999999999996,0.25,0.1
quality->momentum:0.01,0.3,0.33999999999999997,0.26,0.1
quality->momentum:0.02,0.3,0.32999999999999996,0.27,0.1
quality->risk:0.01,0.3,0.33999999999999997,0.25,0.11
quality->risk:0.02,0.3,0.32999999999999996,0.25,0.12000000000000001
momentum->value:0.01,0.31,0.35,0.24,0.1
momentum->value:0.02,0.32,0.35,0.23,0.1
momentum->quality:0.01,0.3,0.36,0.24,0.1
momentum->quality:0.02,0.3,0.37,0.23,0.1
momentum->risk:0.01,0.3,0.35,0.24,0.11
momentum->risk:0.02,0.3,0.35,0.23,0.12000000000000001
risk->value:0.01,0.31,0.35,0.25,0.09000000000000001
risk->value:0.02,0.32,0.35,0.25,0.08
risk->quality:0.01,0.3,0.36,0.25,0.09000000000000001
risk->quality:0.02,0.3,0.37,0.25,0.08
risk->momentum:0.01,0.3,0.35,0.26,0.09000000000000001
risk->momentum:0.02,0.3,0.35,0.27,0.08
