symbol,prices_first,prices_last,prices_rows,archive_prices_first,archive_prices_last,archive_prices_rows,facts_first,facts_last,facts_rows,candidate_facts_first,candidate_facts_last,candidate_facts_rows
A,1999-11-18,2015-12-31,4055,2000-01-03,2015-12-31,4025,2009-10-05,2015-12-21,867,,,0
AABA,,,0,2000-01-03,2015-12-31,4025,,,0,,,0
AAL,2005-09-27,2015-12-31,2584,2005-09-27,2015-12-31,2584,2010-07-21,2015-10-23,594,,,0
AAMRQ,,,0,,,0,,,0,,,0
AAP,2001-11-29,2015-12-31,3547,2001-11-29,2015-12-31,3547,2010-06-02,2015-11-17,848,,,0
AAPL,1996-01-02,2015-12-31,5036,2000-01-03,2015-12-31,4025,2009-07-22,2015-10-28,1195,,,0
ABBV,2013-01-02,2015-12-31,756,2012-12-10,2015-12-31,771,2013-05-08,2015-11-06,285,,,0
ABC,,,0,2000-01-03,2015-12-31,4025,,,0,2009-08-06,2015-11-24,1261
ABI,,,0,2009-05-11,2014-05-06,671,,,0,,,0
ABKFQ,,,0,,,0,,,0,,,0
ABS,,,0,2000-01-03,2006-06-01,1612,,,0,,,0
ABT,1996-01-02,2015-12-31,5036,2000-01-03,2015-12-31,4025,2009-08-07,2015-11-05,902,,,0
ABX,,,0,2000-01-03,2015-12-31,4025,,,0,,,0
ACAS,,,0,2000-01-03,2015-12-31,4025,,,0,,,0
ACKH,,,0,2000-01-03,2007-12-12,1998,,,0,,,0
ACN,2001-07-19,2015-12-31,3636,2001-07-19,2015-12-31,3636,2009-12-18,2015-12-17,870,,,0
ACS,,,0,2000-01-03,2015-12-31,4025,,,0,,,0
ACV,,,0,2015-05-22,2015-12-31,155,,,0,,,0
ADBE,1996-01-02,2015-12-31,5036,2000-01-03,2015-12-31,4025,2009-06-26,2015-09-23,1008,,,0
ADCT,,,0,,,0,,,0,,,0
ADI,1996-01-02,2015-12-31,5036,2000-01-03,2015-12-31,4025,2009-08-18,2015-11-24,982,,,0
ADM,1996-01-02,2015-12-31,5036,2000-01-03,2015-12-31,4025,2009-11-06,2015-11-03,1009,,,0
ADP,1996-01-02,2015-12-31,5036,2000-01-03,2015-12-31,4025,2009-11-06,2015-11-05,777,,,0
ADS,,,0,2001-06-08,2015-12-31,3664,,,0,2010-08-09,2015-11-05,734
ADSK,1996-01-02,2015-12-31,5036,2000-01-03,2015-12-31,4025,2009-06-03,2015-12-09,1153,,,0
ADT,,,0,,,0,,,0,,,0
AEE,1998-01-02,2015-12-31,4529,2000-01-03,2015-12-31,4025,2009-08-10,2015-11-06,1010,,,0
AEP,1996-01-02,2015-12-31,5036,2000-01-03,2015-12-31,4025,2009-08-04,2015-10-22,883,,,0
AES,1996-01-02,2015-12-31,5036,2000-01-03,2015-12-31,4025,2009-08-07,2015-11-05,1011,,,0
AET,,,0,2000-01-03,2015-12-31,4025,,,0,2009-07-31,2015-10-29,922
AFL,1996-01-02,2015-12-31,5036,2000-01-03,2015-12-31,4025,2009-08-07,2015-11-03,648,,,0
AFS-A,,,0,,,0,,,0,,,0
AGC,,,0,,,0,,,0,,,0
AGN,,,0,2000-01-03,2015-12-31,4025,,,0,,,0
AHM,,,0,,,0,,,0,,,0
AIG,1996-01-02,2015-12-31,5036,2000-01-03,2015-12-31,4025,2009-09-03,2015-11-02,683,,,0
AIT,,,0,,,0,,,0,,,0
AIV,1996-01-02,2015-12-31,5036,2000-01-03,2015-12-31,4025,2010-08-16,2015-11-05,729,,,0
AIZ,2004-02-05,2015-12-31,2998,2004-02-05,2015-12-31,2998,2009-08-06,2015-11-03,752,,,0
AKAM,1999-10-29,2015-12-31,4069,2000-01-03,2015-12-31,4025,2009-09-04,2015-11-09,850,,,0
AKS,,,0,2000-01-03,2015-12-31,4025,,,0,2009-08-04,2015-11-04,886
AL,,,0,2011-04-19,2015-12-31,1184,,,0,,,0
ALL,1996-01-02,2015-12-31,5036,2000-01-03,2015-12-31,4025,2009-08-27,2015-11-02,809,,,0
ALLE,2013-11-18,2015-12-31,534,2013-11-18,2015-12-31,534,2014-04-30,2015-10-29,239,,,0
ALTR,,,0,,,0,,,0,2009-07-22,2015-10-22,847
ALXN,,,0,2000-01-03,2015-12-31,4025,,,0,2010-07-30,2015-11-02,702
AM,,,0,,,0,,,0,,,0
AMAT,1996-01-02,2015-12-31,5036,2000-01-03,2015-12-31,4025,2009-09-01,2015-12-09,1114,,,0
AMCC,,,0,2000-01-03,2015-12-31,4025,,,0,,,0
AMD,1996-01-02,2015-12-31,5036,2000-01-03,2015-12-31,4025,2010-08-04,2015-11-03,746,,,0
AME,1996-01-02,2015-12-31,5036,2000-01-03,2015-12-31,4025,2009-08-05,2015-11-05,912,,,0
AMG,1997-11-21,2015-12-31,4556,2000-01-03,2015-12-31,4025,2010-08-09,2015-11-09,662,,,0
AMGN,1996-01-02,2015-12-31,5036,2000-01-03,2015-12-31,4025,2009-08-10,2015-11-02,930,,,0
AMH,,,0,,,0,,,0,,,0
AMP,2005-09-15,2015-12-31,2592,2005-09-15,2015-12-31,2592,2009-08-05,2015-11-02,693,,,0
AMT,1998-02-27,2015-12-31,4491,2000-01-03,2015-12-31,4025,2009-08-06,2015-10-29,993,,,0
AMZN,1997-05-15,2015-12-31,4689,2000-01-03,2015-12-31,4025,2009-07-24,2015-10-23,1208,,,0
AN,1996-01-02,2015-12-31,5036,2000-01-03,2015-12-31,4025,2010-08-09,2015-10-28,682,,,0
ANDV,,,0,2000-01-03,2015-12-31,4025,,,0,,,0
ANDW,,,0,2000-01-03,2007-12-27,2008,,,0,,,0
ANF,1996-09-26,2015-12-31,4849,2000-01-03,2015-12-31,4025,2010-09-08,2015-12-07,665,,,0
ANRZQ,,,0,,,0,,,0,,,0
ANTM,,,0,2001-10-30,2015-12-31,3568,,,0,2009-07-29,2015-10-28,957
ANV,,,0,,,0,,,0,,,0
AON,1996-01-02,2015-12-31,5036,2000-01-03,2015-12-31,4025,2009-08-07,2015-10-30,936,,,0
APA,1996-01-02,2015-12-31,5036,2000-01-03,2015-12-31,4025,,,0,,,0
APC,,,0,2000-01-03,2015-12-31,4025,,,0,,,0
APCC,,,0,2000-01-03,2007-02-14,1789,,,0,,,0
APD,1996-01-02,2015-12-31,5036,2000-01-03,2015-12-31,4025,2009-07-24,2015-11-24,1150,,,0
APH,1996-01-02,2015-12-31,5036,2000-01-03,2015-12-31,4025,2009-08-06,2015-11-05,968,,,0
APOL,,,0,2000-01-03,2015-12-31,4025,,,0,2010-01-07,2015-10-22,987
APTV,2011-11-17,2015-12-31,1036,2011-11-17,2015-12-31,1036,2012-04-26,2015-10-29,593,,,0
AR,,,0,,,0,,,0,,,0
ARC,,,0,2005-02-04,2015-12-31,2746,,,0,,,0
ARG,,,0,2000-01-03,2015-12-31,4025,,,0,2010-08-06,2015-11-04,806
ARNC,,,0,,,0,,,0,,,0
AS,,,0,,,0,,,0,,,0
ASC,,,0,,,0,,,0,,,0
ASH,,,0,2000-01-03,2015-12-31,4025,,,0,,,0
ASN,,,0,2000-01-03,2007-10-05,1951,,,0,,,0
ASND,,,0,,,0,,,0,,,0
ASO,,,0,,,0,,,0,,,0
AT,,,0,2010-07-23,2015-12-31,1371,,,0,,,0
ATGE,,,0,2000-01-03,2015-12-31,4025,,,0,,,0
ATI,1999-11-29,2015-12-31,4049,2000-01-03,2015-12-31,4025,2009-08-27,2015-10-29,765,,,0
ATVI,,,0,2000-01-03,2015-12-31,4025,,,0,2009-08-07,2015-11-06,839
AV,,,0,2009-10-20,2015-12-31,1561,,,0,2011-08-11,2015-11-23,726
AVB,,,0,2000-01-03,2015-12-31,4025,2009-08-10,2015-11-03,702,,,0
AVGO,2009-08-06,2015-12-31,1613,2009-08-06,2015-12-31,1613,,,0,,,0
AVP,,,0,2000-01-03,2015-12-31,4025,,,0,2009-07-30,2015-11-04,1049
AVY,1996-01-02,2015-12-31,5036,2000-01-03,2015-12-31,4025,2010-08-11,2015-11-03,652,,,0
AW,,,0,2000-01-03,2008-12-05,2246,,,0,,,0
AWE,,,0,2000-04-27,2004-10-26,1130,,,0,,,0
AXP,1996-01-02,2015-12-31,5036,2000-01-03,2015-12-31,4025,2009-09-02,2015-10-28,663,,,0
AYE,,,0,2000-01-03,2015-12-31,4018,,,0,2009-08-07,2011-02-23,241
AZA-A,,,0,,,0,,,0,,,0
AZO,1996-01-02,2015-12-31,5036,2000-01-03,2015-12-31,4025,2009-12-17,2015-12-16,1032,,,0
BA,1996-01-02,2015-12-31,5036,2000-01-03,2015-12-31,4025,2009-07-22,2015-10-21,1064,,,0
BAC,1996-01-02,2015-12-31,5036,2000-01-03,2015-12-31,4025,2009-08-07,2015-10-30,652,,,0
BAX,1996-01-02,2015-12-31,5036,2000-01-03,2015-12-31,4025,2009-07-28,2015-11-09,832,,,0
BAY,,,0,,,0,,,0,,,0
BBBY,,,0,2000-01-03,2015-12-31,4025,,,0,2009-10-07,2015-10-07,728
BBI,,,0,,,0,,,0,,,0
BBT,2000-06-28,2015-12-31,3902,2000-01-03,2015-12-31,4025,2011-08-09,2015-11-09,409,,,0
BBY,1996-01-02,2015-12-31,5036,2000-01-03,2015-12-31,4025,2009-10-08,2015-12-04,1226,,,0
BC,1996-01-02,2015-12-31,5036,2000-01-03,2015-12-31,4025,,,0,2011-05-06,2015-11-04,756
BCO,,,0,,,0,,,0,,,0
BCR,,,0,2000-01-03,2015-12-31,4025,,,0,2009-07-27,2015-10-23,839
BDK,,,0,2000-01-03,2010-03-12,2563,,,0,2010-07-30,2015-10-27,1193
BDX,1996-01-02,2015-12-31,5036,2000-01-03,2015-12-31,4025,2009-08-10,2015-11-25,795,,,0
BEAM,,,0,,,0,,,0,,,0
BEN,1996-01-02,2015-12-31,5036,2000-01-03,2015-12-31,4025,2009-08-07,2015-11-12,917,,,0
BEV,,,0,,,0,,,0,,,0
BF-B,1996-01-02,2015-12-31,5036,,,0,2010-09-02,2015-12-02,624,,,0
BFI,,,0,,,0,,,0,,,0
BFO,,,0,2003-09-26,2015-12-31,3053,,,0,,,0
BGEN,,,0,2000-01-03,2012-09-20,1349,,,0,,,0
BGG,,,0,2000-01-03,2015-12-31,4023,,,0,,,0
BHGE,,,0,,,0,,,0,,,0
BHMSQ,,,0,,,0,,,0,,,0
BIG,,,0,2000-01-03,2015-12-31,4025,,,0,2010-09-08,2015-12-09,793
BIIB,1996-01-02,2015-12-31,5036,2000-01-03,2015-12-31,4025,2009-07-17,2015-10-21,943,,,0
BJS,,,0,2000-01-03,2010-04-28,2595,,,0,2009-08-10,2010-02-09,89
BK,1996-01-02,2015-12-31,5036,2000-01-03,2015-12-31,4025,2009-08-07,2015-11-06,784,,,0
BKB,,,0,,,0,,,0,,,0
BKNG,1999-03-31,2015-12-31,4217,2000-01-03,2015-12-31,4025,2010-08-04,2015-11-09,844,,,0
BLK,1999-10-01,2015-12-31,4089,2000-01-03,2015-12-31,4025,,,0,,,0
BLL,,,0,2000-01-03,2015-12-31,4025,,,0,2010-08-04,2015-10-30,878
BLS,,,0,2000-01-03,2006-12-29,1759,,,0,,,0
BLY,,,0,,,0,,,0,,,0
BMC,,,0,2000-01-03,2013-09-10,3443,,,0,2009-08-05,2013-08-05,578
BMET,,,0,2000-01-03,2007-09-25,1943,,,0,2011-10-14,2013-01-14,208
BMGCA,,,0,,,0,,,0,,,0
BMS,,,0,2000-01-03,2015-12-31,4025,,,0,2010-08-09,2015-10-30,746
BMY,1996-01-02,2015-12-31,5036,2000-01-03,2015-12-31,4025,2009-07-23,2015-10-27,863,,,0
BNI,,,0,2000-01-03,2010-02-12,2544,,,0,2009-07-24,2015-11-06,483
BNL,,,0,,,0,,,0,,,0
BOAT,,,0,,,0,,,0,,,0
BOL,,,0,2000-01-03,2007-10-26,1966,,,0,,,0
BR,2007-03-22,2015-12-31,2212,2007-03-22,2015-12-31,2212,2010-11-04,2015-11-05,709,,,0
BRCM,,,0,2000-01-03,2015-12-31,4025,,,0,2009-07-24,2015-10-26,931
BRK-B,1996-05-09,2015-12-31,4946,,,0,2009-11-06,2015-11-06,653,,,0
BRL,,,0,2000-01-03,2008-12-22,2257,,,0,,,0
BSC,,,0,2008-03-17,2011-08-25,626,,,0,,,0
BSX,1996-01-02,2015-12-31,5036,2000-01-03,2015-12-31,4025,2009-08-06,2015-11-04,889,,,0
BT,,,0,,,0,,,0,,,0
BTUUQ,,,0,2001-05-22,2015-12-31,3676,,,0,,,0
BUD,,,0,2009-07-01,2015-12-31,1636,,,0,,,0
BVSN,,,0,2000-01-03,2015-12-31,3992,,,0,,,0
BWA,1996-01-02,2015-12-31,5036,2000-01-03,2015-12-31,4025,2009-07-29,2015-10-29,1069,,,0
BXLT,,,0,2015-07-01,2015-12-31,128,,,0,2015-08-13,2015-11-12,50
BXP,1997-06-18,2015-12-31,4666,2000-01-03,2015-12-31,4025,2009-08-06,2015-11-06,970,,,0
C,1996-01-02,2015-12-31,5036,2000-01-03,2015-12-31,4025,2009-11-06,2015-10-30,769,,,0
CA,,,0,,,0,,,0,2009-07-30,2015-10-22,845
CAG,1996-01-02,2015-12-31,5036,2000-01-03,2015-12-31,4025,2009-10-07,2015-10-06,872,,,0
CAH,1996-01-02,2015-12-31,5036,2000-01-03,2015-12-31,4025,2009-11-09,2015-11-03,1061,,,0
CAL,,,0,,,0,,,0,,,0
CAM,,,0,2000-01-03,2015-12-31,4025,,,0,2009-08-06,2015-10-22,1058
CAR,,,0,2000-01-03,2015-12-31,4025,,,0,,,0
CAT,1996-01-02,2015-12-31,5036,2000-01-03,2015-12-31,4025,2009-08-12,2015-10-30,894,,,0
CB,1996-01-02,2015-12-31,5036,2000-01-03,2015-12-31,4025,2009-08-07,2015-11-04,731,,,0
CBB,,,0,,,0,,,0,,,0
CBE,1996-01-02,2015-12-31,5019,2000-01-03,2015-12-31,4025,,,0,2009-08-06,2012-11-05,518
CBH,,,0,,,0,,,0,,,0
CBRE,2004-06-10,2015-12-31,2911,2004-06-10,2015-12-31,2911,2010-08-09,2015-11-09,883,,,0
CBS,,,0,2000-01-03,2015-12-31,4025,,,0,2009-08-06,2015-11-03,1023
CBSS,,,0,2000-01-03,2007-09-06,1930,,,0,,,0
CCB,,,0,,,0,,,0,,,0
CCE,,,0,2000-11-06,2015-12-31,3120,,,0,2010-10-28,2015-10-29,917
CCI,1998-08-18,2015-12-31,4372,2000-01-03,2015-12-31,4025,2009-08-28,2015-11-06,987,,,0
CCK,,,0,2000-01-03,2015-12-31,4025,,,0,,,0
CCL,1996-01-02,2015-12-31,5036,2000-01-03,2015-12-31,4025,2009-10-01,2015-10-02,663,,,0
CCTYQ,,,0,2000-01-03,2011-09-26,2952,,,0,,,0
CCU,,,0,2000-01-03,2015-12-31,4016,,,0,,,0
CE,2005-01-21,2015-12-31,2756,2005-01-21,2015-12-31,2756,2009-07-29,2015-10-20,1151,,,0
CEG,,,0,,,0,,,0,,,0
CELG,,,0,2000-01-03,2015-12-31,4025,,,0,2009-07-31,2015-11-05,708
CEN,,,0,2013-09-26,2015-12-31,571,,,0,,,0
CEPH,,,0,2000-01-03,2011-10-13,2965,,,0,2010-07-28,2011-08-03,176
CERN,,,0,2000-01-03,2015-12-31,4025,,,0,2010-07-30,2015-11-04,767
CF,2005-08-11,2015-12-31,2616,2005-08-11,2015-12-31,2616,2009-08-03,2015-12-16,1233,,,0
CFC,,,0,2000-01-03,2015-12-31,4025,,,0,,,0
CFL,,,0,,,0,,,0,,,0
CFN,,,0,2009-08-21,2015-03-16,1400,,,0,2011-11-08,2015-02-06,739
CG,,,0,2012-05-03,2015-12-31,922,,,0,,,0
CGP,,,0,2000-01-03,2015-12-31,761,,,0,,,0
CHA,,,0,2002-11-14,2015-12-31,3300,,,0,,,0
CHD,1996-01-02,2015-12-31,5036,2000-01-03,2015-12-31,4025,2010-08-09,2015-11-02,859,,,0
CHIR,,,0,,,0,,,0,,,0
CHK,,,0,,,0,,,0,2009-08-10,2015-11-04,873
CHRS,,,0,,,0,,,0,,,0
CHRW,1997-10-16,2015-12-31,4582,2000-01-03,2015-12-31,4025,2009-08-10,2015-11-09,914,,,0
CI,1996-01-02,2015-12-31,5036,2000-01-03,2015-12-31,4025,,,0,,,0
CIEN,1997-02-07,2015-12-31,4756,2000-01-03,2015-12-31,4025,2010-09-08,2015-12-21,667,,,0
CIN,,,0,2000-01-03,2015-12-31,4025,,,0,,,0
CINF,1996-01-02,2015-12-31,5036,2000-01-03,2015-12-31,4025,2010-07-29,2015-10-27,676,,,0
CIT-A,,,0,,,0,,,0,,,0
CITGQ,,,0,2002-07-03,2009-12-09,1874,,,0,,,0
CL,1996-01-02,2015-12-31,5036,2000-01-03,2015-12-31,4025,2009-07-30,2015-10-30,1024,,,0
CLF,1996-01-02,2015-12-31,5036,2000-01-03,2015-12-31,4025,2009-07-30,2015-10-29,994,,,0
CLX,1996-01-02,2015-12-31,5036,2000-01-03,2015-12-31,4025,2009-11-03,2015-11-02,958,,,0
CMA,,,0,2000-01-03,2015-12-31,4025,,,0,2010-07-30,2015-10-29,421
CMB,,,0,,,0,,,0,,,0
CMCSA,1996-01-02,2015-12-31,5036,2000-01-03,2015-12-31,4025,2009-08-06,2015-10-27,1064,,,0
CMCSK,,,0,,,0,,,0,2009-08-06,2015-10-27,1064
CME,2002-12-06,2015-12-31,3290,2002-12-06,2015-12-31,3290,2009-09-04,2015-11-06,967,,,0
CMG,2006-01-26,2015-12-31,2501,2006-01-26,2015-12-31,2501,2010-07-27,2015-10-21,614,,,0
CMI,1996-01-02,2015-12-31,5036,2000-01-03,2015-12-31,4025,2009-07-30,2015-10-27,878,,,0
CMS,1996-01-02,2015-12-31,5036,2000-01-03,2015-12-31,4025,2010-07-28,2015-10-29,815,,,0
CMVT,,,0,2000-01-03,2013-02-04,3292,,,0,,,0
CMX,,,0,2000-01-03,2015-12-31,3108,,,0,,,0
CNC,2001-12-13,2015-12-31,3537,2001-12-13,2015-12-31,3537,2010-07-27,2015-10-27,795,,,0
CNG,,,0,2000-01-03,2015-12-31,1051,,,0,,,0
CNP,1996-01-02,2015-12-31,5036,2000-01-03,2015-12-31,4025,2009-08-05,2015-11-05,847,,,0
CNW,,,0,,,0,,,0,,,0
CNX,1999-04-30,2015-12-31,4196,2000-01-03,2015-12-31,4025,2009-04-27,2015-11-03,934,,,0
CNXT,,,0,2014-07-24,2015-12-31,360,,,0,,,0
COC-B,,,0,,,0,,,0,,,0
COF,1996-01-02,2015-12-31,5036,2000-01-03,2015-12-31,4025,2009-08-10,2015-11-02,621,,,0
COG,,,0,2000-01-03,2015-12-31,4025,,,0,2009-07-30,2015-10-23,600
COL,,,0,2001-06-15,2015-12-31,3659,,,0,2009-08-17,2015-11-17,823
COMS,,,0,2008-08-15,2015-12-31,1858,,,0,,,0
COP,1996-01-02,2015-12-31,5036,2000-01-03,2015-12-31,4025,2009-08-04,2015-11-03,803,,,0
COST,1996-01-02,2015-12-31,5036,2000-01-03,2015-12-31,4025,2009-12-18,2015-12-18,1273,,,0
COV,,,0,2007-06-14,2012-06-15,1263,,,0,2009-07-30,2015-01-23,959
CPB,1996-01-02,2015-12-31,5036,2000-01-03,2015-12-31,4025,2009-12-10,2015-12-10,959,,,0
CPGX,,,0,2015-07-02,2015-12-31,127,,,0,2015-08-03,2015-11-03,56
CPNLQ,,,0,2000-01-03,2008-02-01,2032,,,0,,,0
CPQ,,,0,2000-01-03,2002-05-03,585,,,0,,,0
CPWR,,,0,2006-12-04,2015-12-04,401,,,0,,,0
CR,,,0,,,0,,,0,,,0
CRM,2004-06-23,2015-12-31,2903,2004-06-23,2015-12-31,2903,2009-08-25,2015-11-20,1141,,,0
CRR,,,0,,,0,,,0,,,0
CSCO,1996-01-02,2015-12-31,5036,2000-01-03,2015-12-31,4025,2009-11-18,2015-11-19,1184,,,0
CSE,,,0,,,0,,,0,,,0
CSR,,,0,2000-01-03,2015-12-31,4016,,,0,,,0
CSRA,,,0,2015-11-16,2015-12-31,32,,,0,2015-12-04,2015-12-04,31
CSX,1996-01-02,2015-12-31,5036,2000-01-03,2015-12-31,4025,2009-04-15,2015-10-14,816,,,0
CTAS,1996-01-02,2015-12-31,5036,2000-01-03,2015-12-31,4025,2010-10-08,2015-10-09,742,,,0
CTB,,,0,2000-01-03,2015-12-31,4025,,,0,,,0
CTL,,,0,2000-01-03,2015-12-31,4025,,,0,2010-08-06,2015-11-05,849
CTSH,1998-06-19,2015-12-31,4413,2000-01-03,2015-12-31,4025,2009-08-07,2015-11-05,1040,,,0
CTX,,,0,2000-01-03,2015-12-31,3364,,,0,,,0
CTXS,,,0,2003-09-11,2015-12-31,3086,,,0,2009-08-07,2015-11-04,1001
CVC,,,0,2000-01-03,2015-12-31,4025,,,0,2009-11-03,2015-11-03,857
CVG,,,0,2000-01-03,2015-12-31,4025,,,0,2010-08-09,2015-11-04,919
CVH,,,0,2000-01-03,2013-05-06,3355,,,0,2010-08-06,2013-05-01,495
CVS,1996-01-02,2015-12-31,5036,2000-01-03,2015-12-31,4025,2009-08-04,2015-10-30,1071,,,0
CVX,1996-01-02,2015-12-31,5036,2000-01-03,2015-12-31,4025,2009-05-07,2015-11-06,798,,,0
CYM,,,0,,,0,,,0,,,0
CYR,,,0,,,0,,,0,,,0
D,1996-01-02,2015-12-31,5036,2000-01-03,2015-12-31,4025,2009-07-31,2015-11-03,993,,,0
DAL,2007-05-03,2015-12-31,2183,2007-04-26,2015-12-31,2188,2010-08-02,2015-10-14,655,,,0
DALRQ,,,0,2000-01-03,2007-04-27,1839,,,0,,,0
DCNAQ,,,0,2000-01-03,2008-01-31,2031,,,0,,,0
DD,1996-01-02,2015-12-31,5036,2000-01-03,2015-12-31,4025,,,0,,,0
DDR,,,0,2000-01-03,2015-12-31,4025,,,0,2010-08-06,2015-11-04,648
DDS,1996-01-02,2015-12-31,5036,2000-01-03,2015-12-31,4025,,,0,2010-09-02,2015-12-04,832
DE,1996-01-02,2015-12-31,5036,2000-01-03,2015-12-31,4025,2009-08-28,2015-12-18,1015,,,0
DEC,,,0,,,0,,,0,,,0
DELL,,,0,,,0,,,0,,,0
DF,,,0,2000-01-03,2015-12-31,4024,,,0,2010-08-06,2015-11-09,953
DFS,,,0,2007-06-14,2015-12-31,2154,2009-10-07,2015-10-29,683,,,0
DG,2009-11-13,2015-12-31,1543,2009-11-13,2015-12-31,1543,2011-06-01,2015-12-03,460,,,0
DGN,,,0,,,0,,,0,,,0
DGX,1996-12-17,2015-12-31,4792,2000-01-03,2015-12-31,4025,2009-07-28,2015-10-29,1057,,,0
DHI,1996-01-02,2015-12-31,5036,2000-01-03,2015-12-31,4025,2010-08-03,2015-11-19,539,,,0
DHR,1996-01-02,2015-12-31,5036,2000-01-03,2015-12-31,4025,2009-07-23,2015-11-24,1285,,,0
DI,,,0,,,0,,,0,,,0
DIGI,,,0,,,0,,,0,,,0
DIS,1996-01-02,2015-12-31,5036,2000-01-03,2015-12-31,4025,,,0,,,0
DISCA,,,0,2005-07-06,2015-12-31,2642,,,0,2009-08-04,2015-11-03,1159
DISCK,,,0,2008-09-18,2015-12-31,1835,,,0,2009-08-04,2015-11-03,1159
DJ,,,0,2000-01-03,2007-12-13,1999,,,0,,,0
DLTR,1996-01-02,2015-12-31,5036,2000-01-03,2015-12-31,4025,2010-08-19,2015-11-24,835,,,0
DLX,,,0,2000-01-03,2015-12-31,4025,,,0,,,0
DNB,,,0,,,0,,,0,2010-08-04,2015-11-03,830
DNR,,,0,2000-01-03,2015-12-31,4025,,,0,2009-08-10,2015-11-06,623
DO,,,0,,,0,,,0,2009-07-29,2015-11-02,809
DOV,1996-01-02,2015-12-31,5036,2000-01-03,2015-12-31,4025,2009-07-24,2015-10-20,1021,,,0
DOW,,,0,,,0,,,0,,,0
DPHIQ,,,0,2000-01-03,2009-10-07,2456,,,0,,,0
DRI,1996-01-02,2015-12-31,5036,2000-01-03,2015-12-31,4025,2010-04-02,2015-10-02,856,,,0
DTE,1996-01-02,2015-12-31,5036,2000-01-03,2015-12-31,4025,2009-08-28,2015-10-23,920,,,0
DTV,,,0,,,0,,,0,2010-02-26,2015-10-20,1029
DUK,1996-01-02,2015-12-31,5036,2000-01-03,2015-12-31,4025,2009-08-07,2015-11-05,1075,,,0
DVA,1996-01-02,2015-12-31,5036,2000-01-03,2015-12-31,4025,2009-08-07,2015-11-05,989,,,0
DVN,1996-01-02,2015-12-31,5036,2000-01-03,2015-12-31,4025,2009-08-06,2015-11-04,896,,,0
DWD,,,0,,,0,,,0,,,0
DXC,1996-01-02,2015-12-31,5036,2000-01-03,2015-12-31,4025,,,0,,,0
DYN,,,0,,,0,,,0,,,0
EA,,,0,2000-01-03,2015-12-31,4025,2009-08-10,2015-11-10,944,,,0
EBAY,1998-09-24,2015-12-31,4346,2000-01-03,2015-12-31,4025,2009-07-29,2015-10-28,1135,,,0
EC,,,0,2008-09-18,2015-12-31,1835,,,0,,,0
ECH,,,0,,,0,,,0,,,0
ECL,1996-01-02,2015-12-31,5036,2000-01-03,2015-12-31,4025,2009-08-07,2015-11-02,936,,,0
ECO,,,0,,,0,,,0,,,0
ED,1996-01-02,2015-12-31,5036,2000-01-03,2015-12-31,4025,2009-11-02,2015-11-05,673,,,0
EDS,,,0,2000-01-03,2008-08-25,2174,,,0,,,0
EFU,,,0,2007-10-25,2015-12-31,2043,,,0,,,0
EFX,1996-01-02,2015-12-31,5036,2000-01-03,2015-12-31,4025,2010-04-29,2015-10-22,943,,,0
EHC,,,0,2000-01-03,2015-12-31,4019,,,0,,,0
EIX,1996-01-02,2015-12-31,5036,2000-01-03,2015-12-31,4025,2009-08-07,2015-10-27,911,,,0
EKDKQ,,,0,2000-01-03,2013-09-03,3438,,,0,,,0
EL,1996-01-02,2015-12-31,5036,2000-01-03,2015-12-31,4025,2010-11-01,2015-11-02,851,,,0
EMC,,,0,,,0,,,0,2009-08-05,2015-11-09,1105
EMN,1996-01-02,2015-12-31,5036,2000-01-03,2015-12-31,4025,2009-07-30,2015-11-03,932,,,0
EMR,1996-01-02,2015-12-31,5036,2000-01-03,2015-12-31,4025,2009-08-05,2015-11-18,960,,,0
ENDP,,,0,2000-01-03,2015-12-31,4024,,,0,2010-08-02,2014-03-03,799
ENRNQ,,,0,2000-01-03,2004-11-17,1226,,,0,,,0
ENS,,,0,,,0,,,0,,,0
EOG,1996-01-02,2015-12-31,5036,2000-01-03,2015-12-31,4025,2009-08-06,2015-11-05,820,,,0
EOP,,,0,2000-01-03,2007-02-09,1786,,,0,,,0
EP,1999-10-27,2015-12-31,4071,2000-01-19,2015-12-24,2128,2011-08-12,2015-11-16,228,,,0
EQ,,,0,,,0,,,0,,,0
EQIX,2000-08-11,2015-12-31,3871,2000-08-11,2015-12-31,3871,2010-08-04,2015-10-30,707,,,0
EQR,1996-01-02,2015-12-31,5036,2000-01-03,2015-12-31,4025,2009-08-06,2015-11-05,1169,,,0
EQT,1996-01-02,2015-12-31,5036,2000-01-03,2015-12-31,4025,2009-07-29,2015-10-22,669,,,0
ES,1996-01-02,2015-12-31,5036,2000-01-03,2015-12-31,4025,2010-08-06,2015-11-06,508,,,0
ESRX,,,0,2000-01-03,2015-12-31,4025,,,0,2012-05-10,2015-10-27,721
ESS,1996-01-02,2015-12-31,5036,2000-01-03,2015-12-31,4025,2010-08-06,2015-11-04,740,,,0
ESV,,,0,2000-01-03,2015-12-31,4025,,,0,2009-07-23,2015-10-29,977
ETFC,,,0,2000-01-03,2015-12-31,4024,,,0,2010-08-04,2015-11-04,584
ETN,1996-01-02,2015-12-31,5036,2000-01-03,2015-12-31,4025,2012-11-14,2015-10-30,458,,,0
ETR,1996-01-02,2015-12-31,5036,2000-01-03,2015-12-31,4025,2009-09-04,2015-11-04,874,,,0
ETS,,,0,2000-01-03,2006-03-01,1548,,,0,,,0
EW,2000-03-27,2015-12-31,3967,2000-03-27,2015-12-31,3967,2010-08-06,2015-10-29,685,,,0
EXC,1996-01-02,2015-12-31,5036,2000-01-03,2015-12-31,4025,2009-07-24,2015-10-30,827,,,0
EXPD,1996-01-02,2015-12-31,5036,2000-01-03,2015-12-31,4025,2009-08-07,2015-11-05,1017,,,0
EXPE,2005-07-21,2015-12-31,2631,2005-07-20,2015-12-31,2632,2010-07-30,2015-11-16,809,,,0
F,1996-01-02,2015-12-31,5036,2000-01-03,2015-12-31,4025,2009-08-05,2015-10-27,769,,,0
FAST,1996-01-02,2015-12-31,5036,2000-01-03,2015-12-31,4025,2009-07-24,2015-10-16,919,,,0
FB,,,0,2012-05-18,2015-12-31,911,,,0,2012-07-31,2015-11-05,379
FBF,,,0,2000-01-03,2015-12-31,3963,,,0,,,0
FBO,,,0,,,0,,,0,,,0
FCN,,,0,,,0,,,0,,,0
FCPT,,,0,,,0,,,0,,,0
FCX,1996-01-02,2015-12-31,5036,2000-01-03,2015-12-31,4025,2009-05-11,2015-11-06,599,,,0
FDC,,,0,2015-10-14,2015-12-31,55,,,0,2011-08-12,2015-11-10,657
FDO,,,0,2000-01-03,2015-07-06,3900,,,0,2011-01-05,2015-07-01,610
FDX,1996-01-02,2015-12-31,5036,2000-01-03,2015-12-31,4025,2009-09-18,2015-12-17,853,,,0
FE,1997-11-10,2015-12-31,4565,2000-01-03,2015-12-31,4025,2009-05-07,2015-10-29,733,,,0
FFIV,1999-06-04,2015-12-31,4172,2000-01-03,2015-12-31,4025,2010-08-06,2015-11-06,879,,,0
FG,,,0,,,0,,,0,,,0
FHN,1996-01-02,2015-12-31,5036,2000-01-03,2015-12-31,4025,2010-06-04,2015-11-05,498,,,0
FII,,,0,2000-01-03,2015-12-31,4025,,,0,2010-07-28,2015-10-23,780
FIS,2001-06-20,2015-12-31,3656,2001-06-20,2015-12-31,3656,2009-08-05,2015-11-05,1053,,,0
FISV,1996-01-02,2015-12-31,5036,2000-01-03,2015-12-31,4025,2009-08-06,2015-10-28,795,,,0
FITB,1996-01-02,2015-12-31,5036,2000-01-03,2015-12-31,4025,2009-08-10,2015-11-05,605,,,0
FJ,,,0,2000-01-03,2000-11-27,229,,,0,,,0
FL,,,0,2000-01-03,2015-12-31,4025,,,0,,,0
FLIR,,,0,2000-01-03,2015-12-31,4025,,,0,2009-08-10,2015-11-09,947
FLMIQ,,,0,,,0,,,0,,,0
FLR,2000-12-01,2015-12-31,3793,2000-12-01,2015-12-31,3793,2009-05-11,2015-10-29,721,,,0
FLS,1996-01-02,2015-12-31,5036,2000-01-03,2015-12-31,4025,2009-07-29,2015-10-29,881,,,0
FLTWQ,,,0,2000-01-03,2009-07-24,2404,,,0,,,0
FMC,1996-01-02,2015-12-31,5036,2000-01-03,2015-12-31,4025,2009-08-05,2015-11-02,1139,,,0
FMCC,,,0,2000-01-03,2015-12-31,4023,,,0,,,0
FMY,,,0,,,0,,,0,,,0
FNMA,,,0,2000-01-03,2015-12-31,4025,,,0,,,0
FOSL,1996-01-02,2015-12-31,5036,2000-01-03,2015-12-31,4025,,,0,2010-08-12,2015-11-12,922
FOX,,,0,,,0,,,0,,,0
FOXA,,,0,,,0,,,0,,,0
FPC,,,0,2000-01-03,2000-11-30,232,,,0,,,0
FRO,,,0,,,0,,,0,,,0
FRX,,,0,2003-09-10,2014-06-30,2720,,,0,2009-05-29,2014-05-30,570
FSH,,,0,2000-01-03,2015-12-31,3761,,,0,,,0
FSL,,,0,2011-05-26,2015-12-07,1141,,,0,,,0
FSLR,2006-11-17,2015-12-31,2295,2006-11-17,2015-12-31,2295,2009-08-03,2015-11-09,911,,,0
FTI,2001-06-15,2015-12-31,3659,2001-06-14,2015-12-31,3660,,,0,,,0
FTL-A,,,0,,,0,,,0,,,0
FTR,,,0,2000-01-03,2015-12-31,4023,,,0,2010-08-05,2015-11-05,806
FWLT,,,0,2000-01-03,2014-12-03,3754,,,0,,,0
G,,,0,2007-08-02,2015-12-31,2120,,,0,,,0
GAPTQ,,,0,2000-01-03,2012-03-14,3069,,,0,,,0
GAS,,,0,2000-01-03,2015-12-31,4025,,,0,2009-10-29,2015-11-09,1236
GD,1996-01-02,2015-12-31,5036,2000-01-03,2015-12-31,4025,2009-08-04,2015-10-28,827,,,0
GDT,,,0,2000-01-03,2015-12-31,3061,,,0,,,0
GDW,,,0,2000-01-03,2015-12-15,4014,,,0,,,0
GE,1996-01-02,2015-12-31,5036,2000-01-03,2015-12-31,4025,2009-08-03,2015-11-02,1047,,,0
GENZ,2008-01-24,2015-12-31,2000,2000-01-03,2011-04-08,2835,,,0,2009-09-04,2011-03-01,241
GFS-A,,,0,,,0,,,0,,,0
GGP,,,0,2000-01-03,2015-12-31,4024,,,0,,,0
GHC,1996-01-02,2015-12-31,5036,2000-01-03,2015-12-31,4024,2010-08-11,2015-11-05,778,,,0
GIDL,,,0,,,0,,,0,,,0
GILD,1996-01-02,2015-12-31,5036,2000-01-03,2015-12-31,4025,2009-08-05,2015-11-04,956,,,0
GIS,1996-01-02,2015-12-31,5036,2000-01-03,2015-12-31,4025,2009-09-24,2015-12-17,871,,,0
GLD,,,0,,,0,,,0,,,0
GLK,,,0,2000-01-03,2015-12-31,4009,,,0,,,0
GLW,1996-01-02,2015-12-31,5036,2000-01-03,2015-12-31,4025,2009-07-29,2015-10-27,752,,,0
GM,2010-11-18,2015-12-31,1288,2010-11-17,2015-12-31,1289,2011-08-05,2015-10-21,677,,,0
GMCR,,,0,2000-01-03,2015-12-31,4025,,,0,2010-08-05,2015-11-19,943
GME,2002-02-13,2015-12-31,3496,2002-02-13,2015-12-31,3496,2009-09-09,2015-12-08,880,,,0
GNT,,,0,,,0,,,0,,,0
GNW,2004-05-25,2015-12-31,2922,2004-05-25,2015-12-31,2922,2009-07-31,2015-10-30,842,,,0
GOOG,2004-08-19,2015-12-31,2863,2004-08-19,2015-12-31,2863,2015-10-29,2015-10-29,24,,,0
GOOGL,2004-08-19,2015-12-31,2863,2004-08-19,2015-12-31,2863,2015-10-29,2015-10-29,24,,,0
GP,,,0,2015-02-10,2015-12-31,55,,,0,,,0
GPC,1996-01-02,2015-12-31,5036,2000-01-03,2015-12-31,4025,2009-08-06,2015-11-06,829,,,0
GPS,,,0,2000-01-03,2015-12-31,4025,,,0,2009-09-09,2015-12-08,1117
GPU,,,0,2000-01-03,2001-11-06,463,,,0,,,0
GR,2001-01-02,2015-12-31,3674,2000-01-03,2015-12-31,4025,,,0,2009-07-23,2012-04-26,396
GRA,,,0,2000-01-03,2015-12-31,4025,,,0,,,0
GRMN,2000-12-08,2015-12-31,3788,2000-12-08,2015-12-31,3788,2009-09-01,2015-10-28,838,,,0
GRN,,,0,,,0,,,0,,,0
GS,1999-05-04,2015-12-31,4194,2000-01-03,2015-12-31,4025,2009-08-05,2015-11-03,541,,,0
GSX,,,0,,,0,,,0,,,0
GT,1996-01-02,2015-12-31,5036,2000-01-03,2015-12-31,4025,2010-07-29,2015-10-29,593,,,0
GTE,,,0,2005-11-14,2015-12-31,2550,,,0,,,0
GTW,,,0,2000-01-03,2007-10-16,1958,,,0,,,0
GWF,,,0,,,0,,,0,,,0
GWW,1996-01-02,2015-12-31,5036,2000-01-03,2015-12-31,4025,2009-07-31,2015-10-29,1137,,,0
GX,,,0,2000-01-03,2015-12-31,2946,,,0,,,0
H,,,0,2009-11-05,2015-12-31,1549,,,0,,,0
HAL,1996-01-02,2015-12-31,5036,2000-01-03,2015-12-31,4025,2009-07-30,2015-10-23,803,,,0
HAR,,,0,2000-01-03,2015-12-31,4025,,,0,2010-04-29,2015-10-29,1028
HAS,1996-01-02,2015-12-31,5036,2000-01-03,2015-12-31,4025,2010-07-30,2015-11-04,717,,,0
HBAN,1996-01-02,2015-12-31,5036,2000-01-03,2015-12-31,4025,2010-08-09,2015-12-18,586,,,0
HBI,,,0,2006-08-16,2015-12-31,2361,,,0,2010-07-28,2015-10-29,870
HBOC,,,0,,,0,,,0,,,0
HCA,2011-03-10,2015-12-31,1212,2011-03-10,2015-12-31,1212,2011-05-11,2015-10-29,591,,,0
HCBK,,,0,2000-01-03,2015-10-30,3983,,,0,2009-08-07,2015-08-07,640
HCP,,,0,,,0,,,0,2009-08-04,2015-11-03,839
HCR,,,0,2012-08-16,2015-12-31,849,,,0,,,0
HD,1996-01-02,2015-12-31,5036,2000-01-03,2015-12-31,4025,2009-09-03,2015-11-24,1111,,,0
HDLM,,,0,,,0,,,0,,,0
HES,,,0,2000-01-03,2015-12-31,4025,2009-08-07,2015-11-05,760,,,0
HET,,,0,2000-01-03,2007-12-27,2008,,,0,2011-08-11,2015-11-09,764
HFS,,,0,,,0,,,0,,,0
HI,,,0,2008-03-20,2015-12-31,1961,,,0,,,0
HIG,1996-01-02,2015-12-31,5036,2000-01-03,2015-12-31,4025,2009-08-26,2015-10-26,689,,,0
HLT,2013-12-12,2015-12-31,517,2013-12-12,2015-12-31,517,2014-05-09,2015-10-28,267,,,0
HM,,,0,2000-01-03,2015-12-31,1252,,,0,,,0
HMA,,,0,,,0,,,0,,,0
HNZ,,,0,2003-09-10,2015-12-31,3084,,,0,2009-08-20,2014-03-07,510
HOG,1996-01-02,2015-12-31,5036,2000-01-03,2015-12-31,4025,2009-07-31,2015-11-05,723,,,0
HON,1996-01-02,2015-12-31,5036,2000-01-03,2015-12-31,4025,2009-08-03,2015-10-16,783,,,0
HOT,,,0,2000-01-03,2015-12-31,4025,,,0,2009-08-06,2015-10-29,1122
HP,1996-01-02,2015-12-31,5036,2000-01-03,2015-12-31,4025,2009-08-05,2015-11-25,991,,,0
HPC,,,0,2000-01-03,2015-12-31,3456,,,0,,,0
HPE,2015-10-19,2015-12-31,52,2015-10-19,2015-12-31,52,2015-12-17,2015-12-17,29,,,0
HPH,,,0,,,0,,,0,,,0
HPQ,1996-01-02,2015-12-31,5036,2000-01-03,2015-12-31,4025,2009-09-08,2015-12-16,786,,,0
HRB,1996-01-02,2015-12-31,5036,2000-01-03,2015-12-31,4025,2009-09-04,2015-12-09,752,,,0
HRL,1996-01-02,2015-12-31,5036,2000-01-03,2015-12-31,4025,2010-09-03,2015-12-16,798,,,0
HRS,,,0,2003-09-11,2015-12-31,3086,,,0,2009-10-28,2015-11-06,831
HSH,,,0,2012-06-29,2014-08-28,544,,,0,,,0
HSIC,1996-01-02,2015-12-31,5036,2000-01-03,2015-12-31,4025,2010-08-02,2015-11-04,856,,,0
HSP,,,0,2004-05-03,2015-09-02,2855,,,0,2009-07-29,2015-07-29,618
HST,1996-01-02,2015-12-31,5036,2000-01-03,2015-12-31,4025,2009-07-28,2015-10-30,574,,,0
HSY,1996-01-02,2015-12-31,5036,2000-01-03,2015-12-31,4025,2009-08-13,2015-10-30,827,,,0
HUM,1996-01-02,2015-12-31,5036,2000-01-03,2015-12-31,4025,2009-08-03,2015-11-06,1113,,,0
I,,,0,,,0,,,0,,,0
IAC,,,0,2000-01-03,2015-12-31,4025,,,0,,,0
IBM,1996-01-02,2015-12-31,5036,2000-01-03,2015-12-31,4025,2009-07-28,2015-10-27,737,,,0
ICE,2005-11-16,2015-12-31,2548,2005-11-16,2015-12-31,2548,2013-08-07,2015-10-28,366,,,0
IFF,1996-01-02,2015-12-31,5036,2000-01-03,2015-12-31,4025,2010-08-05,2015-11-09,657,,,0
IGT,,,0,2000-01-03,2015-12-31,4025,,,0,2009-09-14,2015-02-09,840
IKN,,,0,2000-01-03,2008-10-31,2222,,,0,,,0
ILMN,2000-07-28,2015-12-31,3881,2000-07-28,2015-12-31,3881,2010-08-04,2015-11-02,793,,,0
IMNX,,,0,2000-01-03,2002-07-15,634,,,0,,,0
INCLF,,,0,2000-01-03,2007-01-05,1762,,,0,,,0
INGR,,,0,,,0,,,0,,,0
INTC,1996-01-02,2015-12-31,5036,2000-01-03,2015-12-31,4025,2009-08-03,2015-10-28,910,,,0
INTU,1996-01-02,2015-12-31,5036,2000-01-03,2015-12-31,4025,2009-12-04,2015-11-20,918,,,0
IP,1996-01-02,2015-12-31,5036,2000-01-03,2015-12-31,4025,2009-08-10,2015-11-05,1055,,,0
IPG,,,0,2000-01-03,2015-12-31,4025,2010-07-29,2015-10-22,945,,,0
IR,,,0,,,0,,,0,,,0
IRM,1996-02-01,2015-12-31,5014,2000-01-03,2015-12-31,4025,2010-05-10,2015-10-30,913,,,0
ISRG,2000-06-16,2015-12-31,3910,2000-06-13,2015-12-31,3913,2009-07-23,2015-10-21,854,,,0
ITT,1996-01-02,2015-12-31,5036,2000-01-03,2015-12-31,4025,,,0,2009-08-03,2015-10-30,851
ITW,1996-01-02,2015-12-31,5036,2000-01-03,2015-12-31,4025,2009-08-07,2015-10-30,736,,,0
IVZ,1996-01-02,2015-12-31,5036,2000-01-03,2015-12-31,4025,2009-07-31,2015-10-29,1162,,,0
JAVA,,,0,2000-01-03,2010-01-26,2531,,,0,,,0
JBHT,1996-01-02,2015-12-31,5036,2000-01-03,2015-12-31,4025,2010-07-30,2015-10-23,748,,,0
JBL,1996-01-02,2015-12-31,5036,2000-01-03,2015-12-31,4025,2011-01-07,2015-10-16,687,,,0
JCI,1996-01-02,2015-12-31,5036,2000-01-03,2015-12-31,4025,2009-07-30,2015-11-13,991,,,0
JCP,,,0,2000-01-03,2015-12-31,4023,,,0,2009-09-09,2015-12-09,1153
JEC,,,0,2003-09-10,2015-12-31,3100,,,0,2009-07-30,2015-11-24,1106
JEF,1996-01-02,2015-12-31,5036,2000-01-03,2015-12-31,4025,2009-08-07,2015-11-05,931,,,0
JH,,,0,,,0,,,0,,,0
JHF,,,0,2000-01-28,2004-04-28,1067,,,0,,,0
JNJ,1996-01-02,2015-12-31,5036,2000-01-03,2015-12-31,4025,2009-08-04,2015-10-30,842,,,0
JNPR,,,0,2000-01-03,2015-12-31,4025,2009-08-07,2015-11-05,1129,,,0
JNS,,,0,2000-06-26,2015-12-31,3904,,,0,2010-07-26,2015-10-22,803
JNY,,,0,2000-01-03,2014-04-08,3588,,,0,2009-10-29,2014-02-18,741
JOS,,,0,2000-01-03,2013-07-08,2029,,,0,,,0
JOY,,,0,2001-05-25,2015-12-31,3673,,,0,2009-09-09,2015-12-21,888
JP,,,0,2015-07-15,2015-12-31,117,,,0,,,0
JPM,1996-01-02,2015-12-31,5036,2000-01-03,2015-12-31,4025,2009-08-10,2015-11-02,570,,,0
JWN,,,0,2000-01-03,2015-12-31,4025,,,0,2009-09-09,2015-12-01,884
K,,,0,2000-01-03,2015-12-31,4025,2009-09-02,2015-11-06,894,,,0
KATE,,,0,2000-01-03,2015-12-31,4025,,,0,,,0
KBH,1996-01-02,2015-12-31,5036,2000-01-03,2015-12-31,4025,,,0,2010-10-08,2015-10-09,601
KDP,2008-05-07,2015-12-31,1928,2008-05-07,2015-12-31,1928,2010-05-06,2015-10-22,995,,,0
KEY,1996-01-02,2015-12-31,5036,2000-01-03,2015-12-31,4025,2009-08-10,2015-11-02,553,,,0
KG,,,0,2012-06-18,2015-12-31,891,,,0,,,0
KHC,2015-07-06,2015-12-31,126,2012-09-17,2015-12-31,828,2015-08-10,2015-11-06,122,,,0
KIM,1996-01-02,2015-12-31,5036,2000-01-03,2015-12-31,4025,2009-08-06,2015-11-05,926,,,0
KLAC,1996-01-02,2015-12-31,5036,2000-01-03,2015-12-31,4025,2010-11-24,2015-10-22,850,,,0
KM,,,0,2000-01-03,2002-12-18,744,,,0,,,0
KMB,1996-01-02,2015-12-31,5036,2000-01-03,2015-12-31,4025,2009-08-07,2015-10-21,1023,,,0
KMG,,,0,2000-01-03,2015-12-31,4025,,,0,,,0
KMI,2011-02-11,2015-12-31,1230,2011-02-11,2015-12-31,1230,2011-08-25,2015-10-23,586,,,0
KMX,1997-02-04,2015-12-31,4759,2000-01-03,2015-12-31,4025,2010-10-12,2015-10-08,719,,,0
KO,1996-01-02,2015-12-31,5036,2000-01-03,2015-12-31,4025,2009-07-30,2015-10-28,920,,,0
KORS,,,0,2011-12-15,2015-12-31,1017,,,0,2012-06-12,2015-11-05,542
KR,1996-01-02,2015-12-31,5036,2000-01-03,2015-12-31,4025,2009-09-23,2015-12-17,1007,,,0
KRB,,,0,2000-01-03,2015-12-31,4019,,,0,,,0
KRFT,,,0,2012-09-17,2015-07-02,702,,,0,2012-12-07,2015-04-28,440
KRI,,,0,2000-01-03,2015-12-31,4001,,,0,,,0
KSE,,,0,2000-01-03,2015-01-28,3236,,,0,,,0
KSS,1996-01-02,2015-12-31,5036,2000-01-03,2015-12-31,4025,2009-09-04,2015-12-04,950,,,0
KSU,,,0,2000-01-03,2015-12-31,4025,,,0,2009-07-30,2015-10-16,1020
KWP,,,0,,,0,,,0,,,0
L,1996-01-02,2015-12-31,5036,2000-01-03,2015-12-31,4025,2009-08-06,2015-11-03,736,,,0
LB,,,0,,,0,,,0,,,0
LDG,,,0,2000-01-03,2015-12-31,2320,,,0,,,0
LDOS,2006-10-17,2015-12-31,2318,2006-10-13,2015-12-31,2320,2010-09-03,2015-10-30,832,,,0
LDW-B,,,0,,,0,,,0,,,0
LEG,,,0,2000-01-03,2015-12-31,4025,,,0,2010-08-05,2015-11-04,912
LEHMQ,,,0,,,0,,,0,,,0
LEN,1996-01-02,2015-12-31,5036,2000-01-03,2015-12-31,4025,2010-10-08,2015-10-29,788,,,0
LH,1996-01-02,2015-12-31,5036,2000-01-03,2015-12-31,4025,2009-08-28,2015-10-30,1113,,,0
LIFE,,,0,2015-05-07,2015-12-31,166,,,0,,,0
LLL,,,0,,,0,,,0,,,0
LLTC,,,0,2000-01-03,2015-12-31,4025,,,0,2010-11-05,2015-11-05,792
LLX,,,0,,,0,,,0,,,0
LLY,1996-01-02,2015-12-31,5036,2000-01-03,2015-12-31,4025,2009-07-31,2015-10-30,679,,,0
LM,,,0,2000-01-03,2015-12-31,4025,,,0,2009-08-05,2015-11-05,336
LMT,1996-01-02,2015-12-31,5036,2000-01-03,2015-12-31,4025,2009-07-22,2015-10-22,998,,,0
LNC,1996-01-02,2015-12-31,5036,2000-01-03,2015-12-31,4025,2009-08-07,2015-10-29,537,,,0
LO,,,0,2002-02-01,2015-06-11,3363,,,0,2009-07-30,2015-04-21,1007
LOR,,,0,,,0,,,0,,,0
LOW,1996-01-02,2015-12-31,5036,2000-01-03,2015-12-31,4025,2009-09-01,2015-12-02,776,,,0
LPX,,,0,2000-01-03,2015-12-31,4025,,,0,,,0
LRCX,1996-01-02,2015-12-31,5036,2000-01-03,2015-12-31,4025,2010-11-03,2015-11-03,723,,,0
LSI,,,0,2000-01-03,2015-12-31,4025,,,0,2010-08-12,2014-05-01,495
LU,,,0,,,0,,,0,,,0
LUB,,,0,,,0,,,0,,,0
LUV,1996-01-02,2015-12-31,5036,2000-01-03,2015-12-31,4025,2009-04-29,2015-10-29,1089,,,0
LVLT,,,0,2000-01-03,2015-12-31,4025,,,0,2010-08-03,2015-11-06,693
LXK,,,0,2000-01-03,2015-12-31,4025,,,0,2010-08-06,2015-11-09,760
LYB,2010-04-28,2015-12-31,1431,2010-04-28,2015-12-31,1431,2011-09-12,2015-10-23,575,,,0
M,1996-01-02,2015-12-31,5036,2000-01-03,2015-12-31,4025,2009-09-08,2015-12-01,888,,,0
MA,2006-05-25,2015-12-31,2418,2006-05-25,2015-12-31,2418,2009-07-31,2015-10-29,971,,,0
MAC,1996-01-02,2015-12-31,5036,2000-01-03,2015-12-31,4025,2010-08-09,2015-11-05,576,,,0
MAR,1998-03-23,2015-12-31,4475,2000-01-03,2015-12-31,4025,2009-07-17,2015-10-29,975,,,0
MAS,1996-01-02,2015-12-31,5036,2000-01-03,2015-12-31,4025,2009-08-25,2015-10-27,1143,,,0
MAT,1996-01-02,2015-12-31,5036,2000-01-03,2015-12-31,4025,2009-07-29,2015-10-27,979,,,0
MAY,,,0,2000-01-03,2015-12-31,3856,,,0,,,0
MBI,1996-01-02,2015-12-31,5036,2000-01-03,2015-12-31,4025,,,0,2010-08-09,2015-11-04,489
MCD,1996-01-02,2015-12-31,5036,2000-01-03,2015-12-31,4025,2009-08-06,2015-11-04,1092,,,0
MCHP,1996-01-02,2015-12-31,5036,2000-01-03,2015-12-31,4025,2009-08-10,2015-11-09,1029,,,0
MCIC,,,0,,,0,,,0,,,0
MCK,1996-01-02,2015-12-31,5036,2000-01-03,2015-12-31,4025,2009-07-28,2015-10-29,968,,,0
MCO,1996-01-02,2015-12-31,5036,2000-01-03,2015-12-31,4025,2009-08-14,2015-11-04,976,,,0
MD,,,0,,,0,,,0,,,0
MDLZ,2001-06-13,2015-12-31,3661,2001-06-13,2015-12-31,3661,2009-08-05,2015-10-29,951,,,0
MDP,,,0,2000-01-03,2015-12-31,4025,,,0,2010-10-27,2015-11-06,812
MDR,,,0,2003-09-10,2015-12-31,3100,,,0,,,0
MDT,1996-01-02,2015-12-31,5036,2000-01-03,2015-12-31,4025,2015-02-27,2015-12-09,123,,,0
MEA,,,0,2004-06-29,2015-09-11,2822,,,0,,,0
MEDI,,,0,,,0,,,0,,,0
MEE,,,0,2000-01-03,2011-06-01,2871,,,0,2009-08-11,2011-05-10,209
MEL,,,0,2000-01-03,2015-12-31,3683,,,0,,,0
MER,,,0,2000-01-03,2008-12-31,2263,,,0,2009-08-07,2013-08-02,182
MERQ,,,0,2000-01-03,2006-11-08,1724,,,0,,,0
MET,2000-04-05,2015-12-31,3960,2000-04-05,2015-12-31,3960,2009-08-04,2015-11-05,883,,,0
MFE,,,0,2000-01-03,2011-02-28,2806,,,0,2009-08-07,2011-02-28,188
MHK,1996-01-02,2015-12-31,5036,2000-01-03,2015-12-31,4025,2010-08-06,2015-11-09,771,,,0
MHS,,,0,2003-08-20,2012-03-30,2170,,,0,2009-07-29,2012-02-21,248
MI,,,0,2015-11-25,2015-12-30,16,,,0,,,0
MII,,,0,,,0,,,0,,,0
MIL,,,0,2003-09-10,2015-12-31,2793,,,0,,,0
MIR,,,0,,,0,,,0,,,0
MJN,,,0,2009-02-11,2015-12-31,1735,,,0,2011-04-28,2015-10-22,631
MKC,1996-01-02,2015-12-31,5036,2000-01-03,2015-12-31,4025,2010-10-01,2015-10-05,860,,,0
MKG,,,0,2000-01-03,2000-10-17,201,,,0,,,0
MLM,1996-01-02,2015-12-31,5036,2000-01-03,2015-12-31,4025,2010-08-03,2015-11-05,903,,,0
MMC,1996-01-02,2015-12-31,5036,2000-01-03,2015-12-31,4025,2009-08-10,2015-10-29,753,,,0
MMI,,,0,2013-10-31,2015-12-31,546,,,0,,,0
MMM,1996-01-02,2015-12-31,5036,2000-01-03,2015-12-31,4025,2009-07-31,2015-10-29,1195,,,0
MNK,,,0,,,0,,,0,2013-08-12,2015-11-24,429
MNR,,,0,,,0,,,0,,,0
MNST,1996-01-02,2015-12-31,5036,2000-01-03,2015-12-31,4003,2010-08-09,2015-11-06,644,,,0
MO,1996-01-02,2015-12-31,5036,2000-01-03,2015-12-31,4025,2009-08-04,2015-10-29,1090,,,0
MOB,,,0,,,0,,,0,,,0
MOLX,,,0,2000-01-03,2013-12-09,3506,,,0,2010-10-29,2013-10-24,446
MON,,,0,,,0,,,0,2010-01-08,2015-10-29,1572
MOS,1996-01-02,2015-12-31,5036,2000-01-03,2015-12-31,4025,2010-10-29,2015-11-03,773,,,0
MPC,2011-06-24,2015-12-31,1138,2011-06-23,2015-12-31,1139,2011-08-09,2015-11-02,660,,,0
MRK,1996-01-02,2015-12-31,5036,2000-01-03,2015-12-31,4025,2009-07-24,2015-11-05,704,,,0
MRO,,,0,2000-01-03,2015-12-31,4025,,,0,2009-08-28,2015-11-05,901
MS,1996-01-02,2015-12-31,5036,2000-01-03,2015-12-31,4025,2009-08-07,2015-11-03,875,,,0
MSFT,1996-01-02,2015-12-31,5036,2000-01-03,2015-12-31,4025,2009-10-23,2015-10-27,1301,,,0
MSI,1996-01-02,2015-12-31,5036,2000-01-03,2015-12-31,4025,2009-08-26,2015-11-04,1282,,,0
MST,,,0,,,0,,,0,,,0
MTB,1996-01-02,2015-12-31,5036,2000-01-03,2015-12-31,4025,2009-09-03,2015-10-30,510,,,0
MTG,1996-01-02,2015-12-31,5036,2000-01-03,2015-12-31,4025,,,0,2010-08-09,2015-11-06,534
MTL,,,0,,,0,,,0,,,0
MTLQQ,,,0,,,0,,,0,,,0
MTW,1996-01-02,2015-12-31,5036,2000-01-03,2015-12-31,4025,,,0,2010-08-09,2015-11-03,668
MU,1996-01-02,2015-12-31,5036,2000-01-03,2015-12-31,4025,2010-01-12,2015-10-27,970,,,0
MUR,1996-01-02,2015-12-31,5036,2000-01-03,2015-12-31,4025,2009-08-07,2015-11-05,832,,,0
MWI,,,0,,,0,,,0,,,0
MWV,,,0,2000-01-03,2015-07-01,3898,,,0,2010-08-03,2015-05-11,838
MWW,,,0,2000-01-03,2015-12-31,4025,,,0,2010-07-30,2015-10-29,817
MXIM,,,0,2000-01-03,2015-12-31,4025,,,0,2010-11-02,2015-10-23,926
MYG,,,0,2003-09-10,2009-02-06,687,,,0,,,0
MYL,,,0,2000-01-03,2015-12-31,4025,,,0,2015-05-08,2015-10-30,152
MZIAQ,,,0,2000-01-03,2013-02-05,3293,,,0,,,0
NAE,,,0,,,0,,,0,,,0
NAV,,,0,2000-01-03,2015-12-31,4025,,,0,,,0
NAVI,2014-04-17,2015-12-31,431,2014-04-17,2015-12-31,431,2014-05-09,2015-10-30,159,,,0
NBL,,,0,2000-01-03,2015-12-31,4025,,,0,2009-07-30,2015-11-02,830
NBR,1996-01-02,2015-12-31,5036,2000-01-03,2015-12-31,4025,,,0,2009-07-31,2015-11-06,873
NC,,,0,2000-01-03,2015-12-31,4025,,,0,,,0
NCC,,,0,2000-01-03,2015-12-31,3185,,,0,,,0
NCE,,,0,2000-01-03,2015-12-31,1645,,,0,,,0
NCR,,,0,2000-01-03,2015-12-31,4025,,,0,2010-08-02,2015-10-30,1134
NDAQ,2002-07-01,2015-12-31,3401,2002-07-01,2015-12-31,3382,2010-08-04,2015-11-04,976,,,0
NE,,,0,,,0,,,0,,,0
NEE,1996-01-02,2015-12-31,5036,2000-01-03,2015-12-31,4025,2009-07-31,2015-10-30,793,,,0
NEM,1996-01-02,2015-12-31,5036,2000-01-03,2015-12-31,4025,2009-04-30,2015-10-29,865,,,0
NFB,,,0,2000-01-03,2006-11-30,1739,,,0,,,0
NFLX,2002-05-23,2015-12-31,3427,2002-05-23,2015-12-31,3427,2009-07-31,2015-10-16,1183,,,0
NFX,,,0,2000-01-03,2015-12-31,4025,,,0,2009-08-10,2015-11-04,697
NGH,,,0,2000-01-03,2015-12-31,2984,,,0,,,0
NI,1996-01-02,2015-12-31,5036,2000-01-03,2015-12-31,4025,2010-08-03,2015-11-03,962,,,0
NKE,1996-01-02,2015-12-31,5036,2000-01-03,2015-12-31,4025,2009-10-08,2015-10-06,675,,,0
NLC,,,0,,,0,,,0,,,0
NLSN,,,0,2011-01-26,2015-12-31,1242,,,0,2011-07-28,2015-10-21,908
NLV,,,0,,,0,,,0,,,0
NMK,,,0,,,0,,,0,,,0
NOC,1996-01-02,2015-12-31,5036,2000-01-03,2015-12-31,4025,2009-07-23,2015-10-28,973,,,0
NOV,1996-10-29,2015-12-31,4826,2000-01-03,2015-12-31,4025,2009-08-10,2015-10-30,1139,,,0
NOVL,,,0,2000-01-03,2011-04-27,2847,,,0,2010-09-09,2011-03-14,97
NRG,2003-12-02,2015-12-31,3042,2003-12-02,2015-12-31,3041,2009-08-25,2015-11-04,1144,,,0
NRTLQ,,,0,2000-01-03,2015-10-13,3970,,,0,,,0
NSC,1996-01-02,2015-12-31,5036,2000-01-03,2015-12-31,4025,2009-10-30,2015-10-28,739,,,0
NSI,,,0,,,0,,,0,,,0
NSM,,,0,2012-03-08,2015-12-31,961,,,0,2010-09-28,2011-07-27,130
NTAP,1996-01-02,2015-12-31,5036,2000-01-03,2015-12-31,4025,2010-09-13,2015-12-02,899,,,0
NTRS,1996-01-02,2015-12-31,5036,2000-01-03,2015-12-31,4025,2009-08-03,2015-10-28,566,,,0
NUE,1996-01-02,2015-12-31,5036,2000-01-03,2015-12-31,4025,2009-08-11,2015-11-12,900,,,0
NVDA,1999-01-22,2015-12-31,4264,2000-01-03,2015-12-31,4025,2009-08-20,2015-11-18,989,,,0
NVLS,,,0,2003-09-10,2015-12-31,2338,,,0,2010-08-04,2012-05-07,275
NWL,1996-01-02,2015-12-31,5036,2000-01-03,2015-12-31,4025,2010-08-06,2015-11-09,710,,,0
NWS,2013-06-19,2015-12-31,640,2013-06-19,2015-12-31,640,2013-11-12,2015-11-06,270,,,0
NWSA,2013-06-19,2015-12-31,640,2013-06-19,2015-12-31,640,2013-11-12,2015-11-06,270,,,0
NXTL,,,0,2000-01-03,2005-08-12,1411,,,0,,,0
NYN,,,0,,,0,,,0,,,0
NYT,1996-01-02,2015-12-31,5036,2000-01-03,2015-12-31,4025,,,0,2010-08-05,2015-11-04,813
NYX,,,0,2004-08-16,2013-11-12,2329,,,0,2009-05-13,2013-11-05,657
O,1996-01-02,2015-12-31,5036,2000-01-03,2015-12-31,4025,2010-07-29,2015-10-29,487,,,0
OAT,,,0,2000-01-03,2001-08-02,400,,,0,,,0
ODP,,,0,2000-01-03,2015-12-31,4025,,,0,2010-07-27,2015-11-03,943
OI,1996-01-02,2015-12-31,5036,2000-01-03,2015-12-31,4025,2009-08-07,2015-10-28,733,,,0
OK,,,0,2000-01-03,2015-12-31,2049,,,0,,,0
OKE,1996-01-02,2015-12-31,5036,2000-01-03,2015-12-31,4025,2009-08-06,2015-11-05,1346,,,0
OM,,,0,,,0,,,0,,,0
OMC,1996-01-02,2015-12-31,5036,2000-01-03,2015-12-31,4025,2009-08-06,2015-10-20,841,,,0
OMX,,,0,2000-01-03,2013-11-05,3483,,,0,2011-04-29,2013-11-05,412
ONE,,,0,2003-09-11,2015-12-31,1585,,,0,,,0
ORCL,1996-01-02,2015-12-31,5036,2000-01-03,2015-12-31,4025,2009-09-21,2015-12-18,757,,,0
ORLY,1996-01-02,2015-12-31,5036,2000-01-03,2015-12-31,4025,2010-05-07,2015-11-06,924,,,0
ORX,,,0,,,0,,,0,,,0
OWENQ,,,0,2000-01-03,2006-10-31,1718,,,0,,,0
OXY,1996-01-02,2015-12-31,5036,2000-01-03,2015-12-31,4025,2009-08-06,2015-10-30,837,,,0
PAC,,,0,,,0,,,0,,,0
PALM,,,0,2000-03-02,2010-07-01,2599,,,0,,,0
PAS,,,0,,,0,,,0,,,0
PAYX,1996-01-02,2015-12-31,5036,2000-01-03,2015-12-31,4025,2009-09-23,2015-12-23,852,,,0
PBCT,,,0,2000-01-03,2015-12-31,4025,,,0,2009-08-10,2015-11-09,646
PBG,,,0,2000-01-03,2015-12-31,4025,,,0,2009-10-09,2010-02-22,63
PBI,1996-01-02,2015-12-31,5036,2000-01-03,2015-12-31,4025,2009-08-05,2015-11-06,754,,,0
PBY,,,0,,,0,,,0,,,0
PCAR,1996-01-02,2015-12-31,5036,2000-01-03,2015-12-31,4025,2009-08-28,2015-11-05,634,,,0
PCG,1996-01-02,2015-12-31,5036,2000-01-03,2015-12-31,4025,2009-08-05,2015-10-28,684,,,0
PCH,,,0,2000-01-03,2015-12-31,4025,,,0,,,0
PCL,,,0,2000-01-03,2015-12-31,4025,,,0,2009-11-04,2015-11-03,88
PCP,,,0,2000-01-03,2015-12-31,4025,,,0,2009-08-07,2015-11-05,1002
PCS,,,0,2007-04-19,2013-04-30,1519,,,0,2010-08-09,2015-10-27,805
PD,,,0,,,0,,,0,,,0
PDCO,,,0,2000-01-03,2015-12-31,4025,,,0,2010-09-09,2015-12-10,886
PDG,,,0,2000-01-03,2015-12-15,1903,,,0,,,0
PEG,1996-01-02,2015-12-31,5036,2000-01-03,2015-12-31,4025,2009-08-03,2015-10-30,900,,,0
PEL,,,0,,,0,,,0,,,0
PEP,1996-01-02,2015-12-31,5036,2000-01-03,2015-12-31,4025,2009-10-08,2015-10-07,873,,,0
PET,,,0,,,0,,,0,,,0
PETM,,,0,2000-01-03,2015-03-11,3820,,,0,2010-08-27,2014-11-26,616
PFE,1996-01-02,2015-12-31,5036,2000-01-03,2015-12-31,4025,2009-08-06,2015-11-05,743,,,0
PFG,2001-10-23,2015-12-31,3573,2001-10-23,2015-12-31,3573,2009-08-05,2015-10-28,875,,,0
PG,1996-01-02,2015-12-31,5036,2000-01-03,2015-12-31,4025,2009-10-29,2015-10-26,1076,,,0
PGL,,,0,2000-01-03,2015-12-31,3535,,,0,,,0
PGN,,,0,2014-07-21,2015-12-17,358,,,0,2009-09-02,2012-11-08,475
PGR,1996-01-02,2015-12-31,5036,2000-01-03,2015-12-31,4025,2009-08-10,2015-11-05,572,,,0
PH,1996-01-02,2015-12-31,5036,2000-01-03,2015-12-31,4025,2009-11-03,2015-11-03,1112,,,0
PHA,,,0,2000-01-03,2003-04-15,824,,,0,,,0
PHB,,,0,,,0,,,0,,,0
PHM,1996-01-02,2015-12-31,5036,2000-01-03,2015-12-31,4025,2010-08-05,2015-10-22,665,,,0
PKI,,,0,2000-01-03,2015-12-31,4025,,,0,2010-08-10,2015-11-10,892
PLD,1997-11-21,2015-12-31,4556,2000-01-03,2015-12-31,4025,2010-08-03,2015-11-02,595,,,0
PLL,,,0,,,0,,,0,2010-12-10,2015-05-21,532
PM,2008-03-17,2015-12-31,1964,2008-03-17,2015-12-31,1964,2009-08-14,2015-10-30,1127,,,0
PMCS,,,0,2000-01-03,2015-12-31,4025,,,0,2010-08-05,2015-11-03,887
PMI,,,0,,,0,,,0,,,0
PNC,1996-01-02,2015-12-31,5036,2000-01-03,2015-12-31,4025,2009-08-10,2015-11-05,498,,,0
PNR,1996-01-02,2015-12-31,5036,2000-01-03,2015-12-31,4025,2010-07-29,2015-10-20,1204,,,0
PNU,,,0,2000-01-03,2000-03-31,63,,,0,,,0
PNW,1996-01-02,2015-12-31,5036,2000-01-03,2015-12-31,4025,2010-08-03,2015-10-30,674,,,0
POM,,,0,2000-01-03,2015-12-31,4025,,,0,,,0
PPG,1996-01-02,2015-12-31,5036,2000-01-03,2015-12-31,4025,2009-07-27,2015-10-26,1120,,,0
PPL,1996-01-02,2015-12-31,5036,2000-01-03,2015-12-31,4025,2009-08-25,2015-10-30,985,,,0
PPW,,,0,,,0,,,0,,,0
PRD,,,0,2000-01-03,2001-10-09,443,,,0,,,0
PRGO,1996-01-02,2015-12-31,5036,2000-01-03,2015-12-31,4025,2013-11-04,2015-11-02,359,,,0
PRU,2001-12-13,2015-12-31,3537,2001-12-13,2015-12-31,3537,2009-08-07,2015-11-05,869,,,0
PSA,1996-01-02,2015-12-31,5036,2000-01-03,2015-12-31,4025,2009-08-10,2015-11-05,833,,,0
PSFT,,,0,2008-04-10,2015-12-31,1947,,,0,,,0
PSX,2012-04-12,2015-12-31,937,2012-04-12,2015-12-31,937,2012-05-16,2015-10-30,383,,,0
PTC,1996-01-02,2015-12-31,5036,2000-01-03,2015-12-31,4025,2010-08-12,2015-11-23,774,,,0
PTV,,,0,2000-01-03,2010-11-16,2736,,,0,2010-08-09,2010-11-09,72
PVH,1996-01-02,2015-12-31,5036,2000-01-03,2015-12-31,4025,2010-10-06,2015-12-08,644,,,0
PVN,,,0,2000-01-03,2005-09-30,1445,,,0,,,0
PVT,,,0,,,0,,,0,,,0
PWER,,,0,,,0,,,0,,,0
PWJ,,,0,2000-01-03,2015-12-31,2229,,,0,,,0
PWR,1998-02-12,2015-12-31,4501,2000-01-03,2015-12-31,4025,2009-08-10,2015-11-06,950,,,0
PX,,,0,,,0,,,0,2009-04-29,2015-10-29,1210
PXD,,,0,2000-01-03,2015-12-31,4025,,,0,2009-08-12,2015-11-03,715
PYPL,2015-07-06,2015-12-31,126,2015-07-06,2015-12-31,126,2015-07-29,2015-10-29,63,,,0
PZE,,,0,,,0,,,0,,,0
Q,,,0,2003-09-10,2015-12-31,2572,,,0,,,0
QCOM,1996-01-02,2015-12-31,5036,2000-01-03,2015-12-31,4025,2009-07-22,2015-11-04,943,,,0
QEP,,,0,2010-06-16,2015-12-31,1397,,,0,2011-07-29,2015-10-28,570
QLGC,,,0,2000-01-03,2015-12-31,4025,,,0,2010-08-02,2015-10-29,778
QRVO,2015-01-02,2015-12-31,252,2000-01-03,2015-12-31,4025,2014-09-12,2015-11-12,157,,,0
QTRN,,,0,2000-01-03,2003-09-25,937,,,0,,,0
R,1996-01-02,2015-12-31,5036,2000-01-03,2015-12-31,4025,2010-07-23,2015-10-22,523,,,0
RAD,,,0,2000-01-03,2015-12-31,4025,,,0,,,0
RAI,,,0,2000-01-03,2015-12-31,4025,,,0,2009-07-31,2015-10-27,954
RAL,,,0,2000-01-03,2015-12-31,1965,,,0,,,0
RATL,,,0,2000-01-03,2003-02-20,786,,,0,,,0
RBD,,,0,,,0,,,0,,,0
RBK,,,0,2000-01-03,2006-01-31,1528,,,0,,,0
RCL,1996-01-02,2015-12-31,5036,2000-01-03,2015-12-31,4025,2010-04-29,2015-10-23,793,,,0
RDC,,,0,2000-01-03,2015-12-31,4025,,,0,2009-08-10,2015-11-03,821
RDS-A,,,0,,,0,,,0,,,0
REGN,1996-01-02,2015-12-31,5036,2000-01-03,2015-12-31,4025,2010-07-28,2015-11-04,653,,,0
RF,1996-01-02,2015-12-31,5036,2000-01-03,2015-12-31,4025,2009-08-05,2015-11-05,554,,,0
RHI,1996-01-02,2015-12-31,5036,2000-01-03,2015-12-31,4025,2010-08-02,2015-11-02,614,,,0
RHT,,,0,2000-01-03,2015-12-31,4025,,,0,2010-10-08,2015-10-07,1091
RIG,1996-01-02,2015-12-31,5036,2000-01-03,2015-12-31,4025,,,0,2009-08-14,2015-11-04,1154
RL,1997-06-12,2015-12-31,4670,2000-01-03,2015-12-31,4025,2010-08-10,2015-11-05,714,,,0
RLM,,,0,,,0,,,0,,,0
RML,,,0,2000-01-03,2015-12-15,4014,,,0,,,0
RNB,,,0,,,0,,,0,,,0
ROH,,,0,2000-01-03,2009-04-01,2325,,,0,,,0
ROK,1996-01-02,2015-12-31,5036,2000-01-03,2015-12-31,4025,2009-08-04,2015-11-17,964,,,0
ROP,1996-01-02,2015-12-31,5036,2000-01-03,2015-12-31,4025,2009-08-17,2015-11-03,937,,,0
ROST,1996-01-02,2015-12-31,5036,2000-01-03,2015-12-31,4025,2010-06-09,2015-12-09,724,,,0
RRC,1996-01-02,2015-12-31,5036,2000-01-03,2015-12-31,4025,2009-07-23,2015-10-28,855,,,0
RRD,,,0,2000-01-03,2015-12-31,4025,,,0,2009-05-06,2015-11-05,998
RSG,1998-07-01,2015-12-31,4405,2000-01-03,2015-12-31,4025,2009-08-07,2015-10-30,1096,,,0
RSHCQ,,,0,,,0,,,0,,,0
RTN,,,0,2000-01-03,2015-12-31,4025,,,0,2009-07-23,2015-10-22,1147
RX,,,0,2000-01-03,2014-12-15,2716,,,0,,,0
RYAN,,,0,,,0,,,0,,,0
RYC,,,0,,,0,,,0,,,0
RYI,,,0,,,0,,,0,,,0
S,,,0,,,0,,,0,,,0
SAF,,,0,,,0,,,0,,,0
SAI,,,0,,,0,,,0,2010-09-03,2015-10-30,832
SANM,1996-01-02,2015-12-31,5036,2000-01-03,2015-12-31,4025,,,0,2011-02-08,2015-11-19,687
SAPE,,,0,2000-01-03,2015-02-05,3797,,,0,,,0
SB,,,0,,,0,,,0,,,0
SBL,,,0,2000-01-03,2007-01-09,1764,,,0,,,0
SBUX,1996-01-02,2015-12-31,5036,2000-01-03,2015-12-31,4025,2009-08-05,2015-11-12,1240,,,0
SCG,,,0,2000-01-03,2015-12-31,4025,,,0,2010-08-04,2015-11-06,592
SCHW,1996-01-02,2015-12-31,5036,2000-01-03,2015-12-31,4025,2009-08-06,2015-11-05,821,,,0
SCI,,,0,2000-01-03,2015-12-31,4025,,,0,,,0
SDS,,,0,2006-07-13,2015-12-31,2385,,,0,,,0
SE,,,0,,,0,,,0,,,0
SEBL,,,0,2000-01-03,2006-01-31,1528,,,0,,,0
SEE,,,0,2000-01-03,2015-12-31,4025,,,0,2010-08-11,2015-11-03,768
SEG,,,0,,,0,,,0,,,0
SFA,,,0,2000-01-03,2006-02-24,1545,,,0,,,0
SFS,,,0,,,0,,,0,,,0
SGID,,,0,2000-01-03,2006-10-16,1707,,,0,,,0
SGP,,,0,2009-11-20,2015-12-31,1124,,,0,,,0
SHLD,,,0,,,0,,,0,2010-08-20,2015-12-03,766
SHN,,,0,,,0,,,0,,,0
SHW,1996-01-02,2015-12-31,5036,2000-01-03,2015-12-31,4025,2009-07-31,2015-10-29,1021,,,0
SIAL,,,0,2000-01-03,2015-11-18,3996,,,0,2009-08-03,2015-11-03,937
SIG,1996-01-02,2015-12-31,5036,2000-01-03,2015-12-31,3810,,,0,2010-08-27,2015-12-04,1059
SII,,,0,2009-08-11,2015-12-31,1007,,,0,,,0
SJM,1996-01-02,2015-12-31,5036,2000-01-03,2015-12-31,4025,2010-09-09,2015-12-04,805,,,0
SK,,,0,,,0,,,0,,,0
SLB,1996-01-02,2015-12-31,5036,2000-01-03,2015-12-31,4025,2009-07-29,2015-10-21,718,,,0
SLG,1997-08-15,2015-12-31,4625,2000-01-03,2015-12-31,4025,2010-08-09,2015-11-09,651,,,0
SLM,1996-01-02,2015-12-31,5036,2000-01-03,2015-12-31,4025,,,0,2009-08-05,2015-10-21,650
SLR,,,0,2000-01-03,2015-12-31,4025,,,0,,,0
SMI,,,0,,,0,,,0,,,0
SMS,,,0,2000-01-03,2013-10-10,1532,,,0,,,0
SNA,1996-01-02,2015-12-31,5036,2000-01-03,2015-12-31,4025,2010-07-28,2015-10-22,955,,,0
SNDK,,,0,,,0,,,0,,,0
SNI,,,0,2008-06-12,2015-12-31,1903,,,0,2010-08-09,2015-11-09,955
SNT,,,0,,,0,,,0,,,0
SNV,,,0,2000-01-03,2015-12-31,4025,,,0,2010-08-09,2015-11-05,605
SO,1996-01-02,2015-12-31,5036,2000-01-03,2015-12-31,4025,2009-08-27,2015-11-05,663,,,0
SOTR,,,0,2000-01-03,2004-10-29,1213,,,0,,,0
SOV,,,0,2000-01-03,2015-12-31,4025,,,0,2011-08-12,2015-11-13,360
SPG,1996-01-02,2015-12-31,5036,2000-01-03,2015-12-31,4025,2009-09-04,2015-11-04,679,,,0
SPGI,1996-01-02,2015-12-31,5036,2000-01-03,2015-12-31,4025,2009-07-29,2015-11-04,1198,,,0
SPLS,,,0,2000-01-03,2015-12-31,4025,,,0,2009-08-25,2015-11-18,1010
SRCL,,,0,2000-01-03,2015-12-31,4025,,,0,2010-08-09,2015-11-09,835
SRE,1998-06-29,2015-12-31,4407,2000-01-03,2015-12-31,4025,2009-07-31,2015-11-03,729,,,0
SRR,,,0,,,0,,,0,,,0
SSP,1996-01-02,2015-12-31,5036,2000-01-03,2015-12-31,4025,,,0,2011-08-09,2015-11-06,709
STI,,,0,,,0,,,0,,,0
STJ,,,0,2000-01-03,2015-12-31,4025,,,0,2009-08-12,2015-11-10,1120
STO,,,0,,,0,,,0,,,0
STR,,,0,,,0,,,0,2009-09-02,2015-11-05,1296
STT,1996-01-02,2015-12-31,5036,2000-01-03,2015-12-31,4025,2009-08-10,2015-11-06,612,,,0
STX,2002-12-11,2015-12-31,3287,2002-12-11,2015-12-31,3287,2010-11-03,2015-10-30,681,,,0
STZ,1996-01-02,2015-12-31,5036,2000-01-03,2015-12-31,4025,2010-10-12,2015-10-07,764,,,0
SUB,,,0,2008-11-07,2015-12-31,1798,,,0,,,0
SUN,,,0,2012-09-20,2015-12-31,825,,,0,,,0
SUNEQ,,,0,,,0,,,0,,,0
SVU,,,0,2000-01-03,2015-12-31,4025,,,0,2009-07-29,2015-10-21,888
SWK,1996-01-02,2015-12-31,5036,2000-01-03,2015-12-31,4025,2010-07-30,2015-10-27,1193,,,0
SWKS,1996-01-02,2015-12-31,5036,2000-01-03,2015-12-31,4025,2010-05-11,2015-11-24,842,,,0
SWN,,,0,2000-01-03,2015-12-31,4025,,,0,2009-08-20,2015-10-22,974
SWY,,,0,2000-01-03,2015-01-29,3792,,,0,2009-05-06,2015-03-04,1130
SXCL,,,0,2000-01-03,2015-12-31,4025,,,0,,,0
SYF,2014-07-31,2015-12-31,359,2014-07-31,2015-12-31,359,2014-09-05,2015-10-30,121,,,0
SYK,1996-01-02,2015-12-31,5036,2000-01-03,2015-12-31,4025,2009-09-03,2015-10-23,1098,,,0
SYMC,,,0,2003-09-10,2015-12-31,3100,,,0,2009-08-05,2015-11-06,857
SYY,1996-01-02,2015-12-31,5036,2000-01-03,2015-12-31,4025,2009-11-03,2015-11-03,821,,,0
T,1996-01-02,2015-12-31,5036,2000-01-03,2015-12-31,4025,2009-08-05,2015-11-06,882,,,0
TA,,,0,,,0,,,0,,,0
TAP,1996-01-02,2015-12-31,5036,2000-01-03,2015-12-31,4025,2009-08-04,2015-11-05,937,,,0
TCOMA,,,0,,,0,,,0,,,0
TDC,2007-10-01,2015-12-31,2079,2007-09-12,2015-12-31,2092,2010-08-05,2015-11-06,793,,,0
TDM,,,0,,,0,,,0,,,0
TE,,,0,,,0,,,0,,,0
TEG,,,0,2000-01-03,2015-06-29,3896,,,0,2010-08-05,2015-08-05,736
TEK,,,0,,,0,,,0,,,0
TEL,2007-06-14,2015-12-31,2154,2007-06-14,2015-12-31,2154,2009-07-31,2015-11-10,1096,,,0
TEN,,,0,,,0,,,0,,,0
TER,1996-01-02,2015-12-31,5036,2000-01-03,2015-12-31,4025,2010-08-12,2015-11-13,785,,,0
TEX,1996-01-02,2015-12-31,5036,2000-01-03,2015-12-31,4025,,,0,2009-07-30,2015-10-23,841
TGNA,,,0,2000-01-03,2015-12-31,4025,,,0,2009-07-30,2015-11-06,931
TGT,1996-01-02,2015-12-31,5036,2000-01-03,2015-12-31,4025,2009-08-28,2015-11-25,903,,,0
THC,1996-01-02,2015-12-31,5036,2000-01-03,2015-12-31,4025,,,0,2010-08-03,2015-11-02,593
THY,,,0,,,0,,,0,,,0
TIE,,,0,2000-01-03,2013-01-07,3273,,,0,2010-08-03,2012-11-13,355
TIF,,,0,2000-01-03,2015-12-31,4025,,,0,2010-09-02,2015-11-24,986
TIN,,,0,2000-01-03,2015-12-31,4025,,,0,2010-08-09,2011-11-07,198
TJX,1996-01-02,2015-12-31,5036,2000-01-03,2015-12-31,4025,2009-08-28,2015-12-01,876,,,0
TKR,,,0,2000-01-03,2015-12-31,4025,,,0,,,0
TLAB,,,0,2000-01-03,2013-12-03,3502,,,0,2010-08-10,2013-10-31,561
TMC,,,0,,,0,,,0,,,0
TMC-A,,,0,,,0,,,0,,,0
TMK,,,0,2003-09-10,2015-12-31,3100,,,0,2009-08-07,2015-11-06,821
TMO,1996-01-02,2015-12-31,5036,2000-01-03,2015-12-31,4025,2009-07-31,2015-10-30,1235,,,0
TMUS,2007-04-19,2015-12-31,2193,2007-04-19,2015-12-31,2193,2010-08-09,2015-10-27,805,,,0
TNB,,,0,2000-01-03,2012-05-16,3113,,,0,,,0
TOS,,,0,2000-01-03,2015-12-31,2264,,,0,,,0
TOY,,,0,2000-01-03,2015-12-31,1767,,,0,,,0
TPR,2000-10-06,2015-12-31,3832,2000-10-05,2015-12-31,3833,2009-11-04,2015-11-04,1026,,,0
TRB,,,0,2000-01-03,2007-12-20,2004,,,0,2015-05-08,2015-11-10,88
TRIP,2011-12-07,2015-12-31,1023,2011-12-07,2015-12-31,1023,2011-12-06,2015-11-05,468,,,0
TROW,1996-01-02,2015-12-31,5036,2000-01-03,2015-12-31,4025,2009-07-24,2015-10-22,758,,,0
TRV,1996-01-02,2015-12-31,5036,2000-01-03,2015-12-31,4025,2009-08-05,2015-10-20,581,,,0
TRW,,,0,2004-02-03,2015-05-14,2840,,,0,,,0
TSCO,1996-01-02,2015-12-31,5036,2000-01-03,2015-12-31,4025,2010-08-03,2015-11-05,702,,,0
TSG,,,0,2010-10-15,2015-12-31,1312,,,0,,,0
TSN,1996-01-02,2015-12-31,5036,2000-01-03,2015-12-31,4025,2010-08-09,2015-11-23,1001,,,0
TSS,,,0,2000-01-03,2015-12-31,4025,,,0,2010-08-09,2015-11-05,852
TT,1996-01-02,2015-12-31,5036,2000-01-03,2015-12-31,4025,2009-08-06,2015-10-27,978,,,0
TUP,,,0,2000-01-03,2015-12-31,4025,,,0,,,0
TWC,,,0,2007-01-10,2015-12-31,2261,,,0,2010-04-29,2015-10-29,829
TWX,,,0,2000-01-03,2015-12-31,4025,,,0,2009-07-29,2015-11-04,863
TX,,,0,2006-02-01,2015-12-31,2497,,,0,,,0
TXN,1996-01-02,2015-12-31,5036,2000-01-03,2015-12-31,4025,2009-07-29,2015-11-05,795,,,0
TXT,1996-01-02,2015-12-31,5036,2000-01-03,2015-12-31,4025,2009-07-31,2015-10-28,646,,,0
TXU,,,0,2000-01-03,2007-10-10,1954,,,0,2011-07-29,2015-11-03,492
UAA,2005-11-18,2015-12-31,2546,2005-11-18,2015-12-31,2546,2010-08-05,2015-11-04,809,,,0
UAL,2006-02-06,2015-12-31,2494,2006-01-26,2015-12-31,2501,2010-07-20,2015-10-22,785,,,0
UAWGQ,,,0,,,0,,,0,,,0
UCC,,,0,,,0,,,0,,,0
UCL,,,0,,,0,,,0,,,0
UCM,,,0,2000-01-03,2015-12-31,2247,,,0,,,0
UHS,1996-01-02,2015-12-31,5036,2000-01-03,2015-12-31,4025,2010-08-09,2015-11-06,835,,,0
UIS,1996-01-02,2015-12-31,5036,2000-01-03,2015-12-31,4025,,,0,2010-07-30,2015-10-23,685
UK,,,0,,,0,,,0,,,0
UMG,,,0,2007-06-20,2015-12-31,2145,,,0,,,0
UN,,,0,2000-01-03,2015-12-31,4025,,,0,,,0
UNH,1996-01-02,2015-12-31,5036,2000-01-03,2015-12-31,4025,2009-08-06,2015-11-05,1118,,,0
UNM,1996-01-02,2015-12-31,5036,2000-01-03,2015-12-31,4025,2009-08-05,2015-10-29,553,,,0
UNP,1996-01-02,2015-12-31,5036,2000-01-03,2015-12-31,4025,2009-07-24,2015-10-22,888,,,0
UPC,,,0,,,0,,,0,,,0
UPR,,,0,2000-01-03,2015-12-31,2465,,,0,,,0
UPS,1999-11-10,2015-12-31,4061,2000-01-03,2015-12-31,4025,2009-08-07,2015-11-05,1014,,,0
URBN,1996-01-02,2015-12-31,5036,2000-01-03,2015-12-31,4025,,,0,2010-09-08,2015-12-08,763
URI,1997-12-18,2015-12-31,4538,2000-01-03,2015-12-31,4025,2011-07-19,2015-10-21,810,,,0
USB,1996-01-02,2015-12-31,5036,2000-01-03,2015-12-31,4025,2009-08-10,2015-11-04,614,,,0
USBC,,,0,,,0,,,0,,,0
USH,,,0,,,0,,,0,,,0
USHC,,,0,,,0,,,0,,,0
USS,,,0,,,0,,,0,,,0
UST,,,0,2010-01-22,2015-12-31,1468,,,0,,,0
USW,,,0,2000-01-03,2000-06-30,126,,,0,,,0
UTX,,,0,2000-01-03,2015-12-31,4025,,,0,2009-07-24,2015-10-23,828
UVN,,,0,2000-01-03,2015-12-15,3762,,,0,,,0
V,2008-03-19,2015-12-31,1962,2008-03-19,2015-12-31,1962,2009-07-30,2015-11-20,772,,,0
VAR,,,0,2000-01-03,2015-12-31,4025,,,0,2009-08-11,2015-11-25,1060
VAT,,,0,,,0,,,0,,,0
VFC,1996-01-02,2015-12-31,5036,2000-01-03,2015-12-31,4025,2009-08-11,2015-11-06,952,,,0
VIAB,,,0,2005-12-05,2015-12-31,2536,,,0,2009-07-28,2015-11-12,975
VIAV,,,0,2000-01-03,2015-12-31,4025,,,0,,,0
VLO,1996-01-02,2015-12-31,5036,2000-01-03,2015-12-31,4025,2009-08-07,2015-11-04,853,,,0
VMC,1996-01-02,2015-12-31,5036,2000-01-03,2015-12-31,4025,2009-08-05,2015-11-04,1220,,,0
VNO,1996-01-02,2015-12-31,5036,2000-01-03,2015-12-31,4025,2009-08-21,2015-11-02,809,,,0
VO,,,0,2004-01-30,2015-12-31,2999,,,0,,,0
VRSK,2009-10-07,2015-12-31,1570,2009-10-07,2015-12-31,1570,2011-05-03,2015-10-27,609,,,0
VRSN,1998-01-30,2015-12-31,4510,2000-01-03,2015-12-31,4025,2009-08-06,2015-10-22,726,,,0
VRTS,,,0,2009-01-02,2015-12-31,1762,,,0,,,0
VRTX,1996-01-02,2015-12-31,5036,2000-01-03,2015-12-31,4024,2010-05-03,2015-10-30,769,,,0
VSTNQ,,,0,2000-06-08,2010-10-01,2595,,,0,,,0
VTR,1997-05-05,2015-12-31,4697,2000-01-03,2015-12-31,4025,2009-08-05,2015-10-26,868,,,0
VTSS,,,0,2000-01-03,2015-04-27,3852,,,0,,,0
VZ,1996-01-02,2015-12-31,5036,2000-01-03,2015-12-31,4025,2009-07-30,2015-10-27,823,,,0
WAI,,,0,,,0,,,0,,,0
WAMUQ,,,0,2000-01-03,2012-03-20,3073,,,0,,,0
WAT,1996-01-02,2015-12-31,5036,2000-01-03,2015-12-31,4025,2009-08-07,2015-11-06,840,,,0
WB,,,0,2014-04-17,2015-12-31,431,,,0,,,0
WBA,,,0,2000-01-03,2015-12-31,4025,2014-12-30,2015-10-28,163,,,0
WCOEQ,,,0,,,0,,,0,,,0
WDC,1996-01-02,2015-12-31,5036,2000-01-03,2015-12-31,4025,2009-10-29,2015-11-10,904,,,0
WEC,1996-01-02,2015-12-31,5036,2000-01-03,2015-12-31,4025,2009-08-04,2015-11-06,835,,,0
WELL,1996-01-02,2015-12-31,5036,2000-01-03,2015-12-31,4025,2010-08-06,2015-10-30,949,,,0
WEN,1996-01-02,2015-12-31,5036,2000-01-03,2015-12-31,4025,,,0,2010-08-12,2015-11-04,686
WFC,1996-01-02,2015-12-31,5036,2000-01-03,2015-12-31,4025,2009-08-07,2015-11-04,617,,,0
WFM,,,0,2000-01-03,2015-12-31,4025,,,0,2010-08-13,2015-11-13,880
WFT,,,0,2000-01-03,2015-12-31,4025,,,0,2009-09-01,2014-04-29,942
WHR,1996-01-02,2015-12-31,5036,2000-01-03,2015-12-31,4025,2010-07-20,2015-10-23,915,,,0
WIN,,,0,2003-09-10,2015-12-31,3100,,,0,2009-08-06,2015-11-05,909
WLA,,,0,2000-01-03,2000-06-19,117,,,0,,,0
WLL,,,0,2004-12-20,2015-12-16,1010,,,0,,,0
WLP,,,0,2014-09-22,2014-12-02,51,,,0,2009-07-29,2015-10-28,957
WM,1996-01-02,2015-12-31,5036,2000-01-03,2015-12-31,4025,2009-07-30,2015-10-27,938,,,0
WMB,1996-01-02,2015-12-31,5036,2000-01-03,2015-12-31,4025,2009-08-27,2015-10-29,943,,,0
WMT,1996-01-02,2015-12-31,5036,2000-01-03,2015-12-31,4025,2009-09-09,2015-12-02,1144,,,0
WMX,,,0,,,0,,,0,,,0
WNDXQ,,,0,2000-01-03,2006-11-21,1733,,,0,,,0
WOR,,,0,2000-01-03,2015-12-31,4025,,,0,,,0
WPX,,,0,2011-12-12,2015-12-31,1020,,,0,2012-05-04,2015-11-05,523
WRK,,,0,2000-01-03,2015-12-31,4025,,,0,,,0
WU,2006-10-02,2015-12-31,2329,2006-09-20,2015-12-31,2337,2009-05-04,2015-10-29,647,,,0
WWY,,,0,2000-01-03,2015-12-31,3517,,,0,,,0
WY,1996-01-02,2015-12-31,5036,2000-01-03,2015-12-31,4025,2009-08-10,2015-10-30,1052,,,0
WYE,,,0,2000-01-03,2009-10-15,2462,,,0,2009-08-06,2009-08-06,27
WYND,,,0,,,0,,,0,,,0
WYNN,2002-10-25,2015-12-31,3319,2002-10-25,2015-12-31,3319,2010-08-09,2015-11-06,937,,,0
X,,,0,2000-01-03,2015-12-31,4025,,,0,2009-07-28,2015-11-04,887
XEC,,,0,2002-09-25,2015-12-31,3341,,,0,2009-08-07,2015-11-04,667
XEL,1996-01-02,2015-12-31,5036,2000-01-03,2015-12-31,4025,2009-07-31,2015-10-30,842,,,0
XL,,,0,,,0,,,0,2010-08-06,2015-11-05,604
XLNX,,,0,2000-01-03,2015-12-31,4025,,,0,2010-08-09,2015-10-28,717
XOM,1996-01-02,2015-12-31,5036,2000-01-03,2015-12-31,4025,,,0,,,0
XRAY,1996-01-02,2015-12-31,5036,2000-01-03,2015-12-31,4025,2009-07-30,2015-10-30,878,,,0
XRX,1996-01-02,2015-12-31,5036,2000-01-03,2015-12-31,4025,,,0,,,0
XTO,,,0,2000-01-03,2010-06-25,2636,,,0,2009-08-06,2010-05-06,99
XYL,2011-10-13,2015-12-31,1061,2011-10-13,2015-12-31,1061,2011-11-21,2015-10-29,738,,,0
YNR,,,0,,,0,,,0,,,0
YRCW,,,0,,,0,,,0,,,0
YUM,1997-09-17,2015-12-31,4603,2000-01-03,2015-12-31,4025,2009-10-13,2015-10-15,942,,,0
ZBH,2001-07-25,2015-12-31,3632,2001-07-25,2015-12-31,3632,2009-08-17,2015-11-09,890,,,0
ZION,1996-01-02,2015-12-31,5036,2000-01-03,2015-12-31,4025,2010-08-09,2015-11-06,534,,,0
ZTS,2013-02-01,2015-12-31,735,2013-02-01,2015-12-31,735,2013-05-15,2015-11-05,374,,,0
