,pe,pb,ev_ebitda,roic,operating_margin,revenue_cagr_3y,fcf_cagr_3y,momentum_12m,rel_strength_6m,price_vs_sma200,debt_to_equity,volatility,max_drawdown
pe,1.0,0.5038785074827389,0.8134506415786698,0.31228339642648084,0.009593016443119587,-0.1390866492809818,-0.06849365763653936,-0.19740835383809657,-0.1521781438193233,-0.17599519860699528,0.07461636074972257,-0.08247371370136532,-0.21292054805189886
pb,0.5038785074827389,1.0,0.5771152595973246,-0.4920429402033547,-0.1407545590907304,-0.09841239200049108,-0.05893070435573666,-0.20782604670462032,-0.1442010932881547,-0.17243967443940816,0.26141332630601505,-0.15773620721627585,-0.2880900598785831
ev_ebitda,0.8134506415786698,0.5771152595973246,1.0,0.11421532157387904,-0.02030686677648506,-0.10711110168280537,-0.04558475153144504,-0.19918630185366168,-0.14756730306924745,-0.17335768715050512,0.014510076053614322,-0.10249906917935582,-0.22590246332975442
roic,0.31228339642648084,-0.4920429402033547,0.11421532157387904,1.0,0.29337264883906533,0.08220914134044358,0.07536604043580315,0.06439966278877374,0.022955615820296066,0.034426546436861924,0.17398634625146497,0.12619503123589138,0.17149045616198139
operating_margin,0.009593016443119587,-0.1407545590907304,-0.02030686677648506,0.29337264883906533,1.0,0.13141101168529726,0.11757747594983871,0.02437589047548252,0.003092493896262303,0.009294982155132641,-0.01542056850430918,0.16465299220044868,0.20178618450562455
revenue_cagr_3y,-0.1390866492809818,-0.09841239200049108,-0.10711110168280537,0.08220914134044358,0.13141101168529726,1.0,0.4437921498053679,0.014633801591238543,0.009886963868078873,0.007638711578516726,0.16299939312815862,-0.16088983734460097,0.040337832874458274
fcf_cagr_3y,-0.06849365763653936,-0.05893070435573666,-0.04558475153144504,0.07536604043580315,0.11757747594983871,0.4437921498053679,1.0,0.0907827553198713,0.05693115685328822,0.060713652156060456,0.06858777461741748,-0.11169821353309638,0.05102118055371071
momentum_12m,-0.19740835383809657,-0.20782604670462032,-0.19918630185366168,0.06439966278877374,0.02437589047548252,0.014633801591238543,0.0907827553198713,1.0,0.6655494388680031,0.7431285700105688,-0.043281095249253325,0.06777845183963152,0.22092430850844869
rel_strength_6m,-0.1521781438193233,-0.1442010932881547,-0.14756730306924745,0.022955615820296066,0.003092493896262303,0.009886963868078873,0.05693115685328822,0.6655494388680031,1.0,0.9224817368652837,-0.038410353220673606,0.0420454843396713,0.12621283062055638
price_vs_sma200,-0.17599519860699528,-0.17243967443940816,-0.17335768715050512,0.034426546436861924,0.009294982155132641,0.007638711578516726,0.060713652156060456,0.7431285700105688,0.9224817368652837,1.0,-0.04148438986872637,0.06086266015734014,0.15587174149351027
debt_to_equity,0.07461636074972257,0.26141332630601505,0.014510076053614322,0.17398634625146497,-0.01542056850430918,0.16299939312815862,0.06858777461741748,-0.043281095249253325,-0.038410353220673606,-0.04148438986872637,1.0,-0.15192762862702502,-0.1274164731766768
volatility,-0.08247371370136532,-0.15773620721627585,-0.10249906917935582,0.12619503123589138,0.16465299220044868,-0.16088983734460097,-0.11169821353309638,0.06777845183963152,0.0420454843396713,0.06086266015734014,-0.15192762862702502,1.0,0.7517881632131315
max_drawdown,-0.21292054805189886,-0.2880900598785831,-0.22590246332975442,0.17149045616198139,0.20178618450562455,0.040337832874458274,0.05102118055371071,0.22092430850844869,0.12621283062055638,0.15587174149351027,-0.1274164731766768,0.7517881632131315,1.0
