fecha,metric,n,ic,fm,q_spread,d_spread
2011-07-02,pe,243,0.12370433930294834,0.08124440815636416,0.028492405419706074,0.030113815217121837
2011-07-02,pb,253,-0.13547441945250918,-0.04865784132096328,-0.041404012918884764,-0.03788532791805496
2011-07-02,ev_ebitda,166,0.13924352827750852,0.09798911303736468,0.0751095241092905,0.01306639989276731
2011-07-02,roic,205,0.16778844144809238,0.08633247282964342,0.048021536058673125,0.1279989110024779
2011-07-02,operating_margin,196,0.20607224537608876,0.0879783178506126,0.06002912214631698,0.10008772498038104
2011-07-02,revenue_cagr_3y,198,0.07462400450181997,0.0287565937333664,0.014576972959583573,0.06353833542274628
2011-07-02,fcf_cagr_3y,151,0.09951899616591146,0.04976779870627264,0.04225899747266518,-0.035359547675479
2011-07-02,momentum_12m,258,-0.1158318627325957,-0.05318937643107358,-0.04551345260578096,-0.028072456233747156
2011-07-02,rel_strength_6m,258,0.15921653520060902,0.06697605018599202,0.0674926988695507,0.0949488660121724
2011-07-02,price_vs_sma200,258,0.17950436184080198,0.07848674749289408,0.07690924562615584,0.10788761001295372
2011-07-02,debt_to_equity,213,-0.13275970405398355,-0.0581710346093076,-0.04384922650734094,-0.04673103145503665
2011-07-02,volatility,258,0.618722462266033,0.29418948530878875,0.2431761245077036,0.33510452832564575
2011-07-02,max_drawdown,258,0.5179583321832892,0.2423891604830483,0.21294349221600611,0.2599508640195808
2011-10-02,pe,255,0.07436023622047244,-0.0025313840270209465,0.009218185062729034,0.00626407360781947
2011-10-02,pb,265,0.16875894711048636,0.06610632172854113,0.04481115076527206,0.041918429502381394
2011-10-02,ev_ebitda,169,0.07562527969767789,-0.0022051228944576506,0.0200430908104047,0.0996818928497509
2011-10-02,roic,215,-0.12731048805815162,-0.0636369598875624,-0.03944508494457835,-0.04308173385079889
2011-10-02,operating_margin,200,-0.03866046651166279,-0.01637245052422869,-0.01000716337796001,-0.0006186091612507827
2011-10-02,revenue_cagr_3y,213,-0.1589828159576397,-0.07608013805506485,-0.049882242983116304,-0.10225950712098272
2011-10-02,fcf_cagr_3y,164,-0.04382626202168323,-0.026127174405175806,-0.04644879982193817,0.007664237590649048
2011-10-02,momentum_12m,270,-0.23348072142431459,-0.09675649045663141,-0.08070517935760918,-0.04356537053726525
2011-10-02,rel_strength_6m,270,-0.3937609264568482,-0.17188711301632983,-0.13992178202974567,-0.16513796206233283
2011-10-02,price_vs_sma200,270,-0.37581463546977467,-0.16221847217517163,-0.13335725782898206,-0.15486968791792996
2011-10-02,debt_to_equity,223,0.11563533424519971,0.03444333523641909,0.030803907023425614,0.040135692951084184
2011-10-02,volatility,270,-0.31374763561762004,-0.12984933958014538,-0.11942852453537026,-0.14502223866731845
2011-10-02,max_drawdown,270,-0.32456747615803294,-0.1347483001718092,-0.12246626527649572,-0.10753456029180879
2012-01-02,pe,256,0.054500457770656895,-0.003636155977665246,0.023210743710141507,0.0004533979626043516
2012-01-02,pb,264,0.09481507086069821,0.01732727579406596,0.04612886106154013,0.10835881939122509
2012-01-02,ev_ebitda,172,-0.016223176572968918,-0.042306277905671125,-0.006271970064256477,0.026293547530897188
2012-01-02,roic,215,0.08346132483276583,0.031902705488078394,0.01861176381001582,0.025347602452579124
2012-01-02,operating_margin,201,-0.06510418205999705,-0.04071572046200048,-0.019534838930827178,0.013870096177978103
2012-01-02,revenue_cagr_3y,212,-0.02694608138862685,-0.0046291763974232285,-0.006880677702612664,-0.02999752418949203
2012-01-02,fcf_cagr_3y,162,0.13697197559560856,0.04317503279957637,0.04391172303059761,0.07679890776513465
2012-01-02,momentum_12m,269,-0.27170590665014455,-0.10794651206516438,-0.11276263810376662,-0.09814121079448543
2012-01-02,rel_strength_6m,269,-0.3094749301818047,-0.12096118155584533,-0.09647330029918624,-0.13985976319818766
2012-01-02,price_vs_sma200,269,-0.2999377338832479,-0.11791945635455814,-0.09347893665159586,-0.10736237230099516
2012-01-02,debt_to_equity,220,0.17265458151840102,0.04923253700672319,0.017027535263933427,-0.02485680366653427
2012-01-02,volatility,269,-0.33546887618906707,-0.10955304272073409,-0.12103642821780175,-0.12442547156484622
2012-01-02,max_drawdown,269,-0.25835938029801425,-0.07675232718360266,-0.08138775517478856,-0.10964226523193313
2012-04-02,pe,262,-0.0630787703121127,-0.013929991835633858,-0.013873865205276531,-0.07745286678715967
2012-04-02,pb,280,-0.0673390513362962,-0.008684188413976812,-0.030244243126376167,-0.056446778475483045
2012-04-02,ev_ebitda,190,-0.021043008918456705,0.022675679452725157,-0.011862133076572787,-0.024763517394127663
2012-04-02,roic,222,-0.06775375095079658,-0.025770283398479497,-0.02416764501103088,0.020175014146324444
2012-04-02,operating_margin,215,0.1010806829433215,0.03737719464822381,0.037662498674102346,0.03859122659636671
2012-04-02,revenue_cagr_3y,243,-0.1080075469047153,-0.046147117389269146,-0.047086961606578916,-0.05332384559738454
2012-04-02,fcf_cagr_3y,185,-0.013951328607710095,-0.0007938282416681923,-0.01049936222882409,-0.03279367062321041
2012-04-02,momentum_12m,285,0.3817808581337121,0.1422311376259036,0.11503225619984203,0.09979096931885603
2012-04-02,rel_strength_6m,285,-0.3088871839798452,-0.11379448912116309,-0.08028048245123508,-0.09568925840764254
2012-04-02,price_vs_sma200,285,-0.03905405195249524,-0.013336085259672434,-0.0005257501123403369,0.007046533916389611
2012-04-02,debt_to_equity,234,-0.28176469073190835,-0.10902025797914672,-0.07495788105320793,-0.07504937442276279
2012-04-02,volatility,285,0.5482045752616546,0.22183425326120193,0.18618726418083337,0.22827224422586934
2012-04-02,max_drawdown,285,0.5477038158283525,0.2189515856061148,0.17506694173797907,0.22013188456577765
2012-07-02,pe,270,0.11105075363021287,0.02947701582295172,0.03142720910584885,0.0020789833551432615
2012-07-02,pb,288,0.08141836361517348,0.04715074149520452,0.03802997830170815,-0.001219148646170086
2012-07-02,ev_ebitda,196,0.042025994310258274,0.024484979550685456,0.011101207824754614,-0.004940343226156468
2012-07-02,roic,227,-0.01377190588650489,-0.033302458406460574,-0.03623779051447882,-0.010705100975539603
2012-07-02,operating_margin,220,-0.008257495928728806,-0.02167363106547891,-0.02635500735634709,-0.024947785778809618
2012-07-02,revenue_cagr_3y,249,0.05956082394092499,0.03396347522514092,0.032516115208212716,0.05593543708541877
2012-07-02,fcf_cagr_3y,190,-0.20881435700945208,-0.07948375857178817,-0.0755676562394286,-0.08113075680418778
2012-07-02,momentum_12m,293,-0.08240932541140258,-0.04755747311702737,-0.03768389363236867,-0.06459294931447418
2012-07-02,rel_strength_6m,293,-0.03365023600725531,-0.02346367237111477,-0.024609811403595132,0.017844704682703993
2012-07-02,price_vs_sma200,293,-0.09262533383075985,-0.04093322638744251,-0.02086223830624699,-0.008719038691451998
2012-07-02,debt_to_equity,238,0.036842426181849255,-0.003772124058347999,-0.013728132454791785,-0.008385565463865319
2012-07-02,volatility,293,-0.15698752267282157,-0.07453523164441977,-0.056814954758759584,-0.06186922662055853
2012-07-02,max_drawdown,293,-0.14361139284831706,-0.07125315063031026,-0.05444019554283768,-0.05112154219949673
2012-10-02,pe,287,0.0833485620070986,0.012877808001266132,0.02988443902837531,0.04381081898058566
2012-10-02,pb,312,0.17856287718527428,0.059388695236245084,0.07141259390608352,0.10332210757164499
2012-10-02,ev_ebitda,213,0.09571677996031203,0.010590443956338846,0.020205133861933892,0.04727058221759614
2012-10-02,roic,240,-0.11670688727234844,-0.036684985791588375,-0.031065513133348523,-0.0704431038225781
2012-10-02,operating_margin,240,-0.20561988923418806,-0.07690516560501733,-0.06660978848057958,-0.08864757516007574
2012-10-02,revenue_cagr_3y,272,-0.0928681151711323,-0.02522684189923366,-0.027181322305268242,-0.02873431996806948
2012-10-02,fcf_cagr_3y,210,-0.042079995335171184,-0.022829038035357904,-0.0234098167924551,-0.02964086640447524
2012-10-02,momentum_12m,316,-0.01236463758525812,-0.012608146225700102,-0.022034453612426494,-0.04347189048856892
2012-10-02,rel_strength_6m,317,-0.2780696447393502,-0.09110697416797109,-0.09434035116070004,-0.10179668552295341
2012-10-02,price_vs_sma200,317,-0.20925442201677263,-0.07048964187545484,-0.07533457834605664,-0.10934264112445694
2012-10-02,debt_to_equity,256,0.052934023804074144,0.029816731402979087,0.014019781379001103,0.047166581590983025
2012-10-02,volatility,317,-0.344286694809456,-0.10527837376519936,-0.09362680424450072,-0.13428677615563406
2012-10-02,max_drawdown,317,-0.3491213979879136,-0.10668110723830145,-0.09421558262476287,-0.10909383315807197
2013-01-02,pe,291,-0.005445850722428646,0.0025383429150656923,0.0005831416439287251,0.04096236878374797
2013-01-02,pb,315,0.10955721158091554,0.044099301423730176,0.03771284450116133,0.050063272404320625
2013-01-02,ev_ebitda,214,0.034164648836290945,0.02745328591688506,-0.0048182065149063175,-0.006204229739144855
2013-01-02,roic,240,-0.08847636243684784,-0.03539296290862982,-0.04088890546060002,-0.03851523817907605
2013-01-02,operating_margin,241,-0.10479064503960771,-0.058178217297163735,-0.05551824024238977,-0.06676435537819532
2013-01-02,revenue_cagr_3y,273,-0.2614832569748843,-0.08949362266462879,-0.07053575742433842,-0.047088966733557044
2013-01-02,fcf_cagr_3y,209,-0.11066565013933435,-0.039993895372947785,-0.03861568399945012,-0.00285941922755005
2013-01-02,momentum_12m,320,0.001541030674127677,0.014810195393943442,0.018400448022796168,0.00011386376205396731
2013-01-02,rel_strength_6m,320,-0.027230246389124895,0.0012349572623629361,0.006156579690497696,0.009927048295176738
2013-01-02,price_vs_sma200,320,-0.012797366185216652,0.00407806692256051,0.01400987462479912,0.03254813931304895
2013-01-02,debt_to_equity,255,-0.07069823992589162,-0.013208824194373293,-0.02926980614418137,-0.055175800877439785
2013-01-02,volatility,320,0.17681129698532214,0.06768957604963877,0.0509831537863804,0.06755908620697447
2013-01-02,max_drawdown,320,0.13365181788884659,0.04398464304057633,0.029081945107742632,0.015429937839391311
2013-04-02,pe,272,0.23992872766478143,0.06632411483774331,0.05576269022276066,0.03792694635260969
2013-04-02,pb,304,0.16017392938603608,0.0645740446231021,0.07158990540053183,0.08050833361155789
2013-04-02,ev_ebitda,207,0.32755354958816335,0.08909210103871085,0.07402959268332049,0.11063250442515478
2013-04-02,roic,234,0.003151099653702156,-0.028763663242957614,-0.02074510355896285,-0.0761844090134213
2013-04-02,operating_margin,235,-0.12234551120234494,-0.06257046192134819,-0.05216066759287592,-0.08459630081569533
2013-04-02,revenue_cagr_3y,272,-0.015319497086373575,-0.0028837716171859016,0.005678208050468966,0.0007328780648480637
2013-04-02,fcf_cagr_3y,212,-0.011094556249236455,-0.015584197019944963,-0.004853092324494157,0.019001125491335036
2013-04-02,momentum_12m,310,-0.20264243627791098,-0.06020792383405804,-0.0351033868050244,-0.044659936488393795
2013-04-02,rel_strength_6m,310,0.008088634402224319,0.02719027046682406,0.010248009250729787,0.023035422105616474
2013-04-02,price_vs_sma200,310,-0.029113323659170035,0.010827216344371135,0.015193659649282806,0.017074854599997233
2013-04-02,debt_to_equity,247,0.13875156480440343,0.05467748980085303,0.03344034095609574,-0.0039097014031677715
2013-04-02,volatility,310,-0.2867822799673321,-0.1058344815130733,-0.09577975182473294,-0.1588262828859445
2013-04-02,max_drawdown,310,-0.24310514459383115,-0.09006059078523664,-0.08707507568338747,-0.1560448915808314
2013-07-02,pe,278,0.032981929351127225,-0.0030264882914333435,0.012609944936602682,0.005311722589912818
2013-07-02,pb,310,-0.0445582831414781,-0.04458776524988244,-0.01807051475512518,-0.024399268881841338
2013-07-02,ev_ebitda,207,0.03672976805100064,-0.016032252694199035,0.011841207022183747,-0.019051581945754
2013-07-02,roic,237,0.1171819081633941,0.037519926112263194,0.01944702599078428,0.01729816758837288
2013-07-02,operating_margin,239,-0.10293150733096584,-0.033151837075133986,-0.02769925238731158,-0.03251522856995888
2013-07-02,revenue_cagr_3y,276,0.17582397511451037,0.05067147184297026,0.05182678841169189,0.042843742528473394
2013-07-02,fcf_cagr_3y,213,0.09332010401325248,0.03367117729523182,0.018982872343996676,0.04096684746914042
2013-07-02,momentum_12m,316,0.06021376565640432,0.02383131478156051,0.01456853480567899,0.008187047904838665
2013-07-02,rel_strength_6m,316,-0.04695390594843537,-0.011144892075944293,-0.008042314859602467,-0.020794650123103525
2013-07-02,price_vs_sma200,316,0.022776823862955715,0.012172849260376088,0.021379453392005476,-0.01570713919889008
2013-07-02,debt_to_equity,252,0.11192347118208891,0.020989367105080887,0.005308225735485214,-0.006608104545178836
2013-07-02,volatility,316,-0.28939215026345166,-0.10227779631502265,-0.10208277081051434,-0.1393916567818462
2013-07-02,max_drawdown,316,-0.3218787495032354,-0.11040833614026935,-0.0925380709437687,-0.11511651160687059
2013-10-02,pe,281,0.06539389284903026,0.02869715670746039,0.01709443684123238,0.04661467475388205
2013-10-02,pb,313,0.010443261384430672,0.026209024037060748,0.04223589634879514,0.02714185609895524
2013-10-02,ev_ebitda,206,-0.010261954033639113,0.01362173750882879,0.018147886008686345,0.043547508260729326
2013-10-02,roic,239,0.08131482718610455,0.012214593607127861,0.013058440587918746,-0.029213216684041934
2013-10-02,operating_margin,242,-0.07174176908868221,-0.03287358675411299,-0.015322262156254735,-0.009911457687279773
2013-10-02,revenue_cagr_3y,283,0.0072831546076700775,0.010248293323027468,0.02142021068415602,0.013056608950207563
2013-10-02,fcf_cagr_3y,216,0.09078817323378463,0.03633880094340464,0.029923836497319084,0.03946533059233587
2013-10-02,momentum_12m,320,0.23365291653238804,0.07412148892783729,0.061610131173017536,0.07134594791747459
2013-10-02,rel_strength_6m,320,0.1791184484223479,0.05348785507692623,0.034932894943844356,0.02428787940452834
2013-10-02,price_vs_sma200,320,0.1595563677379662,0.04743235960607475,0.029318971537905816,-0.000826267360497901
2013-10-02,debt_to_equity,254,0.019845595329414323,0.005560432084614399,-0.01433511971370631,-0.033092078710887984
2013-10-02,volatility,320,-0.11228136993525327,-0.04006556237689307,-0.039925173091521576,-0.051095237410506304
2013-10-02,max_drawdown,320,-0.10387967655934141,-0.03417039358925526,-0.029289674448053152,-0.02581908345624491
2014-01-02,pe,281,0.01617540481779143,-0.016936218145055,-0.017538104307832265,-0.013990136986200677
2014-01-02,pb,311,0.08857363982351017,0.0160368890776021,0.015339683962269837,0.006983897911158533
2014-01-02,ev_ebitda,204,0.07571789018382795,0.014331924737633044,0.017256831899350088,0.013331130629518191
2014-01-02,roic,237,-0.027965831258484945,0.003065358023226608,0.001226157290498603,0.03019556160070722
2014-01-02,operating_margin,240,0.010838729839059704,0.008053699662440487,-0.0012373440098572691,0.03511941957081562
2014-01-02,revenue_cagr_3y,279,-0.02810562609819978,5.831289321569719e-06,0.008364318655631489,0.013008110469858808
2014-01-02,fcf_cagr_3y,215,0.11406095293293728,0.032024098295736846,0.02290477305057499,0.040730808177810045
2014-01-02,momentum_12m,318,-0.01164787362448011,0.0017541879247502442,-0.005410209933895002,0.012227044600879047
2014-01-02,rel_strength_6m,318,0.0357545145375919,0.013763069516405881,0.006141343294306281,-0.0035610293056335396
2014-01-02,price_vs_sma200,318,-0.01864962135594631,-0.0023724648083605065,-0.0033609160736114974,-0.01921116132808927
2014-01-02,debt_to_equity,250,-0.06558095329525272,-0.00816915759473636,0.004163686205871167,0.0197218166143477
2014-01-02,volatility,318,-0.024745317630182864,-0.0049876246988249,-0.020396958109646326,-0.03181215741915583
2014-01-02,max_drawdown,318,-0.06124187636987574,-0.014248006539727841,-0.014922292723203556,-0.031112050259548163
2014-04-02,pe,292,-0.05733460642887543,-0.026228907016728607,-0.0146905388958923,-0.041698284045396695
2014-04-02,pb,307,-0.0028645749090278694,0.0019231459005037326,0.0053046727964777204,-0.010216240233382946
2014-04-02,ev_ebitda,205,-0.027056316251340695,-0.015681558455541894,0.004997550549620727,-0.009725541262808918
2014-04-02,roic,236,-0.05176772402963476,-0.023599600919226995,-0.01271837667988656,-0.03557798289787952
2014-04-02,operating_margin,244,-0.02631294169155215,-0.023780051033805948,-0.026463911561893594,-0.02257891470724136
2014-04-02,revenue_cagr_3y,279,0.019791908408756866,-0.003724318618947536,0.017389360698984287,0.016386842375185166
2014-04-02,fcf_cagr_3y,218,-0.023297458864437827,-0.0193532455311265,-0.011894714094881145,-0.011476230378294767
2014-04-02,momentum_12m,316,-0.037226256553014536,0.0026440125252178035,0.012239830242435495,0.029370755984272273
2014-04-02,rel_strength_6m,316,-0.03768337507106824,0.005229977835185221,-0.0003573625656622115,-0.016592022820785292
2014-04-02,price_vs_sma200,316,-0.013687695259391942,0.012440340149095397,0.001855552261638846,0.013139384912813426
2014-04-02,debt_to_equity,248,-0.028580824538850184,-0.014858755666244287,-0.006547675240818028,-0.04398582997911957
2014-04-02,volatility,316,0.016418997419676253,-0.0005794484716863722,-0.00805587923091073,-0.022165922427738904
2014-04-02,max_drawdown,316,0.00045902000939336725,-0.005883291483870928,-0.0016544878832334686,-0.005277173092180176
2014-07-02,pe,293,0.08856237579739533,0.028822416484199677,0.010341688351666142,0.026917449761482568
2014-07-02,pb,307,0.08795059675200188,0.019993279717901276,0.009696539713383145,0.010802532832466545
2014-07-02,ev_ebitda,205,0.09796074716886519,0.025576811104871477,0.011932965717584051,0.020749903782993
2014-07-02,roic,236,0.027197627756635073,0.01756780220375015,0.016438965061109805,0.03803190509915534
2014-07-02,operating_margin,243,0.06336634408597656,0.019733097033851205,0.023766332607554598,0.03842756632437072
2014-07-02,revenue_cagr_3y,277,-0.040810778383948164,-0.005875874381992403,-0.016712500885769546,-0.02485141265769731
2014-07-02,fcf_cagr_3y,219,-0.16075106010206,-0.040157831919297275,-0.028363215381356437,-0.009525101332999102
2014-07-02,momentum_12m,316,-0.19289131130480552,-0.05203634410740392,-0.04674001266806524,-0.06310726417879864
2014-07-02,rel_strength_6m,316,-0.13775603823443452,-0.04055382522076261,-0.028615224588914384,-0.05594363641331287
2014-07-02,price_vs_sma200,316,-0.1490448141662653,-0.04367605889640405,-0.03351090246063663,-0.05377865326630865
2014-07-02,debt_to_equity,248,-0.03351175375857108,-0.007502574038569662,0.0023789492453801693,-0.010115855708354719
2014-07-02,volatility,316,0.23392664311225517,0.06844224620934733,0.05272298195431691,0.06639990695572108
2014-07-02,max_drawdown,316,0.24749340610215315,0.07452278767454992,0.04560072447249875,0.06158206930636401
2014-10-02,pe,295,0.027895291981473724,0.012535623723440806,-0.004430188799305984,0.03518117923883455
2014-10-02,pb,309,0.01287129981398022,-0.022312556387742755,-0.017792273062513762,-0.0035843062618059612
2014-10-02,ev_ebitda,207,-0.019034592113950494,-0.029426761071479717,-0.03960356583419301,-0.007276551560965933
2014-10-02,roic,238,0.04330441269018951,0.04985586504870776,0.04739980520273179,0.1230903516100265
2014-10-02,operating_margin,246,-0.09916593917087245,-0.036963166915486845,-0.04999444731676684,-0.02722963052235583
2014-10-02,revenue_cagr_3y,279,-0.20534462900038378,-0.09402804236918952,-0.0710915542084189,-0.09909185461002062
2014-10-02,fcf_cagr_3y,222,-0.03580536011011972,-0.016096343432146863,-0.008856420883615032,-0.01067335911785635
2014-10-02,momentum_12m,318,0.0791078600724916,0.021942812418464068,-0.004818157458157647,0.02592951955550421
2014-10-02,rel_strength_6m,318,0.11902898730818705,0.06347754513168198,0.06522834072442434,0.05791849686963406
2014-10-02,price_vs_sma200,318,0.1501459646184601,0.07643067377474594,0.06223979453946965,0.10002344746321157
2014-10-02,debt_to_equity,250,-0.07461205276938808,-0.022589036374164168,-0.007731210947594255,-0.03727650131433743
2014-10-02,volatility,318,0.19257888489226083,0.09766536204282016,0.07619982007012849,0.08971914957651841
2014-10-02,max_drawdown,318,0.17078028285379393,0.09582209905233832,0.06812434454062115,0.06417215164052775
2015-01-02,pe,288,-0.0759756388864539,-0.029144226639282345,-0.021361303842811458,-0.044760818022517745
2015-01-02,pb,303,-0.10544888890997851,-0.032518733259851856,-0.014141727010654227,-0.02794504710547597
2015-01-02,ev_ebitda,206,-0.009714228843428154,-0.015061553045573937,0.0002645013410610686,-0.029941236792276997
2015-01-02,roic,235,0.1025137555890388,0.03563042140641327,0.02801185093041251,0.0317817168631212
2015-01-02,operating_margin,239,-0.16497273521181358,-0.06613760822566092,-0.058341539730650135,-0.06841790401308612
2015-01-02,revenue_cagr_3y,269,0.06252598917617279,0.01606898750244385,0.01693162961629244,0.021085766569802943
2015-01-02,fcf_cagr_3y,215,-0.008979333586499064,-0.0020649211722933852,-0.002327762892292168,-0.005934662611006829
2015-01-02,momentum_12m,311,0.04772746358250891,0.018924075944587244,0.022961843249769888,0.016373034194211784
2015-01-02,rel_strength_6m,311,0.03466106984215447,0.010240487879287033,0.011555311637535669,0.043711376110003745
2015-01-02,price_vs_sma200,311,0.028915175754824295,0.00546859335943703,0.007729348673061121,0.034349047409789196
2015-01-02,debt_to_equity,247,0.04855315260432532,0.019632916222591217,-0.001527831226080717,0.013644880995493828
2015-01-02,volatility,311,-0.043481972721065625,-0.00253701175745181,-0.029787040762792205,-0.02551460731803953
2015-01-02,max_drawdown,311,0.010611532998398865,0.013486992714053741,-0.009315426827950397,-0.04879013534255194
2015-04-02,pe,283,-0.02832865164449449,0.0036162582973264545,0.004202913470163756,0.005495249678088241
2015-04-02,pb,306,0.020785762987856057,0.016001993299986795,0.012335726567086844,0.031174123889897723
2015-04-02,ev_ebitda,194,-0.03311213651473253,0.0013945411938320875,0.01646618243567306,0.046368042176001205
2015-04-02,roic,235,-0.055048709186898005,-0.01625381322286377,-0.011586796339273472,-0.02674224409307491
2015-04-02,operating_margin,238,-0.07458036582966819,-0.02765101664890126,-0.0191658351286113,0.01244233876161533
2015-04-02,revenue_cagr_3y,272,0.016815374363240355,0.004977991480265544,0.002322811284132909,0.01761727266593327
2015-04-02,fcf_cagr_3y,207,-0.04988787455479603,-0.018315163085816683,-0.017764270361577,-0.025378120121837787
2015-04-02,momentum_12m,312,0.12622201237298333,0.042730283037912646,0.04836190099020427,0.05142331131257827
2015-04-02,rel_strength_6m,312,0.07845949146900286,0.021600636558102883,0.027202807028301572,0.0698703387232847
2015-04-02,price_vs_sma200,312,0.14196017847282658,0.03953072721605186,0.04288180639387592,0.07770345961225485
2015-04-02,debt_to_equity,251,0.014797577233002176,-0.00856975788601634,-0.018488389216189036,-0.04471350990747708
2015-04-02,volatility,312,-0.040643165966492395,-0.013147760427208742,-0.010800904097908126,-0.04818957918110106
2015-04-02,max_drawdown,312,0.03170688100264035,0.003665869693150699,0.008571828138745732,-0.009043523264088107
2015-07-02,pe,281,-0.01926603296575219,-0.00650894049131209,-0.005047157794868397,0.018435598378501457
2015-07-02,pb,305,-0.05155709188894498,-0.027160565948984302,-0.023729499309248038,-0.031246730315157234
2015-07-02,ev_ebitda,189,-0.021790291331164797,-0.01959774064664932,-0.03142074975359078,0.021622798310771678
2015-07-02,roic,232,0.04742222467812345,0.025960398361901588,0.034884652807663966,0.04946928047212126
2015-07-02,operating_margin,235,0.05785137722330588,0.01945244891341275,0.0057881244847332175,0.005191525057693533
2015-07-02,revenue_cagr_3y,272,0.011233804278309252,0.014070917943839212,0.015428975841424372,0.014874298579995102
2015-07-02,fcf_cagr_3y,205,0.10761871795818276,0.0417753500666257,0.057606670828031864,0.041654601606245706
2015-07-02,momentum_12m,310,0.2516993567519296,0.11913715952726629,0.10411558158970896,0.17199443073891096
2015-07-02,rel_strength_6m,310,0.09126275851873693,0.05092609444858469,0.03881114649734886,0.08863548479417716
2015-07-02,price_vs_sma200,310,0.10162948927255247,0.05958294686146934,0.07186238806327383,0.14860528913356535
2015-07-02,debt_to_equity,249,-0.12331485554405579,-0.04301102983688282,-0.04031667308962142,-0.02735671170628566
2015-07-02,volatility,310,0.3385626191060266,0.14511938764685975,0.11362865643814203,0.1405148098545739
2015-07-02,max_drawdown,310,0.34635780769585556,0.1512434344622861,0.12241490071492438,0.1272771850218222
2015-10-02,pe,273,-0.08879264788453281,-0.02400503254881135,-0.030594964612084007,-0.02199691066336297
2015-10-02,pb,296,-0.13646959748654663,-0.04192346789041031,-0.02122262155758242,-0.03764151099430119
2015-10-02,ev_ebitda,188,-0.119651729163619,-0.05136455692824135,-0.049573531732380716,-0.07888152399299146
2015-10-02,roic,228,0.042126120178965394,0.012037473991974464,0.005962195164126738,0.015707047996368753
2015-10-02,operating_margin,230,-0.019221370996575095,-0.014951958313463543,-0.001984101172218567,-0.0009506797407673358
2015-10-02,revenue_cagr_3y,264,-0.05549374221445388,-0.04352951550052817,-0.0302947177938013,-0.03805208400073573
2015-10-02,fcf_cagr_3y,201,0.1003561400916211,0.03738947849018681,0.02287994819947231,0.03588140869737244
2015-10-02,momentum_12m,301,0.2093516094255352,0.08262853788637123,0.07674406575675932,0.09244167714355943
2015-10-02,rel_strength_6m,301,0.11571714593738312,0.062223761635870636,0.05968363730890219,0.08389698376545218
2015-10-02,price_vs_sma200,301,0.14289806604915184,0.0688998334640728,0.06547302016577872,0.09763947714092826
2015-10-02,debt_to_equity,243,-0.04982178131706199,-0.00491148061690344,0.0036429568923247307,0.008201765879670538
2015-10-02,volatility,301,0.19669006182482238,0.08362587949456948,0.053462727602784435,0.06348730792103574
2015-10-02,max_drawdown,301,0.20310708235242353,0.08703886388847482,0.06270485135259386,0.09668019400996307
2016-01-02,pe,240,0.03751280404173683,-0.022991999555388123,0.007526236122575705,0.008646000139129344
2016-01-02,pb,257,-0.04212076395801285,-0.0496625611260449,-0.041272111831757496,-0.040820313942837846
2016-01-02,ev_ebitda,160,-0.048485292394234145,-0.05443240893684498,-0.04566632713456743,-0.06467170085738022
2016-01-02,roic,203,0.023276364147570946,0.02426826050537816,0.015472355828588455,0.05379859890326307
2016-01-02,operating_margin,192,-0.051470987168705754,-0.01217045214620303,-0.002735505016282891,0.03538050674340838
2016-01-02,revenue_cagr_3y,227,-0.10720008863920358,-0.053158196252133944,-0.03380057414178061,-0.07207678522853461
2016-01-02,fcf_cagr_3y,174,-0.06652695122298471,-0.022423714725055565,-0.006195422400274497,-0.016720838948009024
2016-01-02,momentum_12m,261,-0.06557731116825616,-0.004014271194017229,0.0019066334827919432,-0.010749476285378208
2016-01-02,rel_strength_6m,261,0.09142959348276539,0.05658393995374687,0.04880521553089155,0.051506216162262544
2016-01-02,price_vs_sma200,261,0.026986858889991295,0.032921766963737525,0.019044393306554323,0.023069066030514087
2016-01-02,debt_to_equity,214,-0.2133149254142547,-0.06935437429826805,-0.07781700942557097,-0.03268938739695271
2016-01-02,volatility,261,0.3616936980716923,0.19112961006046336,0.11630147791651795,0.1302906063860304
2016-01-02,max_drawdown,261,0.21287855778511217,0.11354060923548628,0.08075976992382032,0.09189388923299935
2016-04-02,pe,285,-0.19441554449322448,-0.06826839130790083,-0.055329428821478975,-0.05040404138830072
2016-04-02,pb,308,0.09797742416675428,0.06457625403143535,0.04573964972247843,0.053344069328884296
2016-04-02,ev_ebitda,194,-0.1281647975162364,-0.049434711956619,-0.0358769882767964,0.003593987673505959
2016-04-02,roic,244,-0.31909814137357195,-0.16003569353216876,-0.12976778954976384,-0.14615601114612298
2016-04-02,operating_margin,243,-0.024478954538726005,-0.01314749027837379,-0.0392965846447903,-0.08457780119065933
2016-04-02,revenue_cagr_3y,274,-0.13207092590383396,-0.0379470678577391,-0.0117559938709416,-0.0766462109368089
2016-04-02,fcf_cagr_3y,217,-0.12521028881131405,-0.04650445702770647,-0.037986646412733895,-0.049156144990035504
2016-04-02,momentum_12m,318,0.16534978804993064,0.041241902552982296,0.020277048742996885,0.014034089134427982
2016-04-02,rel_strength_6m,318,0.21753881926300453,0.07339598578184596,0.049587838431788905,0.0008520926161860592
2016-04-02,price_vs_sma200,318,0.17479056414971722,0.05511242049678313,0.04585184066761407,0.03949995498302839
2016-04-02,debt_to_equity,252,-0.09830397900360875,-0.023537188765515003,-0.015769860002291164,-0.0008743484490557479
2016-04-02,volatility,318,0.22646275774477442,0.07048448770813773,0.05250047748334069,0.014355230893909887
2016-04-02,max_drawdown,318,0.21856428480402246,0.05112635407948045,0.02899696534966934,0.045148869528594426
2016-07-02,pe,285,0.21274376065766423,0.09797478109621503,0.07414345173822014,0.07683071027022365
2016-07-02,pb,306,0.17434074411607528,0.08420820874187131,0.0678350094870455,0.07146805384956548
2016-07-02,ev_ebitda,195,0.13631320810598008,0.05872502075054364,0.0554998367206931,0.08584597361835825
2016-07-02,roic,242,-0.08492489542937462,-0.028436474376928925,-0.03693354259244613,-0.09849227213768541
2016-07-02,operating_margin,241,-0.08916750504419646,-0.03354116239097933,-0.013087632318461613,-0.03402253140740775
2016-07-02,revenue_cagr_3y,274,-0.10030964664813918,-0.033957890565104405,-0.011197507809370053,-0.004432302197299391
2016-07-02,fcf_cagr_3y,217,0.002324112045923233,-0.0015355431245322277,-0.0005234204526663178,0.03406850119242383
2016-07-02,momentum_12m,317,-0.46846018592552624,-0.18792743248215435,-0.16083428515858492,-0.20409947183520666
2016-07-02,rel_strength_6m,317,-0.350238975799168,-0.14192716707636824,-0.12627452600668612,-0.13558764076192775
2016-07-02,price_vs_sma200,317,-0.3805103110405406,-0.15655615405171208,-0.13281733925022465,-0.1482809121938196
2016-07-02,debt_to_equity,249,0.07231522437435847,0.04061180540480508,0.023253356123658454,-0.01159675351805287
2016-07-02,volatility,317,-0.4509043409306448,-0.1894771974582437,-0.1334682089130637,-0.16383564516044027
2016-07-02,max_drawdown,317,-0.4778082599453959,-0.19772850594641134,-0.17072184165014348,-0.19010894986434446
2016-10-02,pe,288,0.37303699178803107,0.18893947495835212,0.14186122765398881,0.16616390593900246
2016-10-02,pb,310,0.27389406847336606,0.14996461188488489,0.12524524392502373,0.13972026634503049
2016-10-02,ev_ebitda,196,0.37168307316424004,0.15472979063792408,0.12198241805537449,0.13081725433389885
2016-10-02,roic,247,-0.07370911497300013,-0.04628633515373482,-0.05482313575680518,0.022341407376627515
2016-10-02,operating_margin,243,-0.02091582362615375,0.003963907937416116,-0.013585036832752646,0.0003607923095936827
2016-10-02,revenue_cagr_3y,278,-0.14655394625244744,-0.0740209576374745,-0.030147641899013308,-0.11292396539866444
2016-10-02,fcf_cagr_3y,218,-0.028432796576991062,-0.018720849903980628,-0.018396751722863394,0.017070489807915173
2016-10-02,momentum_12m,320,-0.23329887253496348,-0.11238176674373718,-0.07046942249189377,-0.06975844797742148
2016-10-02,rel_strength_6m,321,-0.0535754388370867,-0.007512954785674314,-0.004916180900770173,0.004946783046756428
2016-10-02,price_vs_sma200,321,-0.09758957508183921,-0.04075441383111183,-0.021673162379421552,-0.016782618828667065
2016-10-02,debt_to_equity,254,-0.0160603676203246,-0.01328426077185174,-0.011514658050757666,-0.06892115401481153
2016-10-02,volatility,321,-0.14044201705245293,-0.08524360212859816,-0.052207100176955686,-0.04245958080881717
2016-10-02,max_drawdown,321,-0.16441819687779244,-0.09282770885730822,-0.05631607965398512,-0.048780550745094374
2017-01-02,pe,291,-0.09449770609922915,-0.04044474506779095,-0.03896858080717451,0.0025196120045182235
2017-01-02,pb,309,-0.042366639022308965,-0.0073772308990843905,-0.008585156521449103,0.014794171764616622
2017-01-02,ev_ebitda,196,-0.14335371495008725,-0.05662869807875547,-0.05561317579766539,-0.03319900219899991
2017-01-02,roic,246,0.03938675908755466,-0.00018871940017771774,-0.005441066913159563,-0.01024469548868583
2017-01-02,operating_margin,242,-0.02349071141894295,-0.008543073043731846,-0.011749990565523255,-0.04595273338428124
2017-01-02,revenue_cagr_3y,278,0.10624034951073469,0.03244965252306196,0.04071276335478752,0.06670208630874111
2017-01-02,fcf_cagr_3y,221,0.0012713049191773595,-0.0020829431053363823,0.003850318886433078,0.0319212464110139
2017-01-02,momentum_12m,321,-0.02404257272108199,-0.0013180938214197163,-0.009086184469703107,0.028791705733715773
2017-01-02,rel_strength_6m,321,-0.08170389566664815,-0.024151620738861446,-0.009121237709911245,0.01606171756058152
2017-01-02,price_vs_sma200,321,-0.10943109270008296,-0.030274269348127093,-0.02829587657572332,0.014315689595607032
2017-01-02,debt_to_equity,251,-0.04704841362049981,-0.019179904058542547,-0.019223847944351016,-0.06406203132808459
2017-01-02,volatility,321,0.1541505174110834,0.04293060043732749,0.02928683182836385,0.039523646428825984
2017-01-02,max_drawdown,321,0.20802418007494777,0.06097403827751698,0.04173470591893792,0.03856883563268484
2017-04-02,pe,278,0.015983402484991385,-0.0031145228411533603,-0.012233326428507704,-0.014106853174210829
2017-04-02,pb,297,-0.06109666458557304,-0.01750116484119326,-0.026335509708589944,-0.03688406103769759
2017-04-02,ev_ebitda,195,-0.1118751815656359,-0.03903323083753453,-0.04032936178639345,-0.054187795744675894
2017-04-02,roic,238,0.075747817932498,0.038139122108226495,0.04419017009265087,0.03724725171426999
2017-04-02,operating_margin,240,0.09021297688023093,0.03784788615139571,0.04782812957078625,0.07665881337757935
2017-04-02,revenue_cagr_3y,274,0.12542647158766582,0.0500263645594004,0.05673463692865724,0.11128356836341596
2017-04-02,fcf_cagr_3y,210,0.058467188091202646,0.023416231212105378,0.010476680536927956,0.03171296719223985
2017-04-02,momentum_12m,310,0.04366406162357231,0.008227578615040514,0.007885285645507799,0.027115331472920362
2017-04-02,rel_strength_6m,310,0.08793777704555766,0.028079842622738063,0.014468295222748322,0.023896465847451913
2017-04-02,price_vs_sma200,310,0.16181404129170876,0.05619337459492818,0.05445956726090813,0.05971759738268195
2017-04-02,debt_to_equity,243,-0.06963497337589622,-0.01930954900000819,-0.010459962560599799,-0.043717149412209756
2017-04-02,volatility,310,0.04179099247086622,0.017611050369364858,0.028405333097850552,0.06529681637212018
2017-04-02,max_drawdown,310,0.07899054865417966,0.0322649187929154,0.026983866807605107,0.06102072979072661
2017-07-02,pe,283,0.0029792332564390783,0.011229332846862075,-0.0006250186841067484,-0.009187598851905565
2017-07-02,pb,301,-0.09184356420917657,-0.01809426180710085,0.004837211304649654,0.005270317061033383
2017-07-02,ev_ebitda,201,0.03214942526187769,0.008600756870714033,0.02042004272845075,0.022135017554895692
2017-07-02,roic,239,0.008839359410146803,0.0026327396192599812,-0.00927938470107189,-0.014887451438796828
2017-07-02,operating_margin,247,0.020934542971417426,0.02118515588764075,0.005748129403768919,0.01690440145734287
2017-07-02,revenue_cagr_3y,279,0.06367628312628226,0.030829771340723736,0.024092761466021198,0.022544239847348636
2017-07-02,fcf_cagr_3y,215,-0.004369221889699033,0.009524710210825455,0.014173486816721604,0.005609049813090912
2017-07-02,momentum_12m,315,0.27671695277907143,0.09711600647133974,0.06786000814408022,0.0818504817901616
2017-07-02,rel_strength_6m,315,0.1557216018097011,0.060680990286427434,0.05343729108968728,0.08109164610966145
2017-07-02,price_vs_sma200,315,0.1448425092402795,0.060368253330806095,0.05890938532121673,0.06446486838115753
2017-07-02,debt_to_equity,244,-0.010762929724157072,0.006652227867408703,-0.004846658156067954,-0.004374600733138917
2017-07-02,volatility,315,-0.10333947752251856,-0.03633396884441971,-0.025650830080917876,-0.08177114908788059
2017-07-02,max_drawdown,315,-0.004845603730896032,-0.0018545098237733528,0.006293757268826708,-0.01800552672409346
2017-10-02,pe,286,0.18208291889956485,0.0764617971260418,0.08935049756522731,0.06747084436798392
2017-10-02,pb,303,-0.04162044629093483,-0.0017790941715634277,0.014388492006279271,0.025823719152030834
2017-10-02,ev_ebitda,206,0.19695058252467165,0.0880780195534149,0.07441238763474889,0.09301177563634735
2017-10-02,roic,244,0.18649995931582855,0.07723557974170801,0.06091488359057622,0.08971840147355561
2017-10-02,operating_margin,247,-0.08697488945827088,-0.02882619735801934,-0.045586833457326635,-0.026684833900609245
2017-10-02,revenue_cagr_3y,279,-0.17992274749492965,-0.06566404264839837,-0.05699257559336216,-0.08413374478621029
2017-10-02,fcf_cagr_3y,215,0.0015431427950445553,0.013235794945586625,0.013661951699933367,0.014182080495130492
2017-10-02,momentum_12m,317,-0.036293996268681315,-0.02921831817535176,-0.012445491895655705,-0.015436004118543845
2017-10-02,rel_strength_6m,317,-0.06376298121249964,-0.02904328627599856,-0.04275340214744429,-0.039244033587749985
2017-10-02,price_vs_sma200,317,-0.036305674297882035,-0.020288298564612863,-0.03066481354057561,-0.03574938667145934
2017-10-02,debt_to_equity,248,0.07669455805246246,0.03709169381191969,0.03824981737691704,0.057339232608257046
2017-10-02,volatility,317,-0.0993481964508209,-0.03677791693496715,-0.02844956124920442,-0.06933513889637545
2017-10-02,max_drawdown,317,-0.13238534105966815,-0.05167612695523002,-0.05100230665526145,-0.07730932262608459
2018-01-02,pe,287,-0.09549421500608513,-0.03599226125542598,-0.04372256142665171,-0.03900816455983169
2018-01-02,pb,303,-0.04026203636820114,-0.03070045955276935,-0.02137428672976188,-0.00862549232412908
2018-01-02,ev_ebitda,206,0.013890814546163381,-0.0026238819815182553,0.00754550973397909,0.03005366010863276
2018-01-02,roic,245,-0.008681836931283377,4.873073298194627e-05,-0.015316566748207062,0.01148939594747242
2018-01-02,operating_margin,247,0.009798546284185318,0.0005973523941259331,-0.003067217451430307,-0.011809474655664315
2018-01-02,revenue_cagr_3y,280,0.05812712392298844,0.013800514470342674,0.025348925546409433,0.03292826414522441
2018-01-02,fcf_cagr_3y,214,-0.16673355355497704,-0.0681525971696532,-0.055846400748763,-0.04805415883349812
2018-01-02,momentum_12m,317,0.26772126804561586,0.09433444842292742,0.06660244875467049,0.09818120447925546
2018-01-02,rel_strength_6m,317,0.16830319177490036,0.05221271964794716,0.04203054595497519,0.06210565454826666
2018-01-02,price_vs_sma200,317,0.10097897672210907,0.031797737348577534,0.018692167557390914,0.038790503508308066
2018-01-02,debt_to_equity,249,-0.01529500125826266,-0.01382851779578265,-0.008607691548765062,-0.02480176493692652
2018-01-02,volatility,317,0.0031042838589859143,0.00894605340824558,0.008510323920509086,-0.03456756697608345
2018-01-02,max_drawdown,317,0.10418855119921118,0.03861468809943256,0.03382310015429103,0.01624317009932978
2018-04-02,pe,288,-0.1359018482325835,-0.06741904313237726,-0.059488960027102945,-0.06750718583764129
2018-04-02,pb,304,-0.11370529256727217,-0.06243492449341572,-0.0536288420725979,-0.036901134139274525
2018-04-02,ev_ebitda,215,-0.0664499664625845,-0.06107933331870696,-0.048056172980338555,-0.08415378674229759
2018-04-02,roic,247,-0.08846643134865888,-0.0489563339091903,-0.044615882285692535,0.003720525181548917
2018-04-02,operating_margin,243,-0.04575271081100407,-0.03674962129304158,-0.03726374047841903,-0.04208961038614661
2018-04-02,revenue_cagr_3y,273,0.0837638081487504,0.016255893882230223,-0.00568454483393481,0.02107994154793614
2018-04-02,fcf_cagr_3y,210,0.1144172365424548,0.03299164046891961,0.02505235123913291,-0.014430127846435666
2018-04-02,momentum_12m,318,-0.05853250236308563,-0.012555216704859793,-0.015694752706728973,-0.010110020370366513
2018-04-02,rel_strength_6m,318,0.02841598815415864,0.017785227795706883,0.012305650282050308,0.004204146638553355
2018-04-02,price_vs_sma200,318,0.012670542388326711,0.009299503875957769,0.01583850030021608,-0.02209272270061996
2018-04-02,debt_to_equity,253,-0.009622817919887785,-0.010999068201224696,-0.012531623214929712,-0.011979042121082334
2018-04-02,volatility,318,-0.15717159640101966,-0.07731719944558678,-0.0688067238563106,-0.10686849764142381
2018-04-02,max_drawdown,318,-0.10624462871474635,-0.04438106392086578,-0.03184299163434428,-0.07955213575086387
2018-07-02,pe,287,-0.012096900075762673,-0.009340753233106874,-0.026179691291292412,-0.04971593440850469
2018-07-02,pb,304,-0.13974857545096392,-0.04220531533154667,-0.04968738032657866,-0.0799251661917922
2018-07-02,ev_ebitda,214,-0.01423328929307425,-0.02449462603763075,-0.034422488120490494,-0.062012469994233044
2018-07-02,roic,245,0.14209628071068744,0.027779203002212562,0.007463350388467141,0.05774032625482218
2018-07-02,operating_margin,243,-0.09794630271346631,-0.05262116799073398,-0.04154886759651469,-0.10392739857996242
2018-07-02,revenue_cagr_3y,272,0.040753511961465705,-0.005775403087136425,-0.001605804239187103,0.005870286959664628
2018-07-02,fcf_cagr_3y,211,-0.008662382953718016,-0.01072691790661413,0.006181794411973515,-0.014620209564867398
2018-07-02,momentum_12m,317,0.06107778791757195,0.022336306569438382,0.005924720485362106,0.011547316035553798
2018-07-02,rel_strength_6m,317,0.07998640074664046,0.03862699588024683,0.033856467335339896,0.06166279936408909
2018-07-02,price_vs_sma200,317,0.07082592861522118,0.03811783626216737,0.04745584975279972,0.06715487118994262
2018-07-02,debt_to_equity,253,-0.0036098514896056063,-0.022120379649532493,-0.022351337743723818,-0.07160286261771903
2018-07-02,volatility,317,0.10666881391719711,0.021847672260718005,0.030304784919622303,0.02097913582550459
2018-07-02,max_drawdown,317,0.13642744600559603,0.04133004964126854,0.045711322646964675,0.09554745161848592
2018-10-02,pe,287,0.0193307708551611,0.020080290727264267,0.015143705536077606,0.03390757533105529
2018-10-02,pb,305,0.04535964179728168,0.02964581745498883,0.00585092267111359,-0.014928696883497017
2018-10-02,ev_ebitda,210,0.08068145374206737,0.050308415499408364,0.01332255449597497,0.044352938808461806
2018-10-02,roic,243,0.0001894253804083978,0.006964488171489459,0.013887152599779573,0.0355902642960991
2018-10-02,operating_margin,243,0.16984382657507346,0.057469399993417575,0.041830874114816424,0.037278578760625236
2018-10-02,revenue_cagr_3y,273,0.010960409292417069,0.005407274465549681,-0.003549320947648704,0.026817780557682913
2018-10-02,fcf_cagr_3y,216,-0.10138790732677652,-0.040595229675330184,-0.04477960172804327,-0.04924784342006863
2018-10-02,momentum_12m,318,-0.0947268019250985,-0.05393082858615433,-0.026498936534670392,-0.04377535527729262
2018-10-02,rel_strength_6m,318,-0.001772547456692934,-0.017170722970658837,-0.021668809621947782,-0.018335479137211008
2018-10-02,price_vs_sma200,318,0.036072273663415255,0.001642737766663847,0.009269497312556774,-0.001666081522652657
2018-10-02,debt_to_equity,251,-0.12407479570282515,-0.054458775546432005,-0.04725867882946923,-0.015481578720676265
2018-10-02,volatility,318,0.464513040165179,0.19688965716152027,0.15554312624415564,0.20305724591010366
2018-10-02,max_drawdown,318,0.3228932153973547,0.12447636979746766,0.09642161689381826,0.09396262708301677
2019-01-02,pe,289,-0.16859115857296267,-0.09817040753385232,-0.06344015774430711,-0.04337251686476812
2019-01-02,pb,311,-0.1704393835700461,-0.08942815879888,-0.035093777115946884,-0.05804732845108607
2019-01-02,ev_ebitda,215,-0.18655847762563693,-0.11556633836886762,-0.07843108860327033,-0.02271744888554625
2019-01-02,roic,243,0.0062476922928959636,-0.006068866670625353,-0.0004675180449091043,0.020872360386521516
2019-01-02,operating_margin,250,0.11564997839965437,0.05922623979100841,0.05875066096293044,0.02369483514203985
2019-01-02,revenue_cagr_3y,279,0.13806902995641182,0.05395866598448055,0.05166165476180634,0.08018227367037187
2019-01-02,fcf_cagr_3y,225,0.09831494854348323,0.042026079326154236,0.040889543409795226,0.039961105201659214
2019-01-02,momentum_12m,324,-0.01976502690499976,2.953027593524671e-06,-0.008371908665611716,-0.023376796942809613
2019-01-02,rel_strength_6m,324,-0.1540083007432635,-0.05858948658917214,-0.05008781514035518,-0.11426540728003987
2019-01-02,price_vs_sma200,324,-0.16340383749284879,-0.06088113678596537,-0.044888743805281545,-0.11981389084791372
2019-01-02,debt_to_equity,255,-0.04701433208890549,-0.01596557061432724,0.001956425185296401,-0.026662064972853894
2019-01-02,volatility,324,-0.06795181709080945,-0.02680196332770738,-0.035181898615068125,-0.07976315891581356
2019-01-02,max_drawdown,324,0.024042589336542085,0.02766673042964351,-0.004527097138290331,-0.027293078815149002
2019-04-02,pe,282,-0.2119389519584994,-0.07152772460321058,-0.04852000220379326,-0.05558749052549702
2019-04-02,pb,300,-0.05000256669575589,-0.012737783695949651,-0.010305300532599714,-0.014689584009715106
2019-04-02,ev_ebitda,211,-0.24519487487385191,-0.0963075961233302,-0.07387186085612979,-0.05700166441205158
2019-04-02,roic,238,-0.10077629094754496,-0.0425591627079881,-0.038007697688503726,0.01208186303842938
2019-04-02,operating_margin,265,0.09601297411625119,0.0342209634975951,0.028450323442585652,0.014768894984223038
2019-04-02,revenue_cagr_3y,248,0.08566579980591026,0.04061609323685056,0.010060205727500784,0.007487673462434575
2019-04-02,fcf_cagr_3y,214,0.12292864865791493,0.05140522181004911,0.02407647702291899,0.03338734839488264
2019-04-02,momentum_12m,315,0.18080671358440809,0.06088354509202002,0.06050383843042058,0.06960004467848951
2019-04-02,rel_strength_6m,315,0.24524390129191123,0.0825390897789349,0.07092481083010861,0.09613962856558089
2019-04-02,price_vs_sma200,315,0.23254574211034623,0.07916897421901911,0.0664229595397323,0.11302810276641444
2019-04-02,debt_to_equity,247,-0.12717723905482595,-0.06014361779926848,-0.051829519445208125,-0.02955422831959689
2019-04-02,volatility,315,0.32667429283128374,0.11939115880276463,0.10039388358551417,0.13924394595115902
2019-04-02,max_drawdown,315,0.3613145362900943,0.12360148220096707,0.11319079267951154,0.14267790530433244
2019-07-02,pe,284,-0.04684218384512019,0.0017450055201471797,0.0032073448807542412,0.05077029404502496
2019-07-02,pb,303,-0.03332461230424328,0.0016220986985514552,0.006332301493496263,0.02089204146607016
2019-07-02,ev_ebitda,215,-0.05590934337945857,-0.004970091430361296,0.0035930559668626294,0.0620788770888061
2019-07-02,roic,241,-0.027939297323178784,-0.0021300264383573237,-0.0039236901618846,0.009515380808043403
2019-07-02,operating_margin,270,0.08778263990818345,0.01131082682312149,-0.006984093368604866,-0.03964938406321694
2019-07-02,revenue_cagr_3y,249,-0.004922271637105183,-0.012888103657371147,-0.019314774803012136,-0.030605346886426965
2019-07-02,fcf_cagr_3y,214,0.1941024419691016,0.06104381870400869,0.051300782225532485,0.047018667669114896
2019-07-02,momentum_12m,318,0.11599102755135816,0.05454509334217259,0.03877923817441471,0.04048166606349628
2019-07-02,rel_strength_6m,318,0.06437444561245992,0.029276593973087805,0.02652306206351656,0.021753645636997346
2019-07-02,price_vs_sma200,318,0.145055208322838,0.06291420856053039,0.04175792313970782,0.06538125476997128
2019-07-02,debt_to_equity,251,-0.15070732335698098,-0.05892471030630443,-0.03971355659943229,-0.035197908627354245
2019-07-02,volatility,318,0.2716307697819095,0.10815157887341917,0.09062141638243705,0.1199693297697911
2019-07-02,max_drawdown,318,0.23004083576172335,0.09431982463261536,0.07833979260339866,0.10133923638217361
2019-10-02,pe,286,0.26819400578728225,0.10181922841332906,0.08154611203750797,0.0623619468612939
2019-10-02,pb,303,0.056304991282925224,0.0220803187141231,-0.0021351495752293115,0.021021184690572986
2019-10-02,ev_ebitda,216,0.24508865311565986,0.10546606493572247,0.059732260066270484,0.05260592245001515
2019-10-02,roic,245,0.17826958125712217,0.06635586369907497,0.06139107253709415,0.050551549914949354
2019-10-02,operating_margin,271,-0.0158315847864361,-0.0010136031503142806,0.002428536253929109,0.028941917583278937
2019-10-02,revenue_cagr_3y,245,0.15480467192905367,0.06883468957177337,0.0643003530321439,0.08925771182697122
2019-10-02,fcf_cagr_3y,218,-0.0077930441752554645,0.008352830327232583,-0.00827695104502292,0.02607287328067094
2019-10-02,momentum_12m,319,-0.4199642566622288,-0.18801649371494014,-0.14137420500108078,-0.16966895617023361
2019-10-02,rel_strength_6m,319,-0.3918368486124181,-0.16830482096762966,-0.1234336443478522,-0.11002292246370181
2019-10-02,price_vs_sma200,319,-0.3763968652771163,-0.15884699680262201,-0.10426939384275855,-0.12662822802949078
2019-10-02,debt_to_equity,255,0.06140722416007085,0.013650750366166083,0.00907771304848684,0.008439480405402405
2019-10-02,volatility,319,-0.35103273626174375,-0.16906741364990718,-0.1251486038621131,-0.14265534522499548
2019-10-02,max_drawdown,319,-0.3254201893853488,-0.15177933910591201,-0.12404458533806662,-0.13891645399341734
2020-01-02,pe,287,-0.2577811562881114,-0.14259746293757536,-0.1898376629490551,-0.1475392015185919
2020-01-02,pb,304,-0.2890703169064995,-0.14164884177414525,-0.16331600340838176,-0.1511006934521545
2020-01-02,ev_ebitda,220,-0.31995289158866924,-0.174248763665368,-0.1846860818843207,-0.1920727700857743
2020-01-02,roic,249,0.19003699573921326,0.09327092944909171,0.08890494813946215,0.11132775068197753
2020-01-02,operating_margin,273,0.22403380217892882,0.1356953066555774,0.09324740785852476,0.06103862626950807
2020-01-02,revenue_cagr_3y,248,0.21476419512352468,0.15407940960964514,0.0890963979021927,0.16069493277440278
2020-01-02,fcf_cagr_3y,218,0.16423307781229513,0.10373984704064382,0.11836819890420672,0.09705299984312282
2020-01-02,momentum_12m,321,0.19909974152125684,0.10745228591231003,0.13109006947234603,0.20904212882647166
2020-01-02,rel_strength_6m,321,0.06663614287095526,0.013430718365056264,0.07557244768554883,0.11813852936909269
2020-01-02,price_vs_sma200,321,0.07903456039838633,0.02522378240534999,0.07296897510950823,0.09741591952223971
2020-01-02,debt_to_equity,258,-0.051293975017535326,-0.035984000160206156,-0.0546370560708192,0.03522476340568442
2020-01-02,volatility,321,0.2604855859416878,0.12412768870050728,0.11686578710735124,0.1548175557085708
2020-01-02,max_drawdown,321,0.3659599331644971,0.19568225920288307,0.16480711910880083,0.31033169148603007
2020-04-02,pe,294,0.2023252107576414,0.05880590119398674,0.0880225735827373,0.1341293182239478
2020-04-02,pb,316,0.1175076012116303,-0.0064814498953962504,0.083812020822783,0.11517727790542909
2020-04-02,ev_ebitda,217,0.15128454459617527,0.010642625717647437,0.06323717214689545,0.029079603687137967
2020-04-02,roic,249,0.04440186552662262,0.04591538311493778,0.03803224684762235,-0.04177914106494163
2020-04-02,operating_margin,283,-0.08726549205767647,-0.05202854702191751,-0.04919669532567078,-0.04338448464052899
2020-04-02,revenue_cagr_3y,305,0.20521621072933055,0.10414348721208816,0.10268526124832145,0.12930902557140014
2020-04-02,fcf_cagr_3y,229,0.06288609315199906,0.05234087851868685,0.054085564013815424,0.03951372143082299
2020-04-02,momentum_12m,333,-0.3614656067220818,-0.2072926614233663,-0.1992077194575141,-0.2539743219878998
2020-04-02,rel_strength_6m,333,-0.3216972112434201,-0.17687642694034036,-0.19196573029487168,-0.2304585384071979
2020-04-02,price_vs_sma200,333,-0.3987017823681846,-0.24003304435683004,-0.23926609628422543,-0.2852487734380079
2020-04-02,debt_to_equity,263,0.021745053040017764,0.013751247431014281,0.036794398653954286,0.03289898437311384
2020-04-02,volatility,333,-0.4353283013913561,-0.2686896181564527,-0.24088424193808275,-0.3282754100324212
2020-04-02,max_drawdown,333,-0.3394906702388126,-0.19043680413426323,-0.2048936304530944,-0.22120335665728025
2020-07-02,pe,300,0.01595284746560461,-0.0008920413318219294,0.018679254086602086,-0.0032378709124856048
2020-07-02,pb,323,-0.09309097785152312,-0.06276614405373226,-0.03532554210276567,-0.06679412455922173
2020-07-02,ev_ebitda,222,0.029416442277635495,0.03588070083929526,-0.007349181998296456,0.006454630994448929
2020-07-02,roic,251,0.11608465797179207,0.043923250999737866,0.052567783899541407,0.030958346631882412
2020-07-02,operating_margin,292,-0.1178038614616583,-0.07368239937416855,-0.044058478476601604,-0.030126303758626086
2020-07-02,revenue_cagr_3y,311,-0.05546844316110743,-0.04117060192000809,-0.03486692971519632,-0.062305271284724156
2020-07-02,fcf_cagr_3y,233,0.05148367100958503,0.00021628945361714107,0.0046255197240401,-0.010118812677341299
2020-07-02,momentum_12m,340,0.04021442891798305,0.02236682933433501,0.012491253376869127,0.009652658274600608
2020-07-02,rel_strength_6m,340,0.017394260594701956,0.02722325036830258,0.014035349053034978,0.047804711571498265
2020-07-02,price_vs_sma200,340,0.04998634478107302,0.03963405609641354,0.04683837402027299,0.032373099112478175
2020-07-02,debt_to_equity,265,0.015820433501415706,-0.013252583622439442,-0.023001448021027618,0.01459998012630398
2020-07-02,volatility,340,0.0971181458090385,0.025943236558635573,0.0033959588332418134,0.03569271199162176
2020-07-02,max_drawdown,340,0.09316431495148007,0.029237000415931757,0.00985677578582373,0.011520891480511511
2020-10-02,pe,303,0.16894344480936646,0.06270866810282302,0.05818128046987149,0.06294384569367831
2020-10-02,pb,327,0.2567436712526223,0.12127499224037391,0.13080374355263008,0.17823456967282447
2020-10-02,ev_ebitda,225,0.08543462148894937,0.010782832170829867,0.036180795812538746,0.021261946699469403
2020-10-02,roic,251,-0.1708370976426096,-0.11238411066035676,-0.08747158807106944,-0.2074964651353784
2020-10-02,operating_margin,297,-0.14179596202272177,-0.07214817319401304,-0.08798296630851304,-0.15872555569461483
2020-10-02,revenue_cagr_3y,321,0.10093441634759685,0.04824457665182461,0.021451323995864108,0.0631185874057539
2020-10-02,fcf_cagr_3y,237,-0.002314486159282622,-0.00956336484785841,-0.014468351436475652,-0.04533386625171634
2020-10-02,momentum_12m,344,-0.3481570376410246,-0.16894801850041963,-0.17806275200778435,-0.21329347105653673
2020-10-02,rel_strength_6m,344,0.11000821131693694,0.04362587041428125,0.03630897881461004,-0.002734996197600842
2020-10-02,price_vs_sma200,344,-0.3052627451916777,-0.15093208452581286,-0.14829170770152872,-0.20416663250352218
2020-10-02,debt_to_equity,265,0.06956856213278549,0.020169172472171676,0.024279770166554762,0.03141441117632003
2020-10-02,volatility,344,-0.5181084521733901,-0.2884513954206091,-0.2518470495673966,-0.30562377892286935
2020-10-02,max_drawdown,344,-0.4539325369048656,-0.25283647630735395,-0.21500494186949545,-0.2822853461250517
2021-01-02,pe,301,0.44691985807129836,0.1829770080817352,0.18054724302632089,0.17854370053467386
2021-01-02,pb,326,0.40034019861198133,0.1665257362714372,0.16251500753095383,0.17557175409565834
2021-01-02,ev_ebitda,221,0.5173655137834025,0.21307098354674822,0.21220239997232418,0.24768876412091756
2021-01-02,roic,252,-0.10343759666307355,-0.03033989605062122,-0.0401211386756625,-0.09942332289589674
2021-01-02,operating_margin,296,-0.14514016600734,-0.06100291298725927,-0.06447526227567471,-0.047604369994322715
2021-01-02,revenue_cagr_3y,322,-0.14958844926244358,-0.060234227317254065,-0.04113785515829929,-0.026690194390243838
2021-01-02,fcf_cagr_3y,237,-0.1124263342099985,-0.05639428934776249,-0.04499253394434284,-0.047338400968256464
2021-01-02,momentum_12m,343,-0.4044002097674493,-0.15191008933556252,-0.1394734600340341,-0.2053806766195881
2021-01-02,rel_strength_6m,343,0.2285101738253699,0.10053657809379513,0.09280752289104642,0.1290293207027136
2021-01-02,price_vs_sma200,343,0.2682137338204514,0.12242113697661583,0.11509780022785535,0.16509560716766875
2021-01-02,debt_to_equity,264,-0.0482332266672406,-0.01276455120738458,-0.01933899920963053,-0.0337373520346782
2021-01-02,volatility,343,-0.3514186140806772,-0.14711582468187673,-0.15757646192129718,-0.16939142313297811
2021-01-02,max_drawdown,343,-0.5343073414295322,-0.22941042710650966,-0.20323343840446836,-0.2603003775169944
2021-04-02,pe,282,-0.11543833175477183,-0.04093275130345872,-0.03093588808789472,-0.023474697139193458
2021-04-02,pb,322,-0.11783901716651811,-0.05782850433822238,-0.04003817938722253,-0.04106838615472789
2021-04-02,ev_ebitda,206,-0.04818200412647381,-0.026854694673084396,-0.010974948258118108,-0.029508099735763023
2021-04-02,roic,255,0.15242124262579704,0.06770504818019607,0.041326973145750324,0.06945937222311477
2021-04-02,operating_margin,290,0.10673285468551343,0.04408976134795987,0.04686891200894419,0.07307488734173918
2021-04-02,revenue_cagr_3y,319,0.10848263819768407,0.04455754977280181,0.03537355031478011,0.041460048489611684
2021-04-02,fcf_cagr_3y,229,0.12383416297810744,0.05710116447377179,0.041608529169443964,0.04092418204695966
2021-04-02,momentum_12m,337,-0.050840331194194455,-0.015275553710560011,-0.010132046609972488,-0.008009950616759215
2021-04-02,rel_strength_6m,337,-0.11224623691061,-0.04981354872437327,-0.05525430079643753,-0.06940699953530526
2021-04-02,price_vs_sma200,337,-0.12424391356593431,-0.05281188248615964,-0.04922709199442642,-0.06641954556193473
2021-04-02,debt_to_equity,268,-0.016546281006548487,-0.004914244123460818,-0.021686748681822035,-0.009040995325473603
2021-04-02,volatility,337,0.0373708893691304,0.008197057008689352,-0.015537987901754834,-0.01654433012406839
2021-04-02,max_drawdown,337,0.08093658068566886,0.030001422131089264,0.009034592324305181,0.016426792621186286
2021-07-02,pe,279,0.05864333196392158,0.014158055675006003,0.018689648086865376,0.013049093174884273
2021-07-02,pb,318,0.07802791221150858,0.013033791788037628,0.007895782027084935,0.027742647121872036
2021-07-02,ev_ebitda,203,-0.06055430952307519,-0.030665564931512672,-0.012690825124295027,-0.04194648654598782
2021-07-02,roic,252,-0.058116886160191214,-0.006101599062961991,0.001998563969216445,-0.029995661731605755
2021-07-02,operating_margin,287,0.025115896582050212,0.0045981053929631515,-0.00948380981355149,-0.0018965997966047367
2021-07-02,revenue_cagr_3y,316,-0.023735370160537245,-0.003526713822114806,-0.000809317034106128,-0.0014422005540818874
2021-07-02,fcf_cagr_3y,228,0.13034885410354508,0.04479493348481807,0.04848592125695446,0.0442359534683817
2021-07-02,momentum_12m,334,0.10516765664599106,0.02990375748526006,0.017996155862821252,0.034077819129494986
2021-07-02,rel_strength_6m,334,0.14479184346785953,0.04277841003830144,0.033994452278737375,0.027036677254857817
2021-07-02,price_vs_sma200,334,0.14290453266996184,0.03851353082698853,0.04054143569348125,0.025637611382717203
2021-07-02,debt_to_equity,265,0.039078095737998045,0.01389395426569029,-0.0027060496217573005,0.03486778036496948
2021-07-02,volatility,334,0.052241471432523647,0.017383637728911366,0.02155914591035481,0.013631711078649258
2021-07-02,max_drawdown,334,-0.011963167165172223,0.004672807228412915,0.001247333529205477,0.010617866966439621
2021-10-02,pe,282,3.478186420090005e-05,0.025822244187324032,0.0073265767307028745,0.00584574709269782
2021-10-02,pb,315,-0.13408605715323432,-0.03950745290220133,-0.037023087292098786,-0.06713618697392315
2021-10-02,ev_ebitda,202,0.0918890587464512,0.0647968807690123,0.05419613028082307,0.03920493982504372
2021-10-02,roic,247,0.3010672925886773,0.13605761135486677,0.11813510357401637,0.2111379405561899
2021-10-02,operating_margin,285,0.15600552494350256,0.061598720453011235,0.052372595086830676,0.10537084510945773
2021-10-02,revenue_cagr_3y,313,0.12112929379221446,0.05211020205907141,0.02400665643436825,0.03811552252481868
2021-10-02,fcf_cagr_3y,225,0.03205385169292651,0.012475138222628024,0.024998056265368843,0.015002295437194987
2021-10-02,momentum_12m,331,-0.07245809480019966,-0.014096190566701455,-0.0032345156226417787,-6.276985715972239e-05
2021-10-02,rel_strength_6m,331,0.05895690296868378,0.022738509586722615,0.02297704256243706,-0.002252116746822616
2021-10-02,price_vs_sma200,331,-0.0020233091702116074,0.0019063874224624208,-0.009141677394152337,-0.018667413268981324
2021-10-02,debt_to_equity,259,0.11717945578811749,0.06135279097572133,0.03132043248035485,0.04555315487918045
2021-10-02,volatility,331,0.18772930575297161,0.05650265887015159,0.04444511173904546,0.07396204360096036
2021-10-02,max_drawdown,331,0.1870969492521499,0.055710220422693614,0.04899928164573146,0.08129428514000651
2022-01-02,pe,284,0.20678089169071498,0.08608401797245757,0.07112904159036361,0.034081796693106625
2022-01-02,pb,314,0.22283365802266913,0.11219453981969987,0.07107415538980211,0.08660869331706327
2022-01-02,ev_ebitda,200,0.26477556797087526,0.12946867771212145,0.07101935445497665,0.08681329119111
2022-01-02,roic,245,-0.17884975758666233,-0.10182423450371518,-0.08165845118675917,-0.1381651886601778
2022-01-02,operating_margin,285,-0.0025761124728787637,-0.012568051591126993,-0.01637534250878842,-0.04321008477544353
2022-01-02,revenue_cagr_3y,313,-0.14721318936505892,-0.0856992271755724,-0.050202020963147645,-0.08496541135793173
2022-01-02,fcf_cagr_3y,227,-0.034687800561689686,-0.026634318395932458,-0.012664919167204504,0.012945619017729275
2022-01-02,momentum_12m,330,-0.09734492884481431,-0.032859189073611725,-0.03376486010881004,0.009042957782034323
2022-01-02,rel_strength_6m,330,-0.07685287649404518,-0.04098089095295775,-0.0200760484533632,-0.027696309054622135
2022-01-02,price_vs_sma200,330,-0.09045413898184873,-0.03903300842526993,-0.008024863551332174,-0.016947142842016753
2022-01-02,debt_to_equity,258,-0.07787800150757881,-0.038650845541350815,-0.023472853309111585,-0.019844022324203625
2022-01-02,volatility,330,0.1751548223841812,0.07207812399244434,0.053469598106988904,0.0674894320619801
2022-01-02,max_drawdown,330,-0.025765997645190438,-0.031008507067200184,-0.021032006432108216,-0.06804594419264745
2022-04-02,pe,321,0.06514937763927585,0.028766588545012416,0.01072962694353749,0.005960581472855581
2022-04-02,pb,328,-8.042572242447677e-05,-0.00099575702709322,-0.01900142860758125,-0.0752485183872768
2022-04-02,ev_ebitda,219,0.08186221500920575,0.03564821285560494,0.012431763161954656,0.016582427689595253
2022-04-02,roic,260,0.05810659173608341,0.030946699702693294,0.0261846146238342,0.006153347590084152
2022-04-02,operating_margin,295,-0.16484457001798922,-0.05544737967455225,-0.041652813033654645,-0.019195281723990792
2022-04-02,revenue_cagr_3y,345,0.01670792251002684,-0.005743273265705163,0.002019279760175463,0.02905629143473229
2022-04-02,fcf_cagr_3y,241,-0.009337389551708427,-0.01110056770729046,-0.01192606538337243,-0.01593951255392706
2022-04-02,momentum_12m,349,0.1010062671681606,0.03524285325591836,0.03775855235068046,0.02513873416794568
2022-04-02,rel_strength_6m,349,0.18418524202651376,0.06849865464131126,0.05701878510334313,0.10482167801347639
2022-04-02,price_vs_sma200,349,0.1671383639587229,0.06196871589558963,0.03966130446281499,0.08141191169858525
2022-04-02,debt_to_equity,267,-0.09306988744812543,-0.02130775273791237,-0.007278475329137835,-0.0028471107150902786
2022-04-02,volatility,349,0.4083130419513941,0.17424597526696642,0.14400966684601457,0.21045576623310108
2022-04-02,max_drawdown,349,0.22363053109242892,0.09660852907152116,0.07815874103536564,0.11468884365734068
2022-07-02,pe,326,-0.0657623798247191,-0.032716779693046774,-0.03555505952393251,-0.05295247045004939
2022-07-02,pb,332,-0.10497892689053377,-0.05557449573886473,-0.03821120644125109,-0.05012426104847252
2022-07-02,ev_ebitda,220,-0.07709212624603438,-0.03931595744598753,-0.019613175103347646,-0.037130111989762
2022-07-02,roic,264,0.068763247656999,0.0336445314596578,0.03639575009420397,0.03665131699239189
2022-07-02,operating_margin,297,-0.015327182428122699,0.007664389209154118,-0.0018914394538735516,-0.025422851630539343
2022-07-02,revenue_cagr_3y,350,-0.014482965736112,0.004947632169493369,-0.012346531407000306,0.01830605750401277
2022-07-02,fcf_cagr_3y,245,-0.007333804165600766,0.007564230985993913,0.006069067874351764,0.026358607568514852
2022-07-02,momentum_12m,353,0.2489517607377771,0.11471215110360808,0.07813639490690491,0.0937061717305597
2022-07-02,rel_strength_6m,353,0.1755641681749663,0.07494092193329811,0.055721982056815486,0.0989736980084992
2022-07-02,price_vs_sma200,353,0.15575159699706853,0.06894412481653532,0.055099014148748016,0.0870670430262053
2022-07-02,debt_to_equity,271,0.06349938499384994,0.01971933781460334,0.012742834196990249,0.03655718151408538
2022-07-02,volatility,353,-0.04714747562542772,-0.03807916360236971,-0.03267518744185159,-0.04996149971790022
2022-07-02,max_drawdown,353,-0.033861071110309046,-0.02136996344477662,-0.00546944709659687,-0.04140866754305261
2022-10-02,pe,321,0.24285156347078052,0.10904566958042457,0.08303109947779941,0.11626674127832232
2022-10-02,pb,324,0.1553172546051096,0.055396127210880004,0.05829860368414007,0.04668560585977276
2022-10-02,ev_ebitda,215,0.275892921828588,0.1100818065150055,0.10699490831933364,0.1443342603666082
2022-10-02,roic,259,0.08230016369551252,0.03640353714063648,0.04017019654595361,0.06277321095665739
2022-10-02,operating_margin,290,0.03338775196910832,0.02222445435294717,0.010314158352277822,0.020028193705631206
2022-10-02,revenue_cagr_3y,343,-0.209687009658551,-0.09347721649133589,-0.08824783151221235,-0.09665869402602116
2022-10-02,fcf_cagr_3y,240,-0.07691239297227076,-0.03469289269106388,-0.03241515337042118,0.01961836036019045
2022-10-02,momentum_12m,345,-0.014415362983477644,0.011805940884927807,0.004683181142760798,-0.005362341148373924
2022-10-02,rel_strength_6m,345,-0.01722809535352685,0.003777427533946673,-0.008202574309749112,-0.009905135743429827
2022-10-02,price_vs_sma200,345,-0.03985970529286096,-0.004096534783714103,-0.02011611376764655,0.004774954597149404
2022-10-02,debt_to_equity,263,-0.12195401904570914,-0.06094506677470419,-0.052289948745699144,-0.06096413846624279
2022-10-02,volatility,345,0.09816319078697913,0.054096679870335555,0.029594464473139126,-0.0023974197852937584
2022-10-02,max_drawdown,345,-0.06510766774222629,-0.017364266808746677,-0.025358458390945665,-0.052359051068126494
2023-01-02,pe,319,-0.09835591366666058,-0.05348342249107382,-0.047509306360242955,-0.02791525546869683
2023-01-02,pb,323,-0.1453447388976738,-0.07995255417362757,-0.06230225731112056,-0.07523826675906586
2023-01-02,ev_ebitda,211,0.02042130274268341,0.009235497125488408,0.02167834065037484,0.00801626813613783
2023-01-02,roic,256,0.12738326848249026,0.07326376227666108,0.06800883799316011,0.05539802435933294
2023-01-02,operating_margin,291,0.07521513988749394,0.054726196832300504,0.05127553984187524,0.003500866096216429
2023-01-02,revenue_cagr_3y,343,0.16473331595679339,0.1001163447884278,0.08865946447141543,0.10179822464237326
2023-01-02,fcf_cagr_3y,240,0.00041797618794431666,0.025101531516861196,-0.0006203107118976162,0.009240783511674996
2023-01-02,momentum_12m,345,-0.28448998002448606,-0.1505076191538901,-0.11345596138092104,-0.169365196678454
2023-01-02,rel_strength_6m,345,-0.10497745503682923,-0.059112174582150165,-0.06496694582973497,-0.07675100417981812
2023-01-02,price_vs_sma200,345,-0.22491908463022206,-0.1161152033851772,-0.11110349968506227,-0.10604900897271852
2023-01-02,debt_to_equity,260,-0.004975950652880234,0.012733952449040298,0.006760311586472535,0.05503289963671018
2023-01-02,volatility,345,-0.27494802289754094,-0.1600412848828289,-0.1405881941307162,-0.14264674406701355
2023-01-02,max_drawdown,345,-0.0874347720057587,-0.05911659735832647,-0.046414008098601564,-0.037351060903534225
2023-04-02,pe,309,-0.12876119611512116,-0.04412530990151134,-0.04854599595372215,-0.043776844521984035
2023-04-02,pb,320,-0.1336490957521123,-0.030712602186014737,-0.014509287883872977,-0.030945677148247495
2023-04-02,ev_ebitda,204,-0.015763546798029555,0.004909394675015014,0.019005087229584786,0.024672682062550987
2023-04-02,roic,254,0.02331741199171773,-0.016003374132682435,0.0009121896466636609,-0.022725845750427895
2023-04-02,operating_margin,291,-0.0039048166547722796,-0.026975161531837235,-0.020683474560953187,-0.07852512057599903
2023-04-02,revenue_cagr_3y,340,0.004478514898385784,0.0024068500593954307,-0.013607697227820424,-0.02067447605423897
2023-04-02,fcf_cagr_3y,233,0.08742362498891224,0.028571016981534712,0.029959600213917293,0.029765379992949082
2023-04-02,momentum_12m,342,-0.08993098731192505,-0.046138125536582905,-0.030395510952282344,-0.025181540819610153
2023-04-02,rel_strength_6m,342,0.029740103706525835,0.006901472627791128,0.005761810543147519,0.030226266746747044
2023-04-02,price_vs_sma200,342,0.05472146683086117,0.024628563778588273,0.01735269751393406,0.07446167426906913
2023-04-02,debt_to_equity,256,0.0022913571275172614,-0.014175158045645246,-0.020641394911794245,-0.04128351375046409
2023-04-02,volatility,342,-0.10880875490671064,-0.06253735968187699,-0.0522126528541869,-0.059109951859719345
2023-04-02,max_drawdown,342,-0.013049862829595209,-0.02430796676686691,-0.01928566295224351,0.002328874665696208
2023-07-02,pe,307,0.12396495073465144,0.08072454168720442,0.05360393050688562,0.09678102860909257
2023-07-02,pb,322,0.009591827932254077,0.04212248586292983,0.012455265187331227,0.016825041354004956
2023-07-02,ev_ebitda,204,0.06310790085588483,0.06768260179209584,0.04048715909456537,0.07546174081627333
2023-07-02,roic,255,0.17780584182491896,0.05688668759530764,0.043195780183532324,0.06061735022212664
2023-07-02,operating_margin,291,0.13177203974015939,0.045577914170749856,0.04745876441933265,0.06487556924342269
2023-07-02,revenue_cagr_3y,341,0.12909961430437616,0.030545333419703544,0.051018465285118955,0.007380014008983117
2023-07-02,fcf_cagr_3y,230,0.16800227242017682,0.05210762875677569,0.05330333061736056,0.05464214246482384
2023-07-02,momentum_12m,343,-0.012157382682706809,-0.016373340158525367,-0.01104515788857905,-0.04223109440631646
2023-07-02,rel_strength_6m,343,-0.04925951703825252,-0.0316999996471822,-0.0243667701522838,-0.03136966130559939
2023-07-02,price_vs_sma200,343,-0.03254711180941078,-0.027583407851951798,-0.030457407838982438,-0.021948460476489455
2023-07-02,debt_to_equity,258,0.11142304971842716,0.03983631188188042,0.02511232563009335,0.03888817020955112
2023-07-02,volatility,343,0.011143338166152532,-0.013600407695706314,0.004068350008163364,0.013869643290616449
2023-07-02,max_drawdown,343,0.07832958617616452,-0.0002688223998655436,0.00853092308148063,0.040877044286483054
2023-10-02,pe,307,0.0028228946230627982,-0.010070513703160193,0.011141326054061401,0.02067122903955579
2023-10-02,pb,319,0.100344735232584,0.02362391711806827,0.042606271460557926,0.08084551118879546
2023-10-02,ev_ebitda,201,-0.10575144081572337,-0.05922659230264936,-0.03488994165889733,-0.07379762386962835
2023-10-02,roic,254,-0.15954722121022943,-0.0609401028457668,-0.04407302426719971,-0.03673124103551503
2023-10-02,operating_margin,289,-0.051704513111132604,-0.010672221913715314,-0.0033592626163333472,-0.01716255057276206
2023-10-02,revenue_cagr_3y,339,-0.04868720505641556,-0.013962634652411283,-0.03038186551821806,-0.020207740226823923
2023-10-02,fcf_cagr_3y,227,0.005596891470780595,0.024133318090823933,0.014332719863353688,-0.0037451214844921865
2023-10-02,momentum_12m,341,-0.06492938951021089,-0.019212091994824623,-0.035932784299352066,-0.04099336010223911
2023-10-02,rel_strength_6m,341,-0.11191831103176643,-0.03293145046142901,-0.03882442836454511,-0.06545024964964291
2023-10-02,price_vs_sma200,341,-0.19111899850179592,-0.06237828015632999,-0.06162697132205365,-0.06088806538190572
2023-10-02,debt_to_equity,256,-0.08652761045999123,-0.03911924237258794,-0.032163347629482614,-0.019863507034555
2023-10-02,volatility,341,-0.16241055754951253,-0.05184815983626852,-0.05382364897315313,-0.04883171591449317
2023-10-02,max_drawdown,341,-0.16121877335505863,-0.04820386794396392,-0.04620278207098927,-0.03202477916316625
2024-01-02,pe,304,0.06319998103520041,0.02928786695364521,0.04087710081638517,0.04891906222832221
2024-01-02,pb,319,-0.07243580181947601,-0.01386230544758794,0.005551206083887719,0.043650405208607655
2024-01-02,ev_ebitda,200,0.04958823970599266,0.01636353893181663,0.05533216460094372,0.07908183153629895
2024-01-02,roic,252,0.1368236821207547,0.04866756374936888,0.050446484473634486,0.04211683324313836
2024-01-02,operating_margin,289,-0.0786180742696959,-0.04865545397031706,-0.03681550256102888,-0.05980678088014006
2024-01-02,revenue_cagr_3y,338,0.03004278641226859,0.01752106739042558,0.006975565536627398,0.015107527198693266
2024-01-02,fcf_cagr_3y,228,0.011322026999731189,0.023074440902929212,0.009776472410417583,0.010141239047833879
2024-01-02,momentum_12m,340,0.32808445749089893,0.15479780712292268,0.130227534034724,0.1360923602839883
2024-01-02,rel_strength_6m,340,0.18799183404168984,0.09277874101322629,0.08325650295761076,0.05489840685114594
2024-01-02,price_vs_sma200,340,0.24401044238787573,0.11991554195545334,0.10332016485983793,0.08267391485774142
2024-01-02,debt_to_equity,255,0.07799183649837887,0.04712915518900537,0.014491884165190719,0.044785612438513686
2024-01-02,volatility,340,-0.14825659721103793,-0.07265605439039008,-0.058688646911446464,-0.04763393414249574
2024-01-02,max_drawdown,340,-0.040300222467865195,-0.013894467889773245,-0.012378312301583913,0.035846451449656834
2024-04-02,pe,310,-0.06193775208383937,-0.005860783031961105,-0.023915649474722633,-0.0005703560084243079
2024-04-02,pb,319,-0.029288724583146884,-0.0002250825135017391,-0.02381102836264403,-0.06243134434501516
2024-04-02,ev_ebitda,208,0.028428093645484948,0.02136121862036702,0.00559654898376109,-0.000349697957053149
2024-04-02,roic,254,-0.07385757203506965,-0.01778590333292908,0.01406500047781501,0.048470044961473155
2024-04-02,operating_margin,292,0.17081551477118131,0.07082733320032084,0.05603046485034571,0.08886307349060427
2024-04-02,revenue_cagr_3y,339,-0.0968737154394,-0.034638113806257614,-0.03169892517916721,-0.03200023197771736
2024-04-02,fcf_cagr_3y,220,-0.07002534050779065,-0.030339288085230308,-0.03712839124902191,-0.043453012253275865
2024-04-02,momentum_12m,341,0.10406730403010996,0.031782535027475994,0.03235587326843552,0.048712794138743985
2024-04-02,rel_strength_6m,341,0.03856487151019909,0.01170860809373887,0.01569892547323488,0.014568647286584722
2024-04-02,price_vs_sma200,341,0.027135182919051128,0.0047224090171761116,-0.0006216669156302044,0.018688763650050066
2024-04-02,debt_to_equity,253,-0.1986806985095243,-0.07385541899693385,-0.03526417151625528,-0.05466887910244959
2024-04-02,volatility,341,0.08966057604819432,0.004104448642044439,0.017127131692657498,0.020954128048081524
2024-04-02,max_drawdown,341,0.11703801982241568,0.02753041294754238,0.050673893697323856,0.05319071558210227
2024-07-02,pe,312,0.005882254162769036,-0.0119428724417887,0.005656623828861146,0.008961799173765703
2024-07-02,pb,321,0.022839696196322666,-0.03384257719675602,0.008497787990994154,-0.04253666593860188
2024-07-02,ev_ebitda,211,0.011706544372197597,0.012985967209016042,0.02483120409130147,0.04197740801450769
2024-07-02,roic,258,-0.06990929034183038,-0.0029502029885878217,0.018675432505739817,0.05657097107238905
2024-07-02,operating_margin,293,0.015789876684152136,0.013346506512449247,0.011167957349234495,0.04901614353478496
2024-07-02,revenue_cagr_3y,341,-0.22878942659231283,-0.08814268369600371,-0.07409886309221889,-0.05325653263235258
2024-07-02,fcf_cagr_3y,221,-0.08735871533164827,-0.033823551518157025,-0.03158215235407533,0.011339780455054363
2024-07-02,momentum_12m,343,-0.07129431779709088,-0.019801286590312873,-0.027532128008140984,-0.02359695397940164
2024-07-02,rel_strength_6m,343,-0.09805855081143634,-0.034550042648424754,-0.036556366523423436,-0.015914457486458332
2024-07-02,price_vs_sma200,343,-0.1005315109872913,-0.03426335043188819,-0.019270403760890405,-0.03390062672201605
2024-07-02,debt_to_equity,257,-0.26461901072301147,-0.10752569835103767,-0.07094777121700896,-0.13157500506329836
2024-07-02,volatility,343,0.22391723612502365,0.1324667105688775,0.0839474583321388,0.09844131022781163
2024-07-02,max_drawdown,343,0.15067675576529654,0.0973690993996418,0.021039690783792586,0.07592033960791664
2024-10-02,pe,310,-0.03426708832868692,0.009206458689661955,-0.012761653326043934,-0.010947896259799923
2024-10-02,pb,322,-0.048077033671679564,-0.0056498194818195915,-0.0025961288554160475,0.03224241102589281
2024-10-02,ev_ebitda,210,0.057463564123579086,0.06383752108542118,0.027400546300812557,-0.018440269703516476
2024-10-02,roic,257,-0.06016777327843633,-0.04705828677173789,-0.04325886407651142,0.0018419380774164704
2024-10-02,operating_margin,290,0.05261878613968171,-0.010912218858872138,-0.031179359420122347,0.015756587518205335
2024-10-02,revenue_cagr_3y,337,0.06583578091894396,0.05025096721450998,0.059649652210711196,0.07576228532131545
2024-10-02,fcf_cagr_3y,217,0.17839596245482275,0.08244494229263809,0.08824538917836372,0.07688944781121501
2024-10-02,momentum_12m,340,0.09393951005166085,0.033842592136068814,0.026584785501917868,0.022287006580573223
2024-10-02,rel_strength_6m,341,0.07688566634370263,0.040554437076269184,0.05053210673766057,0.026360091893466792
2024-10-02,price_vs_sma200,341,0.1071890038690617,0.051726935636285595,0.06405309792232836,0.038448365553650846
2024-10-02,debt_to_equity,258,-0.06765578614280089,-0.06116652853910164,-0.044585555156651864,-0.0766446884208494
2024-10-02,volatility,341,-0.1209353780896014,-0.08803071293569698,-0.04620251655622896,-0.062194747080081346
2024-10-02,max_drawdown,341,-0.07895721606717572,-0.06721125871203934,-0.040172049234590605,-0.08535851640336489
2025-01-02,pe,308,0.11369994412309925,0.06134919708753232,0.043198218956788874,0.11610913120189376
2025-01-02,pb,317,0.1458915468962341,0.07770870916582341,0.047629764074796355,0.021584170346138305
2025-01-02,ev_ebitda,204,0.12375769483571393,0.060346215685940535,0.04254053997777163,0.07784694482026512
2025-01-02,roic,252,-0.07907162991174771,-0.03782355219117766,-0.022552337315524914,-0.003639162183607142
2025-01-02,operating_margin,285,0.07917625570255504,0.02816138294263118,0.02532575807873567,-0.032848325968961874
2025-01-02,revenue_cagr_3y,332,-0.14782034118680012,-0.06404920833522461,-0.03877984926028001,-0.05206333268507169
2025-01-02,fcf_cagr_3y,214,-0.16385302879841107,-0.06941049284281395,-0.07222132544195563,0.000271393879462567
2025-01-02,momentum_12m,336,-0.01669329539668582,-0.017020840120493243,-0.017081606455283956,-0.023347868937033514
2025-01-02,rel_strength_6m,336,0.059220176020097055,0.01562090330928213,0.005257383163072858,0.01212450158826777
2025-01-02,price_vs_sma200,336,-0.010843990756896538,-0.0172302653897608,-0.006925194628022345,-0.009601789809460345
2025-01-02,debt_to_equity,251,-0.09238702333523051,-0.04599382543102373,-0.030537506005838284,-0.059674063896575036
2025-01-02,volatility,336,0.49042591574122535,0.22343241008108902,0.161350469861273,0.20223199244551474
2025-01-02,max_drawdown,336,0.24310567390458795,0.1104928429394658,0.07111938257565277,0.042672097133093764
2025-04-02,pe,312,0.09239198828092976,0.07558547116278272,0.04943872938229098,0.038757084352351326
2025-04-02,pb,317,-0.01709682310516913,-0.005359092290456116,0.005171470407774853,0.054904891087210556
2025-04-02,ev_ebitda,201,0.06195655386434166,0.056334610484942406,0.04424817448139831,0.002174017531926392
2025-04-02,roic,246,0.06196490769871921,0.02909207728646187,0.05342568984687329,-0.012731196537824369
2025-04-02,operating_margin,287,-0.02144324716016889,-0.01752472405481585,-0.04280191763363067,-0.06301658284154918
2025-04-02,revenue_cagr_3y,336,0.10343794541039165,0.04164311854003328,0.039068276539917374,0.0491236395847906
2025-04-02,fcf_cagr_3y,222,0.06420067234448606,0.06163119270854121,0.08874627637586768,0.12072060737263798
2025-04-02,momentum_12m,337,-0.11545784548190197,-0.06933983353941568,-0.07707370584194397,-0.06373946253473048
2025-04-02,rel_strength_6m,337,-0.13877469435554227,-0.08176489092361405,-0.054519421942103394,-0.07314073474328912
2025-04-02,price_vs_sma200,337,-0.28131486885722634,-0.17425966176085314,-0.13782747021257163,-0.14049734003683012
2025-04-02,debt_to_equity,247,0.16880583079002748,0.05535276305336565,0.01007137624766953,-0.0077173937214141675
2025-04-02,volatility,337,-0.5451844292010877,-0.3754178229985593,-0.29371898602042423,-0.3582774746125602
2025-04-02,max_drawdown,337,-0.306538051823755,-0.21282869413647978,-0.1766972190398868,-0.14583962269456208
2025-07-02,pe,306,0.1845049529001228,0.07152289989906017,0.026362737930706738,-0.00865165360584759
2025-07-02,pb,312,0.12453369183310008,0.09572917993084334,0.05124414200776216,0.0815078872833829
2025-07-02,ev_ebitda,200,0.159351983799595,0.03483779511065701,0.012743587263170044,-0.024702347984709945
2025-07-02,roic,247,0.03822623576793902,-0.030169409126702164,-0.016457154033895888,-0.08660354205624697
2025-07-02,operating_margin,283,-0.10733999332359667,-0.09765700191832921,-0.08132727345666893,-0.14749962491403806
2025-07-02,revenue_cagr_3y,329,-0.0015731676270172377,-0.02337974522762125,-0.0062623891149944655,-0.008285492626124664
2025-07-02,fcf_cagr_3y,218,-0.08022271797473517,-0.036548776141372336,-0.007378516816634831,-0.015195753485412761
2025-07-02,momentum_12m,332,0.07180925413243634,0.03211260366545188,0.04645381249098668,-0.00039209139328375
2025-07-02,rel_strength_6m,332,0.13269492318829051,0.08137509977243611,0.06083603052184613,0.08111898442166598
2025-07-02,price_vs_sma200,332,0.17844730410944076,0.1159869733076031,0.07790554931402259,0.12266109931614608
2025-07-02,debt_to_equity,247,0.0548203470085253,0.03863661821077632,0.044069994767835366,0.03974971777225535
2025-07-02,volatility,332,-0.1406706503765778,-0.11936055149070106,-0.09485739465779187,-0.13078388096837762
2025-07-02,max_drawdown,332,-0.13070246704175514,-0.10554891158609507,-0.06675390432114942,-0.07319505705736104
