metric,n,media,se_hac,t_hac,p,hac_lags,family,raw_expected,n_periods,n_mean,icir,positive_fraction,q_spread,d_spread,p_holm,classification
pe,57,0.03444788785204336,0.016739935871573637,2.057826751328235,0.022136513359395763,3,value,lower,57,289.3157894736842,0.2480432280000921,0.6140350877192983,0.009773970495266437,0.014059689094514789,0.26563816031274917,indicio
pb,57,0.012990863731149481,0.017476252266546182,0.7433437978013838,0.23019045220745626,3,value,lower,57,307.57894736842104,0.10068844505044229,0.47368421052631576,0.008793427163993763,0.01035364564490624,1.0,indicio
ev_ebitda,57,0.038066481917179214,0.017215871903039193,2.2111271582160863,0.015563424026444611,3,value,lower,57,203.6315789473684,0.2649722561188436,0.5789473684210527,0.011614172665437206,0.01563218723192609,0.20232451234377996,indicio
roic,57,0.013132033243909325,0.013660726528940223,0.9612983040169304,0.1702673610064196,3,quality,higher,57,242.4561403508772,0.1163507981102072,0.5789473684210527,0.004171981161348863,0.006977282542380852,1.0,indicio
operating_margin,57,-0.006971753894091918,0.014604818249232,-0.47735985310591117,0.6825181188184684,3,quality,higher,57,258.280701754386,-0.07032091579451441,0.40350877192982454,-0.008249810686177023,-0.010966198188314086,1.0,sin_evidencia
revenue_cagr_3y,57,-0.004004418785388607,0.01597677360089727,-0.2506400156514526,0.5984951166520898,3,quality,higher,57,289.2105263157895,-0.03447155481573964,0.5263157894736842,0.0011090532929224851,0.0033280320655426814,1.0,sin_evidencia
fcf_cagr_3y,57,0.009709856628869489,0.012584444527050338,0.7715761000017199,0.2218046427399416,3,quality,higher,57,215.47368421052633,0.10197251188392287,0.49122807017543857,0.005346195511112411,0.01006499250846491,1.0,indicio
momentum_12m,57,-0.013858452188530067,0.02513646017805214,-0.5513287109785869,0.7081992019194674,3,momentum,higher,57,320.7719298245614,-0.07240160836313339,0.43859649122807015,-0.007901532517006664,-0.00822744972657544,1.0,sin_evidencia
rel_strength_6m,57,-0.004034642083079705,0.022846895757886752,-0.17659476043641273,0.5697680847379141,3,momentum,higher,57,320.82456140350877,-0.02507114390075572,0.5614035087719298,-0.000990483615288182,0.0010787406391716615,1.0,sin_evidencia
price_vs_sma200,57,-0.012226945755043234,0.020508651767916476,-0.5961847659908557,0.7232729287199238,3,momentum,higher,57,320.82456140350877,-0.07114867391055411,0.5087719298245614,-0.002553446699495299,0.000824272197879873,1.0,sin_evidencia
debt_to_equity,57,-0.021973949758850246,0.012707037206818272,-1.7292740550928414,0.9553652523852124,3,risk,lower,57,251.0701754385965,-0.2196993432614831,0.40350877192982454,-0.010916871091399008,-0.013551058021795273,1.0,sin_evidencia
volatility,57,0.004194803958664078,0.034563428078494225,0.12136539087319684,0.4519180377577942,3,risk,lower,57,320.82456140350877,0.015352175103558342,0.5087719298245614,-0.00942455365760445,-0.01351242568796667,1.0,indicio
max_drawdown,57,0.006098525213669106,0.03115538044186727,0.19574549009434586,0.4227589670224489,3,risk,higher,57,320.82456140350877,0.02519676594963849,0.5087719298245614,-0.0064635638205068355,-0.005624394248694392,1.0,indicio
