block_size,series,metric,observed,valid_draws,undefined_draws,lower,median,upper,bootstrap_mean
20,strategy,cagr,0.18870093437459454,4096,0,0.08392196730540266,0.18954670832427978,0.30037540989526884,0.19003045050095052
20,strategy,volatility,0.1931686732800764,4096,0,0.16750999719632478,0.1913494362769757,0.2228456092072899,0.19246780813793188
20,strategy,sharpe,0.9921286959580882,4096,0,0.4991573005839513,1.0024712461518797,1.530714256000862,1.0060626776914492
20,strategy,max_drawdown,-0.3281482021700643,4096,0,-0.5080011077450907,-0.3128047109143956,-0.1871354952516358,-0.3225843284365717
20,strategy,es5,0.028961241170058983,4096,0,0.024576086396541127,0.028658268438387806,0.03423325092167485,0.028876454774317564
20,spy,cagr,0.13988212545688275,4096,0,0.0492558875425516,0.14057377246683356,0.23241734030096178,0.14115463189626665
20,spy,volatility,0.17366399446467817,4096,0,0.1494792724424821,0.1722787259067262,0.20129721471353396,0.17304215029838665
20,spy,sharpe,0.8411477527793003,4096,0,0.353608860069096,0.8501677678351698,1.3685670854061704,0.8572977942855108
20,spy,max_drawdown,-0.3371726607877111,4096,0,-0.5303869837129601,-0.3100280753689244,-0.17980268752480935,-0.32047453095293776
20,spy,es5,0.02660454736741633,4096,0,0.022485833044097955,0.02631099432658924,0.03174788064497563,0.026538304893766476
20,vs_spy,excess_mean,0.0001808377192010925,4096,0,1.0826574468441254e-05,0.00018004222544246629,0.0003454313753759795,0.0001800116588403932
20,vs_spy,cagr_difference,0.04881880891771179,4096,0,-0.001021764987860077,0.04837844181826876,0.09883250416785339,0.04887581860468386
20,vs_spy,sharpe_difference,0.15098094317878785,4096,0,-0.08323838546556753,0.14958593092288597,0.36534126896554736,0.14876488340593846
10,strategy,cagr,0.18870093437459454,4096,0,0.08554869207775766,0.19111440983741812,0.3047056056828432,0.19175672797287316
10,strategy,volatility,0.1931686732800764,4096,0,0.17249213533300145,0.1917672051227301,0.2176820052160366,0.1926160568166338
10,strategy,sharpe,0.9921286959580882,4096,0,0.5122713304542776,1.0082378970402806,1.5301038160857328,1.009796212345519
10,strategy,max_drawdown,-0.3281482021700643,4096,0,-0.5013705200375764,-0.3068528636528155,-0.19452995608950258,-0.31827338235697694
10,strategy,es5,0.028961241170058983,4096,0,0.025289238038101656,0.02872489302139042,0.033288690368381245,0.028871258290804593
10,spy,cagr,0.13988212545688275,4096,0,0.05243166497935096,0.14233609551352658,0.23520288105208564,0.14248828174252118
10,spy,volatility,0.17366399446467817,4096,0,0.1533754084620102,0.17243196574290992,0.19666438011436857,0.17316544485377344
10,spy,sharpe,0.8411477527793003,4096,0,0.3666479925614273,0.8562540734206157,1.3825927125720843,0.8599552052010708
10,spy,max_drawdown,-0.3371726607877111,4096,0,-0.49831486274064024,-0.2958800180553451,-0.18289360633659654,-0.30816523801248286
10,spy,es5,0.02660454736741633,4096,0,0.023020552409562783,0.026402982333026986,0.030912565415917716,0.026524432335539902
10,vs_spy,excess_mean,0.0001808377192010925,4096,0,1.388196221323935e-05,0.00018093908642598992,0.00034961144640346486,0.00018096165870832182
10,vs_spy,cagr_difference,0.04881880891771179,4096,0,-8.404834220743659e-05,0.04901876206826783,0.10153104385335737,0.04926844623035197
10,vs_spy,sharpe_difference,0.15098094317878785,4096,0,-0.07698152295320411,0.15165722812211613,0.3755137233556393,0.14984100714444842
40,strategy,cagr,0.18870093437459454,4096,0,0.09975825965342316,0.18979365761414507,0.286516370587852,0.1905365037188363
40,strategy,volatility,0.1931686732800764,4096,0,0.16459838720993025,0.19058435293336,0.2294912057438109,0.19233961178458908
40,strategy,sharpe,0.9921286959580882,4096,0,0.560734728448034,1.004216337853737,1.4996459860843379,1.0127514761335032
40,strategy,max_drawdown,-0.3281482021700643,4096,0,-0.4730036988418826,-0.3281482021700643,-0.18566117273953492,-0.3144991726349279
40,strategy,es5,0.028961241170058983,4096,0,0.024166495678965443,0.028575224687748632,0.0349886243375801,0.02886200483387508
40,spy,cagr,0.13988212545688275,4096,0,0.05514244620853268,0.14166348967526077,0.22477578998561012,0.14147200831810808
40,spy,volatility,0.17366399446467817,4096,0,0.14603494843883288,0.17167186165889903,0.20735932085705122,0.17293205500358294
40,spy,sharpe,0.8411477527793003,4096,0,0.37830084828717564,0.8518735764493364,1.3591170094163294,0.863407827310586
40,spy,max_drawdown,-0.3371726607877111,4096,0,-0.5040809700814992,-0.3371726607877107,-0.17652711554057876,-0.3230930424555072
40,spy,es5,0.02660454736741633,4096,0,0.021941038598971434,0.026242848436830585,0.03243088355107568,0.026514633698352812
40,vs_spy,excess_mean,0.0001808377192010925,4096,0,2.0346432175946524e-05,0.00018084732054243812,0.0003421112185540689,0.00018097440842140797
40,vs_spy,cagr_difference,0.04881880891771179,4096,0,0.0016777716400947873,0.04870887750746341,0.09684907434765407,0.049064495400728186
40,vs_spy,sharpe_difference,0.15098094317878785,4096,0,-0.07455689812411859,0.15043062511356087,0.36381192755632275,0.14934364882291729
