fecha,metric,n_eligible,n_signal,n_return,n_pairs,n_classified_pairs,n_unknown_division_pairs
2011-07-02,pe,258,243,258,243,220,23
2011-07-02,pb,258,253,258,253,232,21
2011-07-02,ev_ebitda,258,166,258,166,149,17
2011-07-02,roic,258,205,258,205,185,20
2011-07-02,operating_margin,258,196,258,196,177,19
2011-07-02,revenue_cagr_3y,258,198,258,198,178,20
2011-07-02,fcf_cagr_3y,258,151,258,151,134,17
2011-07-02,momentum_12m,258,258,258,258,234,24
2011-07-02,rel_strength_6m,258,258,258,258,234,24
2011-07-02,price_vs_sma200,258,258,258,258,234,24
2011-07-02,debt_to_equity,258,213,258,213,194,19
2011-07-02,volatility,258,258,258,258,234,24
2011-07-02,max_drawdown,258,258,258,258,234,24
2011-10-02,pe,270,255,270,255,240,15
2011-10-02,pb,270,265,270,265,251,14
2011-10-02,ev_ebitda,270,169,270,169,158,11
2011-10-02,roic,270,215,270,215,200,15
2011-10-02,operating_margin,270,200,270,200,188,12
2011-10-02,revenue_cagr_3y,270,213,270,213,202,11
2011-10-02,fcf_cagr_3y,270,164,270,164,152,12
2011-10-02,momentum_12m,270,270,270,270,254,16
2011-10-02,rel_strength_6m,270,270,270,270,254,16
2011-10-02,price_vs_sma200,270,270,270,270,254,16
2011-10-02,debt_to_equity,270,223,270,223,210,13
2011-10-02,volatility,270,270,270,270,254,16
2011-10-02,max_drawdown,270,270,270,270,254,16
2012-01-02,pe,269,256,269,256,239,17
2012-01-02,pb,269,264,269,264,249,15
2012-01-02,ev_ebitda,269,172,269,172,160,12
2012-01-02,roic,269,215,269,215,202,13
2012-01-02,operating_margin,269,201,269,201,187,14
2012-01-02,revenue_cagr_3y,269,212,269,212,197,15
2012-01-02,fcf_cagr_3y,269,162,269,162,148,14
2012-01-02,momentum_12m,269,269,269,269,252,17
2012-01-02,rel_strength_6m,269,269,269,269,252,17
2012-01-02,price_vs_sma200,269,269,269,269,252,17
2012-01-02,debt_to_equity,269,220,269,220,209,11
2012-01-02,volatility,269,269,269,269,252,17
2012-01-02,max_drawdown,269,269,269,269,252,17
2012-04-02,pe,285,262,285,262,243,19
2012-04-02,pb,285,280,285,280,261,19
2012-04-02,ev_ebitda,285,190,285,190,177,13
2012-04-02,roic,285,222,285,222,206,16
2012-04-02,operating_margin,285,215,285,215,202,13
2012-04-02,revenue_cagr_3y,285,243,285,243,227,16
2012-04-02,fcf_cagr_3y,285,185,285,185,172,13
2012-04-02,momentum_12m,285,285,285,285,266,19
2012-04-02,rel_strength_6m,285,285,285,285,266,19
2012-04-02,price_vs_sma200,285,285,285,285,266,19
2012-04-02,debt_to_equity,285,234,285,234,218,16
2012-04-02,volatility,285,285,285,285,266,19
2012-04-02,max_drawdown,285,285,285,285,266,19
2012-07-02,pe,293,270,293,270,258,12
2012-07-02,pb,293,288,293,288,276,12
2012-07-02,ev_ebitda,293,196,293,196,186,10
2012-07-02,roic,293,227,293,227,217,10
2012-07-02,operating_margin,293,220,293,220,209,11
2012-07-02,revenue_cagr_3y,293,249,293,249,239,10
2012-07-02,fcf_cagr_3y,293,190,293,190,182,8
2012-07-02,momentum_12m,293,293,293,293,280,13
2012-07-02,rel_strength_6m,293,293,293,293,280,13
2012-07-02,price_vs_sma200,293,293,293,293,280,13
2012-07-02,debt_to_equity,293,238,293,238,228,10
2012-07-02,volatility,293,293,293,293,280,13
2012-07-02,max_drawdown,293,293,293,293,280,13
2012-10-02,pe,317,287,317,287,265,22
2012-10-02,pb,317,312,317,312,289,23
2012-10-02,ev_ebitda,317,213,317,213,196,17
2012-10-02,roic,317,240,317,240,223,17
2012-10-02,operating_margin,317,240,317,240,223,17
2012-10-02,revenue_cagr_3y,317,272,317,272,253,19
2012-10-02,fcf_cagr_3y,317,210,317,210,193,17
2012-10-02,momentum_12m,317,316,317,316,293,23
2012-10-02,rel_strength_6m,317,317,317,317,294,23
2012-10-02,price_vs_sma200,317,317,317,317,294,23
2012-10-02,debt_to_equity,317,256,317,256,238,18
2012-10-02,volatility,317,317,317,317,294,23
2012-10-02,max_drawdown,317,317,317,317,294,23
2013-01-02,pe,320,291,320,291,269,22
2013-01-02,pb,320,315,320,315,292,23
2013-01-02,ev_ebitda,320,214,320,214,197,17
2013-01-02,roic,320,240,320,240,227,13
2013-01-02,operating_margin,320,241,320,241,219,22
2013-01-02,revenue_cagr_3y,320,273,320,273,252,21
2013-01-02,fcf_cagr_3y,320,209,320,209,192,17
2013-01-02,momentum_12m,320,320,320,320,296,24
2013-01-02,rel_strength_6m,320,320,320,320,296,24
2013-01-02,price_vs_sma200,320,320,320,320,296,24
2013-01-02,debt_to_equity,320,255,320,255,241,14
2013-01-02,volatility,320,320,320,320,296,24
2013-01-02,max_drawdown,320,320,320,320,296,24
2013-04-02,pe,310,272,310,272,241,31
2013-04-02,pb,310,304,310,304,269,35
2013-04-02,ev_ebitda,310,207,310,207,176,31
2013-04-02,roic,310,234,310,234,211,23
2013-04-02,operating_margin,310,235,310,235,203,32
2013-04-02,revenue_cagr_3y,310,272,310,272,238,34
2013-04-02,fcf_cagr_3y,310,212,310,212,185,27
2013-04-02,momentum_12m,310,310,310,310,274,36
2013-04-02,rel_strength_6m,310,310,310,310,274,36
2013-04-02,price_vs_sma200,310,310,310,310,274,36
2013-04-02,debt_to_equity,310,247,310,247,222,25
2013-04-02,volatility,310,310,310,310,274,36
2013-04-02,max_drawdown,310,310,310,310,274,36
2013-07-02,pe,316,278,316,278,255,23
2013-07-02,pb,316,310,316,310,284,26
2013-07-02,ev_ebitda,316,207,316,207,187,20
2013-07-02,roic,316,237,316,237,223,14
2013-07-02,operating_margin,316,239,316,239,215,24
2013-07-02,revenue_cagr_3y,316,276,316,276,250,26
2013-07-02,fcf_cagr_3y,316,213,316,213,194,19
2013-07-02,momentum_12m,316,316,316,316,290,26
2013-07-02,rel_strength_6m,316,316,316,316,290,26
2013-07-02,price_vs_sma200,316,316,316,316,290,26
2013-07-02,debt_to_equity,316,252,316,252,237,15
2013-07-02,volatility,316,316,316,316,290,26
2013-07-02,max_drawdown,316,316,316,316,290,26
2013-10-02,pe,320,281,320,281,263,18
2013-10-02,pb,320,313,320,313,292,21
2013-10-02,ev_ebitda,320,206,320,206,188,18
2013-10-02,roic,320,239,320,239,226,13
2013-10-02,operating_margin,320,242,320,242,224,18
2013-10-02,revenue_cagr_3y,320,283,320,283,264,19
2013-10-02,fcf_cagr_3y,320,216,320,216,201,15
2013-10-02,momentum_12m,320,320,320,320,299,21
2013-10-02,rel_strength_6m,320,320,320,320,299,21
2013-10-02,price_vs_sma200,320,320,320,320,299,21
2013-10-02,debt_to_equity,320,254,320,254,240,14
2013-10-02,volatility,320,320,320,320,299,21
2013-10-02,max_drawdown,320,320,320,320,299,21
2014-01-02,pe,318,281,318,281,266,15
2014-01-02,pb,318,311,318,311,293,18
2014-01-02,ev_ebitda,318,204,318,204,191,13
2014-01-02,roic,318,237,318,237,224,13
2014-01-02,operating_margin,318,240,318,240,226,14
2014-01-02,revenue_cagr_3y,318,279,318,279,263,16
2014-01-02,fcf_cagr_3y,318,215,318,215,200,15
2014-01-02,momentum_12m,318,318,318,318,300,18
2014-01-02,rel_strength_6m,318,318,318,318,300,18
2014-01-02,price_vs_sma200,318,318,318,318,300,18
2014-01-02,debt_to_equity,318,250,318,250,237,13
2014-01-02,volatility,318,318,318,318,300,18
2014-01-02,max_drawdown,318,318,318,318,300,18
2014-04-02,pe,316,292,316,292,259,33
2014-04-02,pb,316,307,316,307,274,33
2014-04-02,ev_ebitda,316,205,316,205,179,26
2014-04-02,roic,316,236,316,236,210,26
2014-04-02,operating_margin,316,244,316,244,215,29
2014-04-02,revenue_cagr_3y,316,279,316,279,248,31
2014-04-02,fcf_cagr_3y,316,218,316,218,197,21
2014-04-02,momentum_12m,316,316,316,316,282,34
2014-04-02,rel_strength_6m,316,316,316,316,282,34
2014-04-02,price_vs_sma200,316,316,316,316,282,34
2014-04-02,debt_to_equity,316,248,316,248,222,26
2014-04-02,volatility,316,316,316,316,282,34
2014-04-02,max_drawdown,316,316,316,316,282,34
2014-07-02,pe,316,293,316,293,267,26
2014-07-02,pb,316,307,316,307,278,29
2014-07-02,ev_ebitda,316,205,316,205,183,22
2014-07-02,roic,316,236,316,236,215,21
2014-07-02,operating_margin,316,243,316,243,220,23
2014-07-02,revenue_cagr_3y,316,277,316,277,253,24
2014-07-02,fcf_cagr_3y,316,219,316,219,195,24
2014-07-02,momentum_12m,316,316,316,316,287,29
2014-07-02,rel_strength_6m,316,316,316,316,287,29
2014-07-02,price_vs_sma200,316,316,316,316,287,29
2014-07-02,debt_to_equity,316,248,316,248,225,23
2014-07-02,volatility,316,316,316,316,287,29
2014-07-02,max_drawdown,316,316,316,316,287,29
2014-10-02,pe,318,295,318,295,276,19
2014-10-02,pb,318,309,318,309,289,20
2014-10-02,ev_ebitda,318,207,318,207,193,14
2014-10-02,roic,318,238,318,238,222,16
2014-10-02,operating_margin,318,246,318,246,231,15
2014-10-02,revenue_cagr_3y,318,279,318,279,263,16
2014-10-02,fcf_cagr_3y,318,222,318,222,205,17
2014-10-02,momentum_12m,318,318,318,318,298,20
2014-10-02,rel_strength_6m,318,318,318,318,298,20
2014-10-02,price_vs_sma200,318,318,318,318,298,20
2014-10-02,debt_to_equity,318,250,318,250,234,16
2014-10-02,volatility,318,318,318,318,298,20
2014-10-02,max_drawdown,318,318,318,318,298,20
2015-01-02,pe,311,288,311,288,267,21
2015-01-02,pb,311,303,311,303,279,24
2015-01-02,ev_ebitda,311,206,311,206,186,20
2015-01-02,roic,311,235,311,235,217,18
2015-01-02,operating_margin,311,239,311,239,219,20
2015-01-02,revenue_cagr_3y,311,269,311,269,247,22
2015-01-02,fcf_cagr_3y,311,215,311,215,198,17
2015-01-02,momentum_12m,311,311,311,311,287,24
2015-01-02,rel_strength_6m,311,311,311,311,287,24
2015-01-02,price_vs_sma200,311,311,311,311,287,24
2015-01-02,debt_to_equity,311,247,311,247,228,19
2015-01-02,volatility,311,311,311,311,287,24
2015-01-02,max_drawdown,311,311,311,311,287,24
2015-04-02,pe,312,283,312,283,255,28
2015-04-02,pb,312,306,312,306,277,29
2015-04-02,ev_ebitda,312,194,312,194,168,26
2015-04-02,roic,312,235,312,235,210,25
2015-04-02,operating_margin,312,238,312,238,211,27
2015-04-02,revenue_cagr_3y,312,272,312,272,242,30
2015-04-02,fcf_cagr_3y,312,207,312,207,187,20
2015-04-02,momentum_12m,312,312,312,312,280,32
2015-04-02,rel_strength_6m,312,312,312,312,280,32
2015-04-02,price_vs_sma200,312,312,312,312,280,32
2015-04-02,debt_to_equity,312,251,312,251,227,24
2015-04-02,volatility,312,312,312,312,280,32
2015-04-02,max_drawdown,312,312,312,312,280,32
2015-07-02,pe,310,281,310,281,264,17
2015-07-02,pb,310,305,310,305,287,18
2015-07-02,ev_ebitda,310,189,310,189,174,15
2015-07-02,roic,310,232,310,232,220,12
2015-07-02,operating_margin,310,235,310,235,221,14
2015-07-02,revenue_cagr_3y,310,272,310,272,257,15
2015-07-02,fcf_cagr_3y,310,205,310,205,191,14
2015-07-02,momentum_12m,310,310,310,310,292,18
2015-07-02,rel_strength_6m,310,310,310,310,292,18
2015-07-02,price_vs_sma200,310,310,310,310,292,18
2015-07-02,debt_to_equity,310,249,310,249,237,12
2015-07-02,volatility,310,310,310,310,292,18
2015-07-02,max_drawdown,310,310,310,310,292,18
2015-10-02,pe,301,273,301,273,262,11
2015-10-02,pb,301,296,301,296,283,13
2015-10-02,ev_ebitda,301,188,301,188,179,9
2015-10-02,roic,301,228,301,228,218,10
2015-10-02,operating_margin,301,230,301,230,220,10
2015-10-02,revenue_cagr_3y,301,264,301,264,251,13
2015-10-02,fcf_cagr_3y,301,201,301,201,195,6
2015-10-02,momentum_12m,301,301,301,301,288,13
2015-10-02,rel_strength_6m,301,301,301,301,288,13
2015-10-02,price_vs_sma200,301,301,301,301,288,13
2015-10-02,debt_to_equity,301,243,301,243,233,10
2015-10-02,volatility,301,301,301,301,288,13
2015-10-02,max_drawdown,301,301,301,301,288,13
2016-01-02,pe,261,240,261,240,225,15
2016-01-02,pb,261,257,261,257,239,18
2016-01-02,ev_ebitda,261,160,261,160,146,14
2016-01-02,roic,261,203,261,203,189,14
2016-01-02,operating_margin,261,192,261,192,178,14
2016-01-02,revenue_cagr_3y,261,227,261,227,211,16
2016-01-02,fcf_cagr_3y,261,174,261,174,158,16
2016-01-02,momentum_12m,261,261,261,261,242,19
2016-01-02,rel_strength_6m,261,261,261,261,242,19
2016-01-02,price_vs_sma200,261,261,261,261,242,19
2016-01-02,debt_to_equity,261,214,261,214,199,15
2016-01-02,volatility,261,261,261,261,242,19
2016-01-02,max_drawdown,261,261,261,261,242,19
2016-04-02,pe,318,285,318,285,264,21
2016-04-02,pb,318,308,318,308,287,21
2016-04-02,ev_ebitda,318,194,318,194,181,13
2016-04-02,roic,318,244,318,244,228,16
2016-04-02,operating_margin,318,243,318,243,225,18
2016-04-02,revenue_cagr_3y,318,274,318,274,254,20
2016-04-02,fcf_cagr_3y,318,217,318,217,201,16
2016-04-02,momentum_12m,318,318,318,318,295,23
2016-04-02,rel_strength_6m,318,318,318,318,295,23
2016-04-02,price_vs_sma200,318,318,318,318,295,23
2016-04-02,debt_to_equity,318,252,318,252,236,16
2016-04-02,volatility,318,318,318,318,295,23
2016-04-02,max_drawdown,318,318,318,318,295,23
2016-07-02,pe,317,285,317,285,259,26
2016-07-02,pb,317,306,317,306,280,26
2016-07-02,ev_ebitda,317,195,317,195,178,17
2016-07-02,roic,317,242,317,242,222,20
2016-07-02,operating_margin,317,241,317,241,221,20
2016-07-02,revenue_cagr_3y,317,274,317,274,254,20
2016-07-02,fcf_cagr_3y,317,217,317,217,197,20
2016-07-02,momentum_12m,317,317,317,317,289,28
2016-07-02,rel_strength_6m,317,317,317,317,289,28
2016-07-02,price_vs_sma200,317,317,317,317,289,28
2016-07-02,debt_to_equity,317,249,317,249,229,20
2016-07-02,volatility,317,317,317,317,289,28
2016-07-02,max_drawdown,317,317,317,317,289,28
2016-10-02,pe,321,288,321,288,266,22
2016-10-02,pb,321,310,321,310,288,22
2016-10-02,ev_ebitda,321,196,321,196,182,14
2016-10-02,roic,321,247,321,247,231,16
2016-10-02,operating_margin,321,243,321,243,223,20
2016-10-02,revenue_cagr_3y,321,278,321,278,259,19
2016-10-02,fcf_cagr_3y,321,218,321,218,204,14
2016-10-02,momentum_12m,321,320,321,320,297,23
2016-10-02,rel_strength_6m,321,321,321,321,297,24
2016-10-02,price_vs_sma200,321,321,321,321,297,24
2016-10-02,debt_to_equity,321,254,321,254,238,16
2016-10-02,volatility,321,321,321,321,297,24
2016-10-02,max_drawdown,321,321,321,321,297,24
2017-01-02,pe,321,291,321,291,267,24
2017-01-02,pb,321,309,321,309,284,25
2017-01-02,ev_ebitda,321,196,321,196,179,17
2017-01-02,roic,321,246,321,246,227,19
2017-01-02,operating_margin,321,242,321,242,221,21
2017-01-02,revenue_cagr_3y,321,278,321,278,256,22
2017-01-02,fcf_cagr_3y,321,221,321,221,204,17
2017-01-02,momentum_12m,321,321,321,321,295,26
2017-01-02,rel_strength_6m,321,321,321,321,295,26
2017-01-02,price_vs_sma200,321,321,321,321,295,26
2017-01-02,debt_to_equity,321,251,321,251,231,20
2017-01-02,volatility,321,321,321,321,295,26
2017-01-02,max_drawdown,321,321,321,321,295,26
2017-04-02,pe,310,278,310,278,259,19
2017-04-02,pb,310,297,310,297,278,19
2017-04-02,ev_ebitda,310,195,310,195,185,10
2017-04-02,roic,310,238,310,238,223,15
2017-04-02,operating_margin,310,240,310,240,224,16
2017-04-02,revenue_cagr_3y,310,274,310,274,256,18
2017-04-02,fcf_cagr_3y,310,210,310,210,196,14
2017-04-02,momentum_12m,310,310,310,310,290,20
2017-04-02,rel_strength_6m,310,310,310,310,290,20
2017-04-02,price_vs_sma200,310,310,310,310,290,20
2017-04-02,debt_to_equity,310,243,310,243,228,15
2017-04-02,volatility,310,310,310,310,290,20
2017-04-02,max_drawdown,310,310,310,310,290,20
2017-07-02,pe,315,283,315,283,262,21
2017-07-02,pb,315,301,315,301,280,21
2017-07-02,ev_ebitda,315,201,315,201,186,15
2017-07-02,roic,315,239,315,239,222,17
2017-07-02,operating_margin,315,247,315,247,228,19
2017-07-02,revenue_cagr_3y,315,279,315,279,258,21
2017-07-02,fcf_cagr_3y,315,215,315,215,199,16
2017-07-02,momentum_12m,315,315,315,315,292,23
2017-07-02,rel_strength_6m,315,315,315,315,292,23
2017-07-02,price_vs_sma200,315,315,315,315,292,23
2017-07-02,debt_to_equity,315,244,315,244,227,17
2017-07-02,volatility,315,315,315,315,292,23
2017-07-02,max_drawdown,315,315,315,315,292,23
2017-10-02,pe,317,286,317,286,266,20
2017-10-02,pb,317,303,317,303,284,19
2017-10-02,ev_ebitda,317,206,317,206,191,15
2017-10-02,roic,317,244,317,244,226,18
2017-10-02,operating_margin,317,247,317,247,232,15
2017-10-02,revenue_cagr_3y,317,279,317,279,262,17
2017-10-02,fcf_cagr_3y,317,215,317,215,200,15
2017-10-02,momentum_12m,317,317,317,317,296,21
2017-10-02,rel_strength_6m,317,317,317,317,296,21
2017-10-02,price_vs_sma200,317,317,317,317,296,21
2017-10-02,debt_to_equity,317,248,317,248,231,17
2017-10-02,volatility,317,317,317,317,296,21
2017-10-02,max_drawdown,317,317,317,317,296,21
2018-01-02,pe,317,287,317,287,263,24
2018-01-02,pb,317,303,317,303,277,26
2018-01-02,ev_ebitda,317,206,317,206,187,19
2018-01-02,roic,317,245,317,245,222,23
2018-01-02,operating_margin,317,247,317,247,225,22
2018-01-02,revenue_cagr_3y,317,280,317,280,255,25
2018-01-02,fcf_cagr_3y,317,214,317,214,190,24
2018-01-02,momentum_12m,317,317,317,317,289,28
2018-01-02,rel_strength_6m,317,317,317,317,289,28
2018-01-02,price_vs_sma200,317,317,317,317,289,28
2018-01-02,debt_to_equity,317,249,317,249,225,24
2018-01-02,volatility,317,317,317,317,289,28
2018-01-02,max_drawdown,317,317,317,317,289,28
2018-04-02,pe,318,288,318,288,250,38
2018-04-02,pb,318,304,318,304,260,44
2018-04-02,ev_ebitda,318,215,318,215,183,32
2018-04-02,roic,318,247,318,247,215,32
2018-04-02,operating_margin,318,243,318,243,208,35
2018-04-02,revenue_cagr_3y,318,273,318,273,236,37
2018-04-02,fcf_cagr_3y,318,210,318,210,183,27
2018-04-02,momentum_12m,318,318,318,318,273,45
2018-04-02,rel_strength_6m,318,318,318,318,273,45
2018-04-02,price_vs_sma200,318,318,318,318,273,45
2018-04-02,debt_to_equity,318,253,318,253,216,37
2018-04-02,volatility,318,318,318,318,273,45
2018-04-02,max_drawdown,318,318,318,318,273,45
2018-07-02,pe,317,287,317,287,258,29
2018-07-02,pb,317,304,317,304,275,29
2018-07-02,ev_ebitda,317,214,317,214,192,22
2018-07-02,roic,317,245,317,245,219,26
2018-07-02,operating_margin,317,243,317,243,223,20
2018-07-02,revenue_cagr_3y,317,272,317,272,249,23
2018-07-02,fcf_cagr_3y,317,211,317,211,190,21
2018-07-02,momentum_12m,317,317,317,317,288,29
2018-07-02,rel_strength_6m,317,317,317,317,288,29
2018-07-02,price_vs_sma200,317,317,317,317,288,29
2018-07-02,debt_to_equity,317,253,317,253,227,26
2018-07-02,volatility,317,317,317,317,288,29
2018-07-02,max_drawdown,317,317,317,317,288,29
2018-10-02,pe,318,287,318,287,262,25
2018-10-02,pb,318,305,318,305,280,25
2018-10-02,ev_ebitda,318,210,318,210,195,15
2018-10-02,roic,318,243,318,243,223,20
2018-10-02,operating_margin,318,243,318,243,224,19
2018-10-02,revenue_cagr_3y,318,273,318,273,252,21
2018-10-02,fcf_cagr_3y,318,216,318,216,195,21
2018-10-02,momentum_12m,318,318,318,318,292,26
2018-10-02,rel_strength_6m,318,318,318,318,292,26
2018-10-02,price_vs_sma200,318,318,318,318,292,26
2018-10-02,debt_to_equity,318,251,318,251,231,20
2018-10-02,volatility,318,318,318,318,292,26
2018-10-02,max_drawdown,318,318,318,318,292,26
2019-01-02,pe,324,289,324,289,266,23
2019-01-02,pb,324,311,324,311,289,22
2019-01-02,ev_ebitda,324,215,324,215,199,16
2019-01-02,roic,324,243,324,243,224,19
2019-01-02,operating_margin,324,250,324,250,232,18
2019-01-02,revenue_cagr_3y,324,279,324,279,259,20
2019-01-02,fcf_cagr_3y,324,225,324,225,205,20
2019-01-02,momentum_12m,324,324,324,324,301,23
2019-01-02,rel_strength_6m,324,324,324,324,301,23
2019-01-02,price_vs_sma200,324,324,324,324,301,23
2019-01-02,debt_to_equity,324,255,324,255,237,18
2019-01-02,volatility,324,324,324,324,301,23
2019-01-02,max_drawdown,324,324,324,324,301,23
2019-04-02,pe,315,282,315,282,263,19
2019-04-02,pb,315,300,315,300,279,21
2019-04-02,ev_ebitda,315,211,315,211,199,12
2019-04-02,roic,315,238,315,238,223,15
2019-04-02,operating_margin,315,265,315,265,248,17
2019-04-02,revenue_cagr_3y,315,248,315,248,232,16
2019-04-02,fcf_cagr_3y,315,214,315,214,201,13
2019-04-02,momentum_12m,315,315,315,315,294,21
2019-04-02,rel_strength_6m,315,315,315,315,294,21
2019-04-02,price_vs_sma200,315,315,315,315,294,21
2019-04-02,debt_to_equity,315,247,315,247,230,17
2019-04-02,volatility,315,315,315,315,294,21
2019-04-02,max_drawdown,315,315,315,315,294,21
2019-07-02,pe,318,284,318,284,252,32
2019-07-02,pb,318,303,318,303,271,32
2019-07-02,ev_ebitda,318,215,318,215,192,23
2019-07-02,roic,318,241,318,241,219,22
2019-07-02,operating_margin,318,270,318,270,239,31
2019-07-02,revenue_cagr_3y,318,249,318,249,222,27
2019-07-02,fcf_cagr_3y,318,214,318,214,191,23
2019-07-02,momentum_12m,318,318,318,318,284,34
2019-07-02,rel_strength_6m,318,318,318,318,284,34
2019-07-02,price_vs_sma200,318,318,318,318,284,34
2019-07-02,debt_to_equity,318,251,318,251,229,22
2019-07-02,volatility,318,318,318,318,284,34
2019-07-02,max_drawdown,318,318,318,318,284,34
2019-10-02,pe,320,287,319,286,263,23
2019-10-02,pb,320,304,319,303,281,22
2019-10-02,ev_ebitda,320,217,319,216,201,15
2019-10-02,roic,320,245,319,245,227,18
2019-10-02,operating_margin,320,272,319,271,249,22
2019-10-02,revenue_cagr_3y,320,246,319,245,226,19
2019-10-02,fcf_cagr_3y,320,218,319,218,200,18
2019-10-02,momentum_12m,320,320,319,319,295,24
2019-10-02,rel_strength_6m,320,320,319,319,295,24
2019-10-02,price_vs_sma200,320,320,319,319,295,24
2019-10-02,debt_to_equity,320,255,319,255,237,18
2019-10-02,volatility,320,320,319,319,295,24
2019-10-02,max_drawdown,320,320,319,319,295,24
2020-01-02,pe,321,287,321,287,248,39
2020-01-02,pb,321,304,321,304,263,41
2020-01-02,ev_ebitda,321,220,321,220,192,28
2020-01-02,roic,321,249,321,249,217,32
2020-01-02,operating_margin,321,273,321,273,236,37
2020-01-02,revenue_cagr_3y,321,248,321,248,215,33
2020-01-02,fcf_cagr_3y,321,218,321,218,190,28
2020-01-02,momentum_12m,321,321,321,321,279,42
2020-01-02,rel_strength_6m,321,321,321,321,279,42
2020-01-02,price_vs_sma200,321,321,321,321,279,42
2020-01-02,debt_to_equity,321,258,321,258,226,32
2020-01-02,volatility,321,321,321,321,279,42
2020-01-02,max_drawdown,321,321,321,321,279,42
2020-04-02,pe,333,294,333,294,264,30
2020-04-02,pb,333,316,333,316,283,33
2020-04-02,ev_ebitda,333,217,333,217,194,23
2020-04-02,roic,333,249,333,249,221,28
2020-04-02,operating_margin,333,283,333,283,253,30
2020-04-02,revenue_cagr_3y,333,305,333,305,273,32
2020-04-02,fcf_cagr_3y,333,229,333,229,207,22
2020-04-02,momentum_12m,333,333,333,333,298,35
2020-04-02,rel_strength_6m,333,333,333,333,298,35
2020-04-02,price_vs_sma200,333,333,333,333,298,35
2020-04-02,debt_to_equity,333,263,333,263,235,28
2020-04-02,volatility,333,333,333,333,298,35
2020-04-02,max_drawdown,333,333,333,333,298,35
2020-07-02,pe,340,300,340,300,273,27
2020-07-02,pb,340,323,340,323,292,31
2020-07-02,ev_ebitda,340,222,340,222,203,19
2020-07-02,roic,340,251,340,251,228,23
2020-07-02,operating_margin,340,292,340,292,263,29
2020-07-02,revenue_cagr_3y,340,311,340,311,279,32
2020-07-02,fcf_cagr_3y,340,233,340,233,209,24
2020-07-02,momentum_12m,340,340,340,340,307,33
2020-07-02,rel_strength_6m,340,340,340,340,307,33
2020-07-02,price_vs_sma200,340,340,340,340,307,33
2020-07-02,debt_to_equity,340,265,340,265,240,25
2020-07-02,volatility,340,340,340,340,307,33
2020-07-02,max_drawdown,340,340,340,340,307,33
2020-10-02,pe,344,303,344,303,257,46
2020-10-02,pb,344,327,344,327,278,49
2020-10-02,ev_ebitda,344,225,344,225,190,35
2020-10-02,roic,344,251,344,251,212,39
2020-10-02,operating_margin,344,297,344,297,252,45
2020-10-02,revenue_cagr_3y,344,321,344,321,272,49
2020-10-02,fcf_cagr_3y,344,237,344,237,201,36
2020-10-02,momentum_12m,344,344,344,344,293,51
2020-10-02,rel_strength_6m,344,344,344,344,293,51
2020-10-02,price_vs_sma200,344,344,344,344,293,51
2020-10-02,debt_to_equity,344,265,344,265,224,41
2020-10-02,volatility,344,344,344,344,293,51
2020-10-02,max_drawdown,344,344,344,344,293,51
2021-01-02,pe,343,301,343,301,268,33
2021-01-02,pb,343,326,343,326,287,39
2021-01-02,ev_ebitda,343,221,343,221,192,29
2021-01-02,roic,343,252,343,252,224,28
2021-01-02,operating_margin,343,296,343,296,258,38
2021-01-02,revenue_cagr_3y,343,322,343,322,284,38
2021-01-02,fcf_cagr_3y,343,237,343,237,211,26
2021-01-02,momentum_12m,343,343,343,343,303,40
2021-01-02,rel_strength_6m,343,343,343,343,303,40
2021-01-02,price_vs_sma200,343,343,343,343,303,40
2021-01-02,debt_to_equity,343,264,343,264,232,32
2021-01-02,volatility,343,343,343,343,303,40
2021-01-02,max_drawdown,343,343,343,343,303,40
2021-04-02,pe,337,282,337,282,255,27
2021-04-02,pb,337,322,337,322,288,34
2021-04-02,ev_ebitda,337,206,337,206,184,22
2021-04-02,roic,337,255,337,255,232,23
2021-04-02,operating_margin,337,290,337,290,259,31
2021-04-02,revenue_cagr_3y,337,319,337,319,284,35
2021-04-02,fcf_cagr_3y,337,229,337,229,206,23
2021-04-02,momentum_12m,337,337,337,337,302,35
2021-04-02,rel_strength_6m,337,337,337,337,302,35
2021-04-02,price_vs_sma200,337,337,337,337,302,35
2021-04-02,debt_to_equity,337,268,337,268,241,27
2021-04-02,volatility,337,337,337,337,302,35
2021-04-02,max_drawdown,337,337,337,337,302,35
2021-07-02,pe,334,279,334,279,252,27
2021-07-02,pb,334,318,334,318,285,33
2021-07-02,ev_ebitda,334,203,334,203,179,24
2021-07-02,roic,334,252,334,252,229,23
2021-07-02,operating_margin,334,287,334,287,256,31
2021-07-02,revenue_cagr_3y,334,316,334,316,283,33
2021-07-02,fcf_cagr_3y,334,228,334,228,203,25
2021-07-02,momentum_12m,334,334,334,334,300,34
2021-07-02,rel_strength_6m,334,334,334,334,300,34
2021-07-02,price_vs_sma200,334,334,334,334,300,34
2021-07-02,debt_to_equity,334,265,334,265,238,27
2021-07-02,volatility,334,334,334,334,300,34
2021-07-02,max_drawdown,334,334,334,334,300,34
2021-10-02,pe,331,282,331,282,254,28
2021-10-02,pb,331,315,331,315,279,36
2021-10-02,ev_ebitda,331,202,331,202,177,25
2021-10-02,roic,331,247,331,247,223,24
2021-10-02,operating_margin,331,285,331,285,251,34
2021-10-02,revenue_cagr_3y,331,313,331,313,278,35
2021-10-02,fcf_cagr_3y,331,225,331,225,199,26
2021-10-02,momentum_12m,331,331,331,331,294,37
2021-10-02,rel_strength_6m,331,331,331,331,294,37
2021-10-02,price_vs_sma200,331,331,331,331,294,37
2021-10-02,debt_to_equity,331,259,331,259,231,28
2021-10-02,volatility,331,331,331,331,294,37
2021-10-02,max_drawdown,331,331,331,331,294,37
2022-01-02,pe,330,284,330,284,256,28
2022-01-02,pb,330,314,330,314,282,32
2022-01-02,ev_ebitda,330,200,330,200,177,23
2022-01-02,roic,330,245,330,245,221,24
2022-01-02,operating_margin,330,285,330,285,253,32
2022-01-02,revenue_cagr_3y,330,313,330,313,280,33
2022-01-02,fcf_cagr_3y,330,227,330,227,202,25
2022-01-02,momentum_12m,330,330,330,330,296,34
2022-01-02,rel_strength_6m,330,330,330,330,296,34
2022-01-02,price_vs_sma200,330,330,330,330,296,34
2022-01-02,debt_to_equity,330,258,330,258,232,26
2022-01-02,volatility,330,330,330,330,296,34
2022-01-02,max_drawdown,330,330,330,330,296,34
2022-04-02,pe,349,321,349,321,294,27
2022-04-02,pb,349,328,349,328,295,33
2022-04-02,ev_ebitda,349,219,349,219,197,22
2022-04-02,roic,349,260,349,260,234,26
2022-04-02,operating_margin,349,295,349,295,267,28
2022-04-02,revenue_cagr_3y,349,345,349,345,312,33
2022-04-02,fcf_cagr_3y,349,241,349,241,220,21
2022-04-02,momentum_12m,349,349,349,349,316,33
2022-04-02,rel_strength_6m,349,349,349,349,316,33
2022-04-02,price_vs_sma200,349,349,349,349,316,33
2022-04-02,debt_to_equity,349,267,349,267,237,30
2022-04-02,volatility,349,349,349,349,316,33
2022-04-02,max_drawdown,349,349,349,349,316,33
2022-07-02,pe,353,326,353,326,295,31
2022-07-02,pb,353,332,353,332,296,36
2022-07-02,ev_ebitda,353,220,353,220,197,23
2022-07-02,roic,353,264,353,264,240,24
2022-07-02,operating_margin,353,297,353,297,262,35
2022-07-02,revenue_cagr_3y,353,350,353,350,314,36
2022-07-02,fcf_cagr_3y,353,245,353,245,217,28
2022-07-02,momentum_12m,353,353,353,353,317,36
2022-07-02,rel_strength_6m,353,353,353,353,317,36
2022-07-02,price_vs_sma200,353,353,353,353,317,36
2022-07-02,debt_to_equity,353,271,353,271,243,28
2022-07-02,volatility,353,353,353,353,317,36
2022-07-02,max_drawdown,353,353,353,353,317,36
2022-10-02,pe,345,321,345,321,286,35
2022-10-02,pb,345,324,345,324,285,39
2022-10-02,ev_ebitda,345,215,345,215,190,25
2022-10-02,roic,345,259,345,259,230,29
2022-10-02,operating_margin,345,290,345,290,256,34
2022-10-02,revenue_cagr_3y,345,343,345,343,304,39
2022-10-02,fcf_cagr_3y,345,240,345,240,210,30
2022-10-02,momentum_12m,345,345,345,345,306,39
2022-10-02,rel_strength_6m,345,345,345,345,306,39
2022-10-02,price_vs_sma200,345,345,345,345,306,39
2022-10-02,debt_to_equity,345,263,345,263,231,32
2022-10-02,volatility,345,345,345,345,306,39
2022-10-02,max_drawdown,345,345,345,345,306,39
2023-01-02,pe,345,319,345,319,284,35
2023-01-02,pb,345,323,345,323,287,36
2023-01-02,ev_ebitda,345,211,345,211,189,22
2023-01-02,roic,345,256,345,256,231,25
2023-01-02,operating_margin,345,291,345,291,256,35
2023-01-02,revenue_cagr_3y,345,343,345,343,307,36
2023-01-02,fcf_cagr_3y,345,240,345,240,213,27
2023-01-02,momentum_12m,345,345,345,345,309,36
2023-01-02,rel_strength_6m,345,345,345,345,309,36
2023-01-02,price_vs_sma200,345,345,345,345,309,36
2023-01-02,debt_to_equity,345,260,345,260,235,25
2023-01-02,volatility,345,345,345,345,309,36
2023-01-02,max_drawdown,345,345,345,345,309,36
2023-04-02,pe,342,309,342,309,277,32
2023-04-02,pb,342,320,342,320,287,33
2023-04-02,ev_ebitda,342,204,342,204,181,23
2023-04-02,roic,342,254,342,254,229,25
2023-04-02,operating_margin,342,291,342,291,258,33
2023-04-02,revenue_cagr_3y,342,340,342,340,305,35
2023-04-02,fcf_cagr_3y,342,233,342,233,210,23
2023-04-02,momentum_12m,342,342,342,342,307,35
2023-04-02,rel_strength_6m,342,342,342,342,307,35
2023-04-02,price_vs_sma200,342,342,342,342,307,35
2023-04-02,debt_to_equity,342,256,342,256,232,24
2023-04-02,volatility,342,342,342,342,307,35
2023-04-02,max_drawdown,342,342,342,342,307,35
2023-07-02,pe,343,307,343,307,276,31
2023-07-02,pb,343,322,343,322,288,34
2023-07-02,ev_ebitda,343,204,343,204,178,26
2023-07-02,roic,343,255,343,255,224,31
2023-07-02,operating_margin,343,291,343,291,257,34
2023-07-02,revenue_cagr_3y,343,341,343,341,305,36
2023-07-02,fcf_cagr_3y,343,230,343,230,207,23
2023-07-02,momentum_12m,343,343,343,343,307,36
2023-07-02,rel_strength_6m,343,343,343,343,307,36
2023-07-02,price_vs_sma200,343,343,343,343,307,36
2023-07-02,debt_to_equity,343,258,343,258,229,29
2023-07-02,volatility,343,343,343,343,307,36
2023-07-02,max_drawdown,343,343,343,343,307,36
2023-10-02,pe,341,307,341,307,282,25
2023-10-02,pb,341,319,341,319,290,29
2023-10-02,ev_ebitda,341,201,341,201,185,16
2023-10-02,roic,341,254,341,254,232,22
2023-10-02,operating_margin,341,289,341,289,263,26
2023-10-02,revenue_cagr_3y,341,339,341,339,310,29
2023-10-02,fcf_cagr_3y,341,227,341,227,208,19
2023-10-02,momentum_12m,341,341,341,341,312,29
2023-10-02,rel_strength_6m,341,341,341,341,312,29
2023-10-02,price_vs_sma200,341,341,341,341,312,29
2023-10-02,debt_to_equity,341,256,341,256,233,23
2023-10-02,volatility,341,341,341,341,312,29
2023-10-02,max_drawdown,341,341,341,341,312,29
2024-01-02,pe,340,304,340,304,274,30
2024-01-02,pb,340,319,340,319,288,31
2024-01-02,ev_ebitda,340,200,340,200,180,20
2024-01-02,roic,340,252,340,252,228,24
2024-01-02,operating_margin,340,289,340,289,258,31
2024-01-02,revenue_cagr_3y,340,338,340,338,305,33
2024-01-02,fcf_cagr_3y,340,228,340,228,204,24
2024-01-02,momentum_12m,340,340,340,340,307,33
2024-01-02,rel_strength_6m,340,340,340,340,307,33
2024-01-02,price_vs_sma200,340,340,340,340,307,33
2024-01-02,debt_to_equity,340,255,340,255,233,22
2024-01-02,volatility,340,340,340,340,307,33
2024-01-02,max_drawdown,340,340,340,340,307,33
2024-04-02,pe,341,310,341,310,281,29
2024-04-02,pb,341,319,341,319,290,29
2024-04-02,ev_ebitda,341,208,341,208,187,21
2024-04-02,roic,341,254,341,254,230,24
2024-04-02,operating_margin,341,292,341,292,263,29
2024-04-02,revenue_cagr_3y,341,339,341,339,308,31
2024-04-02,fcf_cagr_3y,341,220,341,220,202,18
2024-04-02,momentum_12m,341,341,341,341,310,31
2024-04-02,rel_strength_6m,341,341,341,341,310,31
2024-04-02,price_vs_sma200,341,341,341,341,310,31
2024-04-02,debt_to_equity,341,253,341,253,230,23
2024-04-02,volatility,341,341,341,341,310,31
2024-04-02,max_drawdown,341,341,341,341,310,31
2024-07-02,pe,343,312,343,312,276,36
2024-07-02,pb,343,321,343,321,286,35
2024-07-02,ev_ebitda,343,211,343,211,185,26
2024-07-02,roic,343,258,343,258,229,29
2024-07-02,operating_margin,343,293,343,293,257,36
2024-07-02,revenue_cagr_3y,343,341,343,341,303,38
2024-07-02,fcf_cagr_3y,343,221,343,221,195,26
2024-07-02,momentum_12m,343,343,343,343,305,38
2024-07-02,rel_strength_6m,343,343,343,343,305,38
2024-07-02,price_vs_sma200,343,343,343,343,305,38
2024-07-02,debt_to_equity,343,257,343,257,230,27
2024-07-02,volatility,343,343,343,343,305,38
2024-07-02,max_drawdown,343,343,343,343,305,38
2024-10-02,pe,341,310,341,310,277,33
2024-10-02,pb,341,322,341,322,288,34
2024-10-02,ev_ebitda,341,210,341,210,184,26
2024-10-02,roic,341,257,341,257,230,27
2024-10-02,operating_margin,341,290,341,290,255,35
2024-10-02,revenue_cagr_3y,341,337,341,337,302,35
2024-10-02,fcf_cagr_3y,341,217,341,217,193,24
2024-10-02,momentum_12m,341,340,341,340,305,35
2024-10-02,rel_strength_6m,341,341,341,341,305,36
2024-10-02,price_vs_sma200,341,341,341,341,305,36
2024-10-02,debt_to_equity,341,258,341,258,232,26
2024-10-02,volatility,341,341,341,341,305,36
2024-10-02,max_drawdown,341,341,341,341,305,36
2025-01-02,pe,336,308,336,308,272,36
2025-01-02,pb,336,317,336,317,279,38
2025-01-02,ev_ebitda,336,204,336,204,177,27
2025-01-02,roic,336,252,336,252,224,28
2025-01-02,operating_margin,336,285,336,285,247,38
2025-01-02,revenue_cagr_3y,336,332,336,332,294,38
2025-01-02,fcf_cagr_3y,336,214,336,214,190,24
2025-01-02,momentum_12m,336,336,336,336,297,39
2025-01-02,rel_strength_6m,336,336,336,336,297,39
2025-01-02,price_vs_sma200,336,336,336,336,297,39
2025-01-02,debt_to_equity,336,251,336,251,224,27
2025-01-02,volatility,336,336,336,336,297,39
2025-01-02,max_drawdown,336,336,336,336,297,39
2025-04-02,pe,337,312,337,312,283,29
2025-04-02,pb,337,317,337,317,287,30
2025-04-02,ev_ebitda,337,201,337,201,181,20
2025-04-02,roic,337,246,337,246,223,23
2025-04-02,operating_margin,337,287,337,287,257,30
2025-04-02,revenue_cagr_3y,337,336,337,336,305,31
2025-04-02,fcf_cagr_3y,337,222,337,222,201,21
2025-04-02,momentum_12m,337,337,337,337,306,31
2025-04-02,rel_strength_6m,337,337,337,337,306,31
2025-04-02,price_vs_sma200,337,337,337,337,306,31
2025-04-02,debt_to_equity,337,247,337,247,225,22
2025-04-02,volatility,337,337,337,337,306,31
2025-04-02,max_drawdown,337,337,337,337,306,31
2025-07-02,pe,333,307,332,306,272,34
2025-07-02,pb,333,313,332,312,279,33
2025-07-02,ev_ebitda,333,201,332,200,175,25
2025-07-02,roic,333,248,332,247,220,27
2025-07-02,operating_margin,333,284,332,283,248,35
2025-07-02,revenue_cagr_3y,333,330,332,329,293,36
2025-07-02,fcf_cagr_3y,333,218,332,218,193,25
2025-07-02,momentum_12m,333,333,332,332,296,36
2025-07-02,rel_strength_6m,333,333,332,332,296,36
2025-07-02,price_vs_sma200,333,333,332,332,296,36
2025-07-02,debt_to_equity,333,248,332,247,221,26
2025-07-02,volatility,333,333,332,332,296,36
2025-07-02,max_drawdown,333,333,332,332,296,36
