date,top10_q,top20_q,top30_q,top10_sma200_q,buffer13_q,buffer15_q,buffer20_q,top20_semestral,top20_anual,top10_q_cost25,top10_q_cost50,top10_q_cost100,top20_q_cost25,top20_q_cost50,buffer13_q_cost25,buffer13_q_cost50,buffer15_q_cost25,buffer15_q_cost50,buffer20_q_cost25,buffer20_q_cost50,top20_semestral_cost25,top20_semestral_cost50,top20_anual_cost25,top20_anual_cost50
2016-10-03,0.08123236066386563,0.05140631289541142,0.032608846543640935,0.08123236066386563,0.05140631289541142,0.05140631289541142,0.05140631289541142,0.05140631289541142,0.05140631289541142,0.07798785428351351,0.07259117763032674,0.06183845175170655,0.0482513069830488,0.04300349891861788,0.0482513069830488,0.04300349891861788,0.0482513069830488,0.04300349891861788,0.0482513069830488,0.04300349891861788,0.04825130698304925,0.04300349891861788,0.04825130698304925,0.04300349891861788
2017-01-03,0.07871097844387398,0.06701510308052794,0.05603697348436798,0.07871097844387398,0.055570582061809315,0.055570582061809315,0.057370643899517404,0.055832140835134325,0.055832140835134325,0.07685667213462155,0.07377235347598132,0.06762693562162592,0.06542055642372313,0.06276830313573245,0.05416647988613432,0.05183099813888381,0.05416647988613432,0.05183099813888381,0.056102904374396356,0.0539942383723897,0.0558321408351341,0.055832140835134325,0.0558321408351341,0.055832140835134325
2017-04-03,0.04081110949348821,0.037858882834894025,0.024612697718721543,0.04081110949348821,0.03785888283489425,0.024466372255619984,0.024466372255619984,0.037851451441581974,0.036614560747834535,0.038007112563055,0.033343147387423944,0.024050328442754232,0.035649301855958715,0.03197404507281432,0.03564930185595894,0.03197404507281432,0.022439630716979186,0.0190684958010916,0.022439630716979186,0.0190684958010916,0.03563073731351141,0.03193696245736155,0.03661456074783431,0.036614560747834535
2017-07-03,0.02570061729902884,0.02576056575908714,0.03281663973410187,0.02570061729902884,0.028083801952858867,0.03383519191533502,0.027189894202235276,0.04801277063996201,0.05352205092630169,0.02361678303222403,0.020150684212113745,0.013244580164015307,0.023786982246995825,0.02050426653797044,0.02626181786697135,0.02323126165098488,0.0320132078294475,0.028982651613461252,0.025545212880666357,0.02280956922658306,0.048020374396147814,0.048033094421487954,0.053522050926302356,0.05352205092630169
2017-10-02,0.0468981058279101,0.06339470819497794,0.05464696616721598,0.0468981058279101,0.0635292105499099,0.0705402753717328,0.07271382692702621,0.06324017678925964,0.06296162907774905,0.04475816313205683,0.04119873761950332,0.034106682771404495,0.06120938738017201,0.05757448319493008,0.06131440577748615,0.057630460115031035,0.06862318866304595,0.06543444564020762,0.0707955787026604,0.0676049036988633,0.06082334875720807,0.056803372253440454,0.060127502016659395,0.055413420566436944
2018-01-02,0.08169660805762069,0.06199842669875966,0.07264898588347246,0.08169660805762069,0.0621053001271481,0.05828091288101156,0.059404563754778206,0.06345365111280366,0.06344234771227675,0.07935974959828629,0.07547278868316498,0.06772812879205725,0.059888285235714545,0.05637842893292033,0.06015526831876339,0.056911726805943585,0.05633524057465178,0.05309895034139123,0.05762342719517788,0.0546608137925535,0.06348092796436489,0.06352657464419065,0.06345263308239701,0.06346986337548488
2018-04-02,-0.018782226982360983,-0.03857546259921418,-0.03503384514783814,-0.018782226982360983,-0.04361040192769461,-0.043921337183213005,-0.048174965541930126,-0.03816699777110455,-0.03722472592092352,-0.021423641998648102,-0.02581718020714041,-0.03457118105417367,-0.04092651378879819,-0.04483708186229873,-0.04552925009689335,-0.04872092300542352,-0.0459761654717733,-0.04939401785090014,-0.05022979383049042,-0.05364764620961737,-0.0399061179732042,-0.042798844413378,-0.03717353973552817,-0.03708779365669246
2018-07-02,0.03931828423045691,0.030562557442523453,0.018403724539633126,0.03931828423045691,0.024775325335898213,0.024775325335898213,0.029815204972198917,0.012617410563494635,0.013980053487320454,0.037040290375616625,0.03325124057532536,0.025701665816400654,0.028386072722091926,0.024765865855525204,0.0228993827925823,0.019779075991049,0.0228993827925823,0.019779075991049,0.027953317822164037,0.02485638974265547,0.012647096546007264,0.012696712991990822,0.01401310556875468,0.01406846588391164
2018-10-02,0.060422976875772694,0.07059894529492139,0.06787081206185075,0.060422976875772694,0.07089054048602983,0.07089054048602983,0.07821912622230842,0.07058722656170624,0.070491337970076,0.057240914222530304,0.05194810193720967,0.041402322879380726,0.06804917600087013,0.06380807464149396,0.0686709699712591,0.06497909731855,0.0686709699712591,0.06497909731855,0.0764778573587388,0.0735815569908762,0.06801990115144974,0.06374959822137471,0.06778035955342387,0.06327111462882296
2019-01-02,-0.1177272405612394,-0.12057655517773735,-0.13628007448342272,-0.1177272405612394,-0.13854179508338194,-0.13854179508338194,-0.13874626433128934,-0.13873803415851083,-0.13873076717583255,-0.11928471808453978,-0.12187531326375056,-0.12703700102358317,-0.12202196473546234,-0.12442615418680791,-0.1395457058100712,-0.14121553811905252,-0.1395457058100712,-0.14121553811905252,-0.139755109481024,-0.14143314935150264,-0.13870884824072627,-0.138659990456379,-0.13869064177839774,-0.1386234468873767
2019-04-02,0.23671297664422442,0.22533212589580942,0.18758827556609114,0.11835648832211221,0.22557248985285105,0.22557248985285105,0.22557248985285105,0.22485007302847104,0.18142038995367638,0.2344874954282543,0.2307857913437561,0.22341025045770424,0.22277161701809645,0.2185126522139862,0.22339592441112832,0.2197755832786199,0.22339592441112832,0.2197755832786199,0.22339592441112832,0.2197755832786199,0.22156738915102703,0.216107210817438,0.18138041568090024,0.18131348220701238
2019-07-02,0.035053851157408555,0.03692625496121993,0.050265303507980086,0.035053851157408555,0.03692625496122015,0.03692625496122015,0.036861621831606683,0.03836400512858429,0.006030789811754422,0.03323829994143934,0.030218443694825403,0.024201465376603393,0.035351331497963434,0.03273171800723951,0.035351331497963656,0.03273171800723995,0.035351331497963656,0.03273171800723995,0.03543845537591639,0.033071263487642444,0.03835109048805174,0.03832945477781036,0.006072493031618276,0.006142327797773017
2019-10-02,-0.04773447943454889,-0.03573409501735525,-0.06883243564529995,-0.04773447943454889,-0.035881458381694875,-0.035881458381694875,-0.036750374235104966,-0.03622683843526331,-0.03595034608393388,-0.04971914324254423,-0.0530202891123418,-0.05959772906370764,-0.03729990017494944,-0.03990434693720546,-0.037299279953776576,-0.039657581550214815,-0.037299279953776576,-0.039657581550214815,-0.03803200736767476,-0.040163782988883456,-0.038530834363633026,-0.04236313412761705,-0.037840122167809076,-0.040983438677635986
2020-01-02,0.15107882126559402,0.12224098337928746,0.11580545708466561,0.15107882126559402,0.12410271945187756,0.12765850039968285,0.11540121340130871,0.16345755861420175,0.16343470383231717,0.14863324087250152,0.1445654397762186,0.13646046092942132,0.12039168969880709,0.11731570868339891,0.12242902956562096,0.11964513516845354,0.12616063480574669,0.12366919378736618,0.11390334780737255,0.11141190678899227,0.16348192886194912,0.16352272430752768,0.1634247051481983,0.1634079867790892
2020-04-02,-0.20999645353732,-0.23924025071932864,-0.27723260531898364,-0.20999645353732,-0.23924025071932875,-0.23301253911941366,-0.2393451108294159,-0.23929864556311586,-0.19578467582697257,-0.21152763523448914,-0.21407449184322924,-0.21914903173617706,-0.24063634831124858,-0.24295851581429584,-0.24063634831124858,-0.24295851581429584,-0.23419368602428592,-0.236158320140621,-0.240515792955877,-0.24246302071860648,-0.24078222587561193,-0.2432499057926737,-0.1958460576780724,-0.1959486939847399
2020-07-02,0.28920279727367193,0.296562714616017,0.2878004339154694,0.14460139863683596,0.30410579989328834,0.3080620293602476,0.3379229831607429,0.28105868008742196,0.2505853478315052,0.28681590048197236,0.28284570943308585,0.27493521585010994,0.29475877687490737,0.291758237640279,0.3026911427697643,0.3003381046876026,0.3068453314813042,0.30482156445250874,0.33690367669525423,0.33520823623070406,0.2809677134514086,0.28081561611604666,0.2505687028442236,0.2505408651612546
2020-10-02,0.09160259711959262,0.08039354166385082,0.07843940527179694,0.09160259711959262,0.08039354166385082,0.0805001263201901,0.0775729312545359,0.08018838357849156,0.0800622678099332,0.08896840621697111,0.08458688407532833,0.07585682490226886,0.07797417104066207,0.07394996537516163,0.07797417104066207,0.07394996537516163,0.07824043273530679,0.07448182227710509,0.075490275030337,0.07202613568087868,0.07746166069110627,0.07292622755552292,0.07714660785506822,0.07229691050130937
2021-01-04,0.15558821549192237,0.11711703946739926,0.09023740637400568,0.15558821549192237,0.10799770188039903,0.0955268928311317,0.07450745086385546,0.07389042794202827,0.07381411347421918,0.15352974834587774,0.15010584335506527,0.14328380932067342,0.11462010770776443,0.11046689247187436,0.10580979151937209,0.10217058007071467,0.09351367450143999,0.09016503311074775,0.07274095659641788,0.06980269812086104,0.07399311551857801,0.07416507467681543,0.07380198650569492,0.0737816693104083
2021-04-05,0.17290109492542616,0.18828420424371428,0.19114770918126722,0.17290109492542616,0.189226881061209,0.17440021082524804,0.1983381970108813,0.18843613765398426,0.10414584614333999,0.16997648104204566,0.16511189037284413,0.15541933079606673,0.18516787133586043,0.17998438914294002,0.18630025800722616,0.18143232542933085,0.1714735877712652,0.1666056551933699,0.19554381819573674,0.19089585109566576,0.18554741984388223,0.18074253610014024,0.10414905280484432,0.10415442532118147
2021-07-02,0.03973983548299098,0.04941063585277572,0.058835801366558416,0.03973983548299098,0.04584009966735314,0.04573614816832405,0.0468461571491372,0.028800247698633097,0.04401051522093069,0.037851902032344675,0.03471165042502089,0.02845478774944965,0.04716708278849513,0.04343531930191058,0.04392996804575722,0.04075279361047124,0.043670284304749174,0.040234076150334364,0.04493625088961983,0.041759451305273476,0.028786328271480643,0.02876302484582749,0.04401339570592433,0.04401822170094105
2021-10-04,-0.004818187127043183,0.023132225753765168,0.020256900247015652,-0.004818187127043183,0.008170064590508064,0.008170064590508064,0.015494164877789318,0.022816303841120655,0.022633488536640378,-0.006637142124945372,-0.009662659975617993,-0.015690918880094884,0.021272446555173463,0.018179024689245926,0.006770894243411707,0.004443615742209861,0.006770894243411707,0.004443615742209861,0.014399655059004202,0.012579126789591832,0.02048323442347333,0.016602575925549257,0.020026539112443453,0.0156903284707266
2022-01-03,0.19968297697210535,0.16152748725869848,0.12530976283815076,0.19968297697210535,0.16152748725869848,0.16367881660341888,0.1686046091314648,0.16547982590899557,0.1654425003309392,0.19764185012517177,0.19424678773055204,0.18748222175482243,0.1593440264230126,0.15571221599217155,0.1593440264230126,0.15571221599217155,0.16164348902461367,0.15825807271209236,0.1668083508048377,0.16382058495142404,0.16553307486622848,0.16562218668525386,0.16543961647297412,0.16543478688228586
2022-04-04,-0.03692565534147718,-0.028972005039982762,-0.041738150146065744,-0.03692565534147718,-0.06579161669205147,-0.06579161669205147,-0.07446025627129327,-0.028995917463345178,-0.04183474254745323,-0.03840668893532284,-0.04087013282524499,-0.04577847523076084,-0.030492604896631526,-0.033021860439141903,-0.06665280810201235,-0.0680852514481568,-0.06665280810201235,-0.0680852514481568,-0.07515516342242246,-0.07631102158973635,-0.030552341096814595,-0.033141183312098255,-0.04183646038275535,-0.04183933725685529
2022-07-05,-0.14903237554598903,-0.11992157927386238,-0.1306101284325154,-0.14903237554598903,-0.11622064414998123,-0.11622064414998123,-0.11622064414998123,-0.15713745161390413,-0.19637607433563753,-0.1506026395008193,-0.15321450270308978,-0.1584185663984542,-0.12167153566488342,-0.12458228623597378,-0.11782593126490115,-0.12049604945212722,-0.11782593126490115,-0.12049604945212722,-0.11782593126490115,-0.12049604945212722,-0.1571763168947472,-0.15724123974371684,-0.1963503439567018,-0.19630725285499062
2022-10-03,0.035202359526390836,-0.022992400629030185,-0.026585389691241912,0.017601179763195418,-0.013848191161866752,-0.013848191161866752,-0.013848191161866752,-0.02358832073703654,-0.023594289875779717,0.03333538632555966,0.030229998477945497,0.024042600859362384,-0.024382293859251725,-0.0266941414769295,-0.014983611448680989,-0.01687218722418593,-0.014983611448680989,-0.01687218722418593,-0.014983611448680989,-0.01687218722418593,-0.025870976220110697,-0.029667779834790742,-0.02588588786923418,-0.02969756580725791
2023-01-03,0.11596137327372924,0.08720566364108029,0.08115609017115832,0.05798068663686462,0.09577089174453879,0.09577089174453879,0.08729872807863481,0.0961056447611861,0.09611702982429016,0.11396145364569277,0.11063493235104183,0.10400693258202565,0.08564070676685676,0.08303767097765014,0.0946776323584031,0.09285918396799064,0.0946776323584031,0.09285918396799064,0.08636526025962388,0.08481259757544435,0.09609946922861567,0.09608913293839749,0.09612797734216816,0.09614630118752543
2023-04-03,0.1333774171073152,0.046373052680452,0.037537780850129154,0.0666887085536576,0.05291332124142767,0.062070398708199415,0.05621517058261638,0.04591207187036139,0.02934785993754363,0.13204827000510044,0.12983746309203292,0.12543249273073953,0.04520545158083289,0.043263348574746674,0.05203678933337619,0.050578829715050455,0.06134408467263697,0.06013598657107688,0.055447636344122975,0.05417097554589456,0.044053864327011416,0.0409630566384529,0.0294580831981357,0.029642568856901752
2023-07-03,0.1058722551976341,0.06936151919056899,0.0630376369928689,0.1058722551976341,0.066005007176003,0.06611516417460139,0.06680730478910468,0.07189328192936895,0.020182245923975772,0.10392901295271972,0.10069676470746391,0.09425660132795799,0.06717640129363578,0.06354183462726981,0.06397732859665561,0.06060463507520142,0.06425251444545554,0.06115431794714743,0.06508843198403702,0.06222938359594332,0.07187814203774545,0.0718528397150473,0.02025378433517,0.020373487139357938
2023-10-02,-0.023389171030258837,-0.03817205801107826,-0.04818411697155911,-0.023389171030258837,-0.03495716644252267,-0.03495716644252267,-0.0226918464378858,-0.03824330511955942,-0.03852354563393523,-0.02541529927549102,-0.028785414083593253,-0.03550027269747813,-0.0399259965932226,-0.04284337085227874,-0.03667390183864039,-0.03952939501567143,-0.03667390183864039,-0.03952939501567143,-0.02427524001043757,-0.026908942066794284,-0.04010398070926979,-0.043198893567186536,-0.040804056281387724,-0.044597292332017924
2024-01-02,0.15910949522738482,0.14451366448054137,0.13835987252420856,0.15910949522738482,0.14451366448054137,0.16863394148330402,0.14461410989978507,0.16954776813615235,0.16954044020841486,0.15778206811797468,0.15557412211622168,0.15117485203995606,0.14283908682409718,0.14005371577437264,0.1428390868240974,0.14005371577437242,0.16709523858875586,0.16453587176565887,0.14309001194283044,0.14055493791391926,0.1695635503722217,0.1695899373620533,0.1695452122952732,0.16955320029958343
2024-04-02,0.14763922185266898,0.13370182464121205,0.1194189040866731,0.14763922185266898,0.13475240634891872,0.13644326398439777,0.13633215008026922,0.13407123775769114,0.10265523722267744,0.14497129914237594,0.14053366995775374,0.13169181908550764,0.13135391948541808,0.1274485842964035,0.13272521697107265,0.1293533371519231,0.13490922512685222,0.13235761612471553,0.13463164880932266,0.1318031582989616,0.1322767592805234,0.12929195389964288,0.10271396651561715,0.10281227250640312
2024-07-02,0.04236874124286549,-0.02965228714498236,-0.03232119250255916,0.04236874124286549,-0.029652287144982692,-0.029652287144982692,-0.029652287144982692,-0.003096309181447099,0.01818722938607742,0.04059509735037237,0.037644946706919535,0.03176685483514641,-0.03163883460627959,-0.034943113608395415,-0.03163883460627959,-0.034943113608395415,-0.03163883460627959,-0.034943113608395415,-0.03163883460627959,-0.034943113608395415,-0.003012563056842721,-0.0028726763049029547,0.018255287079865568,0.018369191504572058
2024-10-02,0.03572313069598754,0.060051399605917544,0.0777109105638516,0.03572313069598754,0.05933120140477399,0.05933120140477399,0.06045895491270725,0.05946178343959607,0.05969317612398917,0.03402812753525852,0.03120878218276446,0.025591316160480604,0.05806407492015753,0.054758503139226145,0.0576696953655238,0.05490606669601328,0.0576696953655238,0.05490606669601328,0.05911705875870377,0.05688504599732713,0.05659114058770687,0.05181632141883652,0.057169188220367095,0.0529709697564158
2025-01-02,0.06846206011872424,0.008622008463558206,-0.021365229512124828,0.06846206011872424,0.006556604723537918,0.006556604723537918,0.01649888045754233,-0.0007757303529467574,-0.0007667297967820508,0.06625292634862356,0.06257841342022674,0.05525705014507776,0.006753348631858058,0.0036451553647551815,0.004926313116948133,0.002214604271360443,0.004926313116948133,0.002214604271360443,0.01504178524436961,0.012618158721080963,-0.0007021109798938108,-0.0005787677633493082,-0.0006796130464885586,-0.0005337842903134771
2025-04-02,-0.07544632246580729,-0.026420885914738457,-0.029559852284299803,-0.07544632246580729,-0.013757989207011434,-0.013757989207011434,-0.03633080704295044,-0.02668302154520852,0.02954907880492108,-0.07751569843118067,-0.08095774836106373,-0.08781593567430601,-0.02884445262971569,-0.03287563777003766,-0.01605259339625964,-0.019869271622386164,-0.01605259339625964,-0.019869271622386164,-0.038446310290767505,-0.041965084997567126,-0.029499299955708325,-0.03418369325474924,0.02950024989248834,0.02941853196878408
2025-07-02,0.10610761596745011,0.12000831960288094,0.14167215285801915,0.053053807983725054,0.14669510855133527,0.14669510855133527,0.14952163695230558,0.10825430276612669,0.08702092616311052,0.10353498783528003,0.09925586474207582,0.09072983278221569,0.11729043807070338,0.11276971100428446,0.14417864383903223,0.13999293890601283,0.14417864383903223,0.13999293890601283,0.1471588727869464,0.1432288221988518,0.10827079902377723,0.10829845079542788,0.08711371759675601,0.08726902895899213
