fecha,hasta,held,sold,bought,turnover_pct,comision_pagada,spread_pagado,coste_total
2016-01-02,2016-04-04,,,"BF-B, BKNG, BRK-B, CB, CINF, CTAS, DHR, FAST, GT, HSIC, ICE, IFF, MPC, NEE, NI, NVDA, ORLY, PPG, ROP, SPG",100.0,20.0,49.975012493741815,69.97501249374181
2016-04-02,2016-07-05,"BF-B, BKNG, BRK-B, CINF, CTAS, DHR, FAST, HSIC, ICE, NEE, NVDA, ORLY, ROP, SPG","CB, GT, IFF, MPC, NI, PPG","APH, CME, CPRI, GOOG, KIM, LRCX",63.298033934313345,26.0,33.388597835131804,59.388597835131804
2016-07-02,2016-10-03,"APH, BF-B, BKNG, BRK-B, CINF, CME, CPRI, CTAS, DHR, FAST, GOOG, HSIC, ICE, KIM, LRCX, NEE, NVDA, ORLY, SPG",ROP,LNT,19.65504478681775,21.0,11.098609996552113,32.09860999655211
2016-10-02,2017-01-03,"APH, BF-B, BKNG, BRK-B, CINF, CME, CPRI, CTAS, DHR, FAST, GOOG, ICE, KIM, LRCX, NEE, NVDA, ORLY","HSIC, LNT, SPG","CSX, PLD, URI",36.30391323072203,23.0,21.24545476991625,44.24545476991625
2017-01-02,2017-04-03,"BF-B, BKNG, BRK-B, CME, CSX, CTAS, DHR, FAST, GOOG, ICE, LRCX, NEE, NVDA, ORLY, PLD, URI","APH, CINF, CPRI, KIM","ALK, BBT, PEG, UAL",45.7960577070845,24.0,28.952364581622533,52.95236458162253
2017-04-02,2017-07-03,"ALK, BBT, BF-B, BKNG, BRK-B, CME, CSX, CTAS, FAST, GOOG, LRCX, NEE, NVDA, PLD, URI","DHR, ICE, ORLY, PEG, UAL","ALB, COO, LNC, MPC, RJF",53.15007315434097,25.0,35.955005597817944,60.955005597817944
2017-07-02,2017-10-02,"ALB, BKNG, BRK-B, CME, COO, CSX, CTAS, FAST, GOOG, LRCX, MPC, NEE, NVDA, PLD, RJF","ALK, BBT, BF-B, LNC, URI","DAL, HRB, PPL, ROP, SHW",53.40324619791299,25.0,38.38803179693059,63.38803179693059
2017-10-02,2018-01-02,"ALB, BKNG, BRK-B, CME, COO, CSX, CTAS, FAST, GOOG, LRCX, MPC, NEE, NVDA, PLD, ROP, SHW","DAL, HRB, PPL, RJF","AOS, CF, CNC, CPRI",43.16489933642006,24.0,33.45544856216293,57.45544856216293
2018-01-02,2018-04-02,"AOS, BRK-B, CF, CME, CNC, CPRI, CTAS, FAST, GOOG, LRCX, MPC, NEE, NVDA, PLD, SHW","ALB, BKNG, COO, CSX, ROP","AMAT, MU, RJF, TSCO, WMT",52.848011990193854,25.0,44.87764738214901,69.87764738214901
2018-04-02,2018-07-02,"BRK-B, CF, CME, CNC, CPRI, CTAS, FAST, GOOG, LRCX, MPC, MU, NEE, NVDA, PLD, SHW","AMAT, AOS, RJF, TSCO, WMT","AMZN, BKNG, FCX, PEG, UNP",52.870542468634895,25.0,44.75069923521369,69.75069923521369
2018-07-02,2018-10-02,"AMZN, BKNG, BRK-B, CF, CME, CNC, CTAS, FAST, GOOG, LRCX, MPC, MU, NEE, NVDA, PEG, PLD, UNP","CPRI, FCX, SHW","CPRT, CSX, PSA",36.02027599342688,23.0,31.71088400282315,54.71088400282315
2018-10-02,2019-01-02,"AMZN, BRK-B, CF, CME, CNC, CPRT, CSX, CTAS, FAST, GOOG, LRCX, MPC, NEE, NVDA, PLD, UNP","BKNG, MU, PEG, PSA","ANET, ORLY, SPG, TSCO",44.363257966522866,24.0,42.00577811340918,66.00577811340918
2019-01-02,2019-04-02,"ANET, BRK-B, CF, CME, CPRT, CSX, CTAS, FAST, GOOG, LRCX, MPC, NEE, NVDA, ORLY, SPG, TSCO, UNP","AMZN, CNC, PLD","ALK, AVGO, O",39.23227836181624,23.0,31.202420031040674,54.202420031040674
2019-04-02,2019-07-02,"ANET, AVGO, BRK-B, CME, CPRT, CSX, CTAS, FAST, GOOG, LRCX, NEE, NVDA, ORLY, TSCO","ALK, CF, MPC, O, SPG, UNP","AOS, AZO, CMCSA, KLAC, NSC, PEG",65.33181067833681,26.0,63.385219064046396,89.3852190640464
2019-07-02,2019-10-02,"ANET, AOS, AVGO, AZO, BRK-B, CMCSA, CME, CPRT, CSX, CTAS, FAST, GOOG, KLAC, LRCX, NEE, NSC, NVDA, ORLY, PEG, TSCO",,,8.504030438288611,20.0,8.432084473315626,28.432084473315626
2019-10-02,2020-01-02,"AOS, AVGO, BRK-B, CMCSA, CME, CPRT, CSX, CTAS, FAST, GOOG, KLAC, LRCX, NEE, NSC, NVDA, ORLY","ANET, AZO, PEG, TSCO","AMAT, BKNG, BMY, MPC",45.263265492884535,24.0,45.49187397415517,69.49187397415517
2020-01-02,2020-04-02,"AOS, AVGO, BKNG, BMY, BRK-B, CME, CPRT, CSX, CTAS, FAST, GOOG, KLAC, LRCX, MPC, NEE, NSC, NVDA","AMAT, CMCSA, ORLY","ODFL, PM, PPL",35.866436721366775,23.0,40.726883733441355,63.726883733441355
2020-04-02,2020-07-02,"AVGO, BKNG, BRK-B, CME, CPRT, CSX, FAST, GOOG, LRCX, MPC, NEE, NVDA, ODFL, PM","AOS, BMY, CTAS, KLAC, NSC, PPL","AMZN, ANET, BIIB, CI, CMG, NEM",69.37449490300172,26.0,60.33952971090912,86.33952971090912
2020-07-02,2020-10-02,"AMZN, ANET, AVGO, BKNG, CI, CME, CMG, CPRT, CSX, FAST, GOOG, LRCX, MPC, NEE, NEM, NVDA, ODFL","BIIB, BRK-B, PM","ALB, AOS, CTAS",38.313566199061164,23.0,44.33322441182099,67.33322441182099
2020-10-02,2021-01-04,"ALB, AMZN, ANET, AOS, AVGO, CMG, CPRT, CTAS, FAST, GOOG, LRCX, MPC, NEE, NVDA, ODFL","BKNG, CI, CME, CSX, NEM","BKR, MNST, PEG, PPL, URI",55.89148782275968,25.0,70.16347492125351,95.16347492125351
2021-01-02,2021-04-05,"ANET, AVGO, BKR, CMG, CPRT, CTAS, FAST, GOOG, LRCX, MNST, MPC, NEE, NVDA, ODFL, PEG, PPL, URI","ALB, AMZN, AOS","BKNG, CSX, KIM",40.93053288690512,23.0,59.840856268885545,82.84085626888555
2021-04-02,2021-07-02,"ANET, AVGO, CSX, CTAS, GOOG, KIM, LRCX, MNST, NVDA, ODFL, PEG, PPL","BKNG, BKR, CMG, CPRT, FAST, MPC, NEE, URI","CI, DGX, DTE, DXC, FTNT, GM, KLAC, LH",84.87335190376308,28.0,143.1060692629544,171.1060692629544
2021-07-02,2021-10-04,"ANET, AVGO, CI, CTAS, DGX, DTE, FTNT, GM, GOOG, KIM, LH, LRCX, NVDA, ODFL, PPL","CSX, DXC, KLAC, MNST, PEG","AOS, AZO, EXR, ORLY, TSCO",56.32771643696817,25.0,101.55425751529401,126.55425751529401
2021-10-02,2022-01-03,"ANET, AVGO, AZO, CTAS, DGX, DTE, EXR, FTNT, GOOG, KIM, LH, LRCX, NVDA, ODFL, ORLY, PPL, TSCO","AOS, CI, GM","CMG, CPRT, TECH",32.70776177419117,23.0,59.022421999659855,82.02242199965985
2022-01-02,2022-04-04,"ANET, AVGO, AZO, CMG, CPRT, CTAS, DGX, EXR, FTNT, GOOG, LRCX, NVDA, ODFL, ORLY, PPL, TECH, TSCO","DTE, KIM, LH","AOS, CME, FAST",38.385455919888514,23.0,82.922279064951,105.922279064951
2022-04-02,2022-07-05,"ANET, AVGO, AZO, CME, CMG, CTAS, EXR, FAST, FTNT, GOOG, NVDA, ORLY, TSCO","AOS, CPRT, DGX, LRCX, ODFL, PPL, TECH","ADM, ATO, CF, CI, CINF, MOS, REGN",70.28163862335578,27.0,141.69684561778558,168.69684561778558
2022-07-02,2022-10-03,"ADM, ANET, ATO, AVGO, AZO, CF, CI, CINF, CMG, CTAS, FTNT, GOOG, MOS, ORLY, REGN, TSCO","CME, EXR, FAST, NVDA","HPQ, LHX, RTX, VICI",46.352591162744865,24.0,78.63345143035986,102.63345143035986
2022-10-02,2023-01-03,"ADM, ANET, ATO, AVGO, AZO, CF, CI, CMG, CTAS, LHX, MOS, ORLY, REGN, TSCO, VICI","CINF, FTNT, GOOG, HPQ, RTX","CPRT, DGX, EXR, MNST, MPC",52.41952255340235,25.0,90.76240285270615,115.76240285270615
2023-01-02,2023-04-03,"ADM, ANET, ATO, AVGO, AZO, CI, CMG, CPRT, CTAS, DGX, MNST, MPC, ORLY, REGN, TSCO, VICI","CF, EXR, LHX, MOS","ADI, LRCX, NFLX, PM",42.22031355580753,24.0,77.11109041247983,101.11109041247983
2023-04-02,2023-07-03,"ADI, ANET, ATO, AVGO, CMG, CPRT, CTAS, LRCX, MNST, MPC, NFLX, ORLY, PM, REGN, TSCO, VICI","ADM, AZO, CI, DGX","BEN, BWA, ODFL, PHM",44.215710984616365,24.0,88.70034494769061,112.70034494769061
2023-07-02,2023-10-02,"ANET, ATO, AVGO, BEN, BWA, CMG, CPRT, CTAS, LRCX, MPC, NFLX, ODFL, ORLY, PHM, REGN","ADI, MNST, PM, TSCO, VICI","BRK.B, EQT, FANG, MO, WY",56.73837437898634,25.0,123.30915385403205,148.30915385403205
2023-10-02,2024-01-02,"ANET, ATO, AVGO, BRK.B, CMG, CTAS, EQT, FANG, LRCX, MO, MPC, NFLX, ODFL, ORLY, PHM, REGN, WY","BEN, BWA, CPRT","ADM, AIG, CF",36.869351122874754,23.0,78.56691391958157,101.56691391958157
2024-01-02,2024-04-02,"ADM, AIG, ANET, ATO, AVGO, CF, CMG, CTAS, FANG, LRCX, MO, MPC, NFLX, ODFL, ORLY, PHM, REGN","BRK.B, EQT, WY","BLDR, NRG, ZION",36.43415014663714,23.0,88.2012033428764,111.2012033428764
2024-04-02,2024-07-02,"ANET, ATO, AVGO, BLDR, CMG, CTAS, FANG, LRCX, MPC, NFLX, ORLY, PHM","ADM, AIG, CF, MO, NRG, ODFL, REGN, ZION","AOS, DECK, ETR, HST, NVDA, SMCI, SPG, STLD",81.93770887856373,28.0,234.8180479707662,262.8180479707662
2024-07-02,2024-10-02,"ANET, AOS, AVGO, CMG, CTAS, DECK, ETR, FANG, HST, LRCX, MPC, NFLX, NVDA, ORLY, SMCI, SPG, STLD","ATO, BLDR, PHM","APH, MO, REGN",38.14779532933211,23.0,109.83362071949523,132.83362071949523
2024-10-02,2025-01-02,"ANET, AOS, CTAS, DECK, ETR, FANG, MO, NFLX, NVDA, ORLY, REGN, SPG, STLD","APH, AVGO, CMG, HST, LRCX, MPC, SMCI","CF, CINF, EOG, EXR, NEE, PHM, RMD",71.27050818252488,27.0,204.8147582920501,231.8147582920501
2025-01-02,2025-04-02,"ANET, CF, CINF, EOG, ETR, MO, NFLX, NVDA, ORLY, RMD, SPG, STLD","AOS, CTAS, DECK, EXR, FANG, NEE, PHM, REGN","APO, ATO, DAL, HBAN, NOW, PNR, UAL, VICI",81.60846733861852,28.0,234.12187613826245,262.12187613826245
2025-04-02,2025-07-02,"ATO, CF, CINF, EOG, ETR, MO, NFLX, NOW, ORLY, SPG, UAL, VICI","ANET, APO, DAL, HBAN, NVDA, PNR, RMD, STLD","APH, BKNG, BRK.B, CME, NEM, PAYC, PM, WAT",85.36730723771018,28.0,221.51938761491328,249.51938761491328
2025-07-02,2025-10-02,"APH, ATO, BKNG, CF, CINF, CME, EOG, ETR, MO, NEM, NFLX, ORLY, PAYC, PM, VICI","BRK.B, NOW, SPG, UAL, WAT","CI, EVRG, KLAC, MNST, O",59.38663893362398,25.0,175.7046072022058,200.7046072022058
