fecha,model,n_universe,n_scored,n_pairs,ic,n_selected,cash_budget_weight,missing_selected,net_base,excess_base,net_stress,excess_stress
2011-07-02,QV,258,194,194,0.23104370657385986,20,0.0,,-0.10883185862755784,0.06704644127540693,-0.11150136546518563,0.06684560270733664
2011-07-02,QVM,258,194,194,0.2648206662201641,20,0.0,,-0.20017536465433705,-0.024297064751372277,-0.20257125072098947,-0.024224282548467202
2011-07-02,QE,258,120,120,0.27091464685047567,20,0.0,,-0.16804844509724115,0.007829854805723624,-0.17054056780818994,0.007806400364332333
2011-10-02,QV,270,202,202,-0.007932585038520026,20,0.0,,0.13777860173445888,-0.02705095560993387,0.13437036975664207,-0.026969924087808295
2011-10-02,QVM,270,202,202,-0.14815523902217442,20,0.0,,0.1459499879988191,-0.018879569345573666,0.14251727851727125,-0.018823015327179116
2011-10-02,QE,270,129,129,-0.0737868962432916,20,0.0,,0.18053632150683763,0.015706764162444875,0.17700000817153683,0.01565971432708646
2012-01-02,QV,269,200,200,0.012643816095402384,20,0.0,,0.11474031656317041,-0.00035096711001258996,0.11140109609613003,-0.0003499157830446631
2012-01-02,QVM,269,200,200,-0.17183379584489614,20,0.0,,0.09842627399463777,-0.01666500967854523,0.09513592247405578,-0.01661508940511891
2012-01-02,QE,269,132,132,0.23280094754582498,20,0.0,,0.1529039575475446,0.0378126738743616,0.1494504173513458,0.0376994054721711
2012-04-02,QV,285,224,224,-0.007488789237668162,20,0.0,,-0.013490854228499827,0.017088218258400234,-0.01644595640031199,0.01703703025765635
2012-04-02,QVM,285,224,224,0.005691864189622038,20,0.0,,-0.039765667551381334,-0.009186595064481273,-0.042642063146324016,-0.009159076488355677
2012-04-02,QE,285,147,147,-0.06383123408563722,20,0.0,,-0.042178187828857294,-0.011599115341957233,-0.0450473566850087,-0.01156437002704036
2012-07-02,QV,293,225,225,0.06501790981879478,20,0.0,,0.038922735491236926,-0.016155303680527977,0.03581062766623111,-0.016106910238665506
2012-07-02,QVM,293,225,225,0.023194268857985676,20,0.0,,0.05151990617750912,-0.0035581329942557804,0.048370063348613046,-0.0035474745562835697
2012-07-02,QE,293,150,150,-0.19459887106093604,20,0.0,,0.021604748646012473,-0.03347329052575243,0.018544517096819257,-0.03337302080807736
2012-10-02,QV,317,244,244,0.017421078935520775,20,0.0,,0.01586601411845523,0.0040863392956758116,0.01282297303012947,0.0040740986082181685
2012-10-02,QVM,317,244,244,-0.1165028974552784,20,0.0,,0.035857131346319626,0.02407745652354021,0.03275420658211514,0.02400533216020384
2012-10-02,QE,317,167,167,-0.10055706143650738,20,0.0,,0.024951800289696235,0.013172125466916818,0.021881542599717863,0.013132668177806561
2013-01-02,QV,320,246,246,-0.06191611432763092,20,0.0,,0.061157647080752886,-0.01754768756048719,0.05797893426195677,-0.01749512321291613
2013-01-02,QVM,320,246,246,-0.07723180908583438,20,0.0,,0.10169423544561673,0.022988900804376655,0.09839409470004634,0.02292003722517344
2013-01-02,QE,320,163,163,-0.056619654499028844,20,0.0,,0.04078758981031361,-0.03791774483092647,0.03766989578768154,-0.03780416168719136
2013-04-02,QV,310,242,242,0.1622617896979773,20,0.0,,0.04359527037572142,0.0016832587188455594,0.040469165906037885,0.0016782164934219246
2013-04-02,QVM,310,242,242,0.053115504768968876,20,0.0,,0.04543249441063124,0.003520482753755383,0.04230088651023012,0.0035099370976141575
2013-04-02,QE,310,172,172,0.10443661336569252,20,0.0,,0.075768251208014,0.033856239551138145,0.07254577211682878,0.03375482270421282
2013-07-02,QV,316,248,248,0.05438601736185961,20,0.0,,0.06310281864825917,0.011133573342858138,0.059918279040377165,0.011100222565618711
2013-07-02,QVM,316,248,248,0.021019430995498252,20,0.0,,0.05754287335348418,0.005573628048083146,0.05437498864078094,0.005556932166022488
2013-07-02,QE,316,171,171,-0.031871745026039795,20,0.0,,0.0693002026686187,0.01733095736321766,0.06609709870879232,0.01727904223403387
2013-10-02,QV,320,253,253,-0.07017773964025249,20,0.0,,0.0951173659133151,0.00012832483987956778,0.09183692627393492,0.00012794044099706525
2013-10-02,QVM,320,253,253,0.0859405914181676,20,0.0,,0.12333282603498952,0.028343784961553986,0.11996786658366299,0.028258880750725135
2013-10-02,QE,320,173,173,0.09118421273729736,20,0.0,,0.08921019728749835,-0.005778843785937182,0.08594745265572201,-0.0057615331772158385
2014-01-02,QV,318,250,250,0.05733403734459751,20,0.0,,0.03942873142958425,0.004212277416228538,0.03631510788655112,0.004199659479340312
2014-01-02,QVM,318,250,250,0.11249191187058993,20,0.0,,0.02095103704628598,-0.014265416967069733,0.017892763699484115,-0.014222684707726696
2014-01-02,QE,318,170,170,0.028581896788612678,20,0.0,,0.04620434324219924,0.010987889228843528,0.04307042325764954,0.010954974850438726
2014-04-02,QV,316,257,257,-0.03356596688082526,20,0.0,,0.04250711824031361,-0.005974925889920879,0.03938427334582206,-0.005957027914469393
2014-04-02,QVM,316,257,257,0.025787400461496694,20,0.0,,0.03500928375822476,-0.013472760372009729,0.03190889873352476,-0.013432402526766696
2014-04-02,QE,316,171,171,-0.05732114143086856,20,0.0,,0.0187179235752577,-0.029764120554976792,0.01566633955160701,-0.029674961708684444
2014-07-02,QV,316,257,257,0.15547347082329613,20,0.0,,-0.016524009890447222,0.0001532144131259905,-0.0194700262013503,0.0001527554571731926
2014-07-02,QVM,316,257,257,0.003952910070677311,20,0.0,,-0.01748139776965152,-0.0008041734660783062,-0.020424546211550765,-0.0008017645530272732
2014-07-02,QE,316,169,169,0.04658644522897917,20,0.0,,-0.03740930718993274,-0.020732082886359526,-0.040292761295839585,-0.020669979637316094
2014-10-02,QV,318,260,260,0.02641630784808191,20,0.0,,0.06471258670449687,0.01572535471317882,0.061523225013515814,0.015678249189561067
2014-10-02,QVM,318,260,260,0.0433262132892999,20,0.0,,0.03163048851594774,-0.017356743475370306,0.028540224720433605,-0.017304751103521143
2014-10-02,QE,318,172,172,-0.08360631380844906,20,0.0,,0.05704412584216034,0.008056893850842295,0.05387773513471861,0.00803275931076386
2015-01-02,QV,311,253,253,-0.09476276980796243,20,0.0,,0.015702735535034318,-0.010189698865422203,0.012660183550026627,-0.010159175477599147
2015-01-02,QVM,311,253,253,0.03092512309174907,20,0.0,,0.01437828707992006,-0.01151414732053646,0.011339702499089999,-0.011479656528535775
2015-01-02,QE,311,167,167,-0.13700310222927642,20,0.0,,0.025338315675774714,-0.0005541187246818069,0.022266900173462112,-0.0005524588541636621
2015-04-02,QV,312,248,248,0.014685756747411514,20,0.0,,-0.001142738159225276,-0.001469955574451065,-0.004134829288281905,-0.001465552301628592
2015-04-02,QVM,312,248,248,0.0393769302272156,20,0.0,,0.0064354801104555825,0.006108262695229794,0.0034206883208289796,0.006089965307482292
2015-04-02,QE,312,159,159,0.05169273943157392,20,0.0,,-0.012738658479690801,-0.01306587589491659,-0.015696013864562985,-0.013026736877909673
2015-07-02,QV,310,247,247,-0.00686005745581815,20,0.0,,-0.08767229786341613,-0.03396791587316139,-0.09040518846614809,-0.03386616449822555
2015-07-02,QVM,310,247,247,0.1274694952607909,20,0.0,,-0.026711992252977934,0.0269923897372768,-0.029627490317866934,0.026911533650055608
2015-07-02,QE,310,155,155,0.17936257291096,20,0.0,,-0.03298998540730491,0.020714396582949823,-0.03588667765444309,0.020652346313479453
2015-10-02,QV,301,239,239,-0.06670739425477303,20,0.0,,-0.002740798866032401,-0.019560834721896514,-0.005728102981521377,-0.01950223996338163
2015-10-02,QVM,301,239,239,-0.006376358074610597,20,0.0,,0.022386366693859072,0.005566330837994959,0.019323793796690802,0.00554965681483055
2015-10-02,QE,301,156,156,-0.02404893237028022,20,0.0,,-0.019901190810527436,-0.03672122666639155,-0.022837090727969578,-0.03661122770982983
2016-01-02,QV,261,206,206,0.014775539059738425,20,0.0,,0.06270623647954587,0.03347810383023564,0.05952288483918844,0.033377819694238475
2016-01-02,QVM,261,206,206,0.006375713398332801,20,0.0,,0.050991288344953256,0.02176315569564302,0.04784302899828985,0.021697963853339886
2016-01-02,QE,261,132,132,-0.017562991448085864,20,0.0,,0.0680827753386013,0.03885464268929106,0.06488331819965087,0.03873825305470091
2016-04-02,QV,318,242,242,-0.026422510381920034,20,0.0,,0.02963317012610256,0.015954956743588378,0.026548889326222014,0.015907163443824368
2016-04-02,QVM,318,242,242,0.12539846408092276,20,0.0,,0.015484954004548301,0.0018067406220341198,0.012443054387211605,0.0018013285048139593
2016-04-02,QE,318,160,160,-0.10968755081382695,20,0.0,,-0.0028898808098851703,-0.016568094192399352,-0.005876738348292165,-0.01651846423068981
2016-07-02,QV,317,241,241,0.09806809525911973,20,0.0,,0.05236182421858504,0.01386879253772455,0.049209459412226764,0.013827248372498824
2016-07-02,QVM,317,241,241,-0.19245018708642841,20,0.0,,0.01979806111447835,-0.01869497056638214,0.016743241523472285,-0.018638969516255655
2016-07-02,QE,317,160,160,0.06379057775694363,20,0.0,,0.024936520769048842,-0.013556510911811648,0.02186630884909202,-0.01351590219063592
2016-10-02,QV,321,243,243,0.13035351459349023,20,0.0,,0.04637402062749363,-0.0015005864503183641,0.04323959237192354,-0.0014960914222721389
2016-10-02,QVM,321,243,243,-0.006278635953271728,20,0.0,,0.09660288341826062,0.04872827634044863,0.09331799389007434,0.048582310095878656
2016-10-02,QE,321,159,159,0.16890374970145688,20,0.0,,0.059690453952155,0.011815846874343006,0.056516136131235184,0.011780452337039504
2017-01-02,QV,321,244,244,-0.09860727961673445,20,0.0,,0.04703910926837995,-0.00018508590140298153,0.04390268873033065,-0.0001845314739536974
2017-01-02,QVM,321,244,244,-0.09408782576766074,20,0.0,,0.07171467931521947,0.02449048414543653,0.06850434275627082,0.02441712255198647
2017-01-02,QE,321,162,162,0.08766923384154646,20,0.0,,0.06685867065968365,0.019634475489900716,0.06366288034370249,0.01957566013941814
2017-04-02,QV,310,237,237,-0.08336972958598417,20,0.0,,0.026411260497987366,-0.0057565977924480816,0.02333663097420513,-0.005739353821916593
2017-04-02,QVM,310,237,237,-0.05453308002442943,20,0.0,,0.02040984016282721,-0.011758018127608239,0.017353187978984108,-0.011722796817137615
2017-04-02,QE,310,155,155,-0.048590119557861494,20,0.0,,0.02515274929964373,-0.007015108990791719,0.022081889664048893,-0.006994095132072831
2017-07-02,QV,315,244,244,-0.02340145281730659,20,0.0,,0.07535586361130675,0.030558053275900887,0.07213461983303082,0.03046651619285523
2017-07-02,QVM,315,244,244,0.09544589232366095,20,0.0,,0.05370387269907728,0.008906062363671419,0.05054748776741502,0.008879384127239431
2017-07-02,QE,315,161,161,0.07959224752703015,20,0.0,,0.039131277847866075,-0.005666532487539788,0.03601854533126625,-0.0056495583089093415
2017-10-02,QV,317,246,246,0.16332260428178633,20,0.0,,0.13142897220035898,0.06523181512615084,0.1280397606280872,0.06503641229650992
2017-10-02,QVM,317,246,246,0.14839382632156362,20,0.0,,0.09624063658413351,0.030043479509925364,0.09295683217148909,0.02995348383991181
2017-10-02,QE,317,165,165,0.09094673402306923,20,0.0,,0.06574472555466437,-0.00045243151954377225,0.06255227207708325,-0.00045107625449403166
2018-01-02,QV,317,246,246,0.027412686398126003,20,0.0,,0.0004819651724314866,0.04666249714813486,-0.0025149927785542703,0.04652271897450544
2018-01-02,QVM,317,246,246,0.1365959000674697,20,0.0,,-0.017403778779836454,0.028776753195866922,-0.020347159730523368,0.028690552022536342
2018-01-02,QE,317,164,164,-0.06914967420728306,20,0.0,,-0.019650714408028125,0.02652981756767525,-0.022587364631095008,0.0264503471219647
2018-04-02,QV,318,245,245,-0.11530372149251382,20,0.0,,0.027975535001844687,-0.017120770759051496,0.024896219671546316,-0.01706948524682872
2018-04-02,QVM,318,245,245,-0.0702384638954475,20,0.0,,0.03999326888683141,-0.00510303687406477,0.03687795426381868,-0.0050877506545563556
2018-04-02,QE,318,162,162,-0.04441254881372246,20,0.0,,0.041854714850668495,-0.0032415909102276874,0.03873382423980609,-0.0032318806785689436
2018-07-02,QV,317,247,247,-0.008936908096571964,20,0.0,,0.05761571379252328,-0.02133869351376627,0.05444761088524941,-0.021274773153963755
2018-07-02,QVM,317,247,247,-7.605032062576276e-05,20,0.0,,0.07682829555974235,-0.002126111746547199,0.0736026410906303,-0.002119742948582859
2018-07-02,QE,317,164,164,0.032783317236407164,20,0.0,,0.058251729878628034,-0.02070267742766152,0.05508172177612547,-0.020640662263087695
2018-10-02,QV,318,249,249,0.04169374271278663,20,0.0,,-0.11326515001676196,0.02586450933238149,-0.11592137686700343,0.02578703182694897
2018-10-02,QVM,318,249,249,-0.02923047026816945,20,0.0,,-0.1494602481236369,-0.010330588774493443,-0.1520080520428969,-0.01029964334894451
2018-10-02,QE,318,165,165,0.05773122342748836,20,0.0,,-0.11544332421835424,0.023686335130789216,-0.11809302631680663,0.023615382377145777
2019-01-02,QV,324,251,251,-0.13509011572756593,20,0.0,,0.19852145751380856,0.024736726018570687,0.19493126944789596,0.024662626804088816
2019-01-02,QVM,324,251,251,-0.16525744640485673,20,0.0,,0.16478473022641782,-0.009000001268820057,0.161295601006745,-0.00897304163706214
2019-01-02,QE,324,172,172,-0.06845509377450487,20,0.0,,0.178780714710278,0.004995983215040134,0.17524966032009637,0.004981017676289223
2019-04-02,QV,315,268,268,-0.18145478280873314,20,0.0,,-0.01789116823830339,-0.05577519547219478,-0.020833089206937827,-0.05560812008117588
2019-04-02,QVM,315,268,268,0.08323446881543993,20,0.0,,0.04135372349252808,0.0034696962586366897,0.038234333608401894,0.0034593027341638383
2019-04-02,QE,315,179,179,-0.05088512008570302,20,0.0,,0.05748208307428282,0.019598055840391426,0.05431438045972503,0.019539349585486976
2019-07-02,QV,318,271,271,-0.12130634541639536,20,0.0,,-0.04288983977108951,-0.00944373088434558,-0.04575687686373009,-0.009415442054215739
2019-07-02,QVM,318,271,271,0.0227986431876982,20,0.0,,-0.004480228695431965,0.028965880191311966,-0.007462322324136905,0.028879112485377445
2019-07-02,QE,318,181,181,0.11946362239048672,20,0.0,,-0.024170457295241254,0.009275651591502676,-0.027093568564230064,0.009247866245284286
2019-10-02,QV,320,273,272,0.2011133324090349,20,0.0,,0.10849428307172237,-0.013358461708414149,0.1051737726868085,-0.013318446246443294
2019-10-02,QVM,320,273,272,-0.14621119623601814,20,0.0,,0.07671783502952567,-0.04513490975061085,0.07349251144650282,-0.044999707486748974
2019-10-02,QE,320,187,187,0.10648309147715021,20,0.0,,0.12659704675116568,0.004744301971029152,0.12322230928027489,0.004730090347023097
2020-01-02,QV,321,274,274,-0.15444589117332042,20,0.0,,-0.29916815782396766,-0.08326184434883221,-0.3012675095712539,-0.08301243231031308
2020-01-02,QVM,321,274,274,-0.09760344694821876,20,0.0,,-0.24475935539685734,-0.02885304192172189,-0.2470216894853693,-0.028766612224428445
2020-01-02,QE,321,189,189,0.08430214214804933,20,0.0,,-0.24142558677395431,-0.025519273298818868,-0.2436979072137737,-0.02544282995283287
2020-04-02,QV,333,273,273,0.1763667847824138,20,0.0,,0.3837581944354054,0.12274391908882887,0.37961312709044814,0.12237623793409158
2020-04-02,QVM,333,273,273,-0.2542400171747531,20,0.0,,0.30689945824561615,0.045885182899039645,0.30298462233765133,0.04574773318129477
2020-04-02,QE,333,192,192,0.08966477226487264,20,0.0,,0.2752273031997763,0.014213027853199778,0.2714073416825491,0.014170452526192534
2020-07-02,QV,340,279,279,-0.0786286395663118,20,0.0,,0.02814807581788692,-0.02689081232529844,0.02506824363912097,-0.026810260514658735
2020-07-02,QVM,340,279,279,-0.11032752885089041,20,0.0,,0.0259698177316372,-0.02906907041154816,0.022896510555937555,-0.02898199359784215
2020-07-02,QE,340,190,190,-0.008354226188705785,20,0.0,,0.048193200874267594,-0.006845687268917766,0.0450533232384045,-0.006825180915375206
2020-10-02,QV,344,283,283,0.12258294742822136,20,0.0,,0.17220867601505163,0.08433927786323236,0.16869730826021945,0.0840866383573029
2020-10-02,QVM,344,283,283,-0.021750726608167393,20,0.0,,0.12636903581545655,0.03849963766363729,0.12299498135456499,0.038384311451648445
2020-10-02,QE,344,194,194,0.10422035658873958,20,0.0,,0.10713512308901985,0.01926572493720058,0.10381868408715822,0.019208014184241673
2021-01-02,QV,343,284,284,0.28990910422040256,20,0.0,,0.21836906639008258,0.11511740402790549,0.21471942452959825,0.11477256820746273
2021-01-02,QVM,343,284,284,0.2968840410208428,20,0.0,,0.22997243481901175,0.12672077245683466,0.2262880349034282,0.12634117858129268
2021-01-02,QE,343,192,192,0.17492402182067882,20,0.0,,0.1834508188365982,0.08019915647442111,0.17990577508310945,0.07995891876097394
2021-04-02,QV,337,284,284,-0.12966682025078655,20,0.0,,0.029712121187099427,-0.03894853956628874,0.026627603888193185,-0.0388318686622684
2021-04-02,QVM,337,284,284,-0.15581733251363594,20,0.0,,0.01325321676150093,-0.05540744399188724,0.010218002344805521,-0.05524147020565606
2021-04-02,QE,337,197,197,0.005058095503435503,20,0.0,,0.030112390607144546,-0.038548270146243624,0.027026674295499875,-0.03843279825496171
2021-07-02,QV,334,281,281,-0.06033625575621579,20,0.0,,-0.03876283473672204,-0.030021184415843893,-0.0416422343316184,-0.029931255531101097
2021-07-02,QVM,334,281,281,0.03541710440813432,20,0.0,,-0.018598464811961035,-0.009856814491082888,-0.02153826706365336,-0.009827288263136058
2021-07-02,QE,334,197,197,-0.003989185328776208,20,0.0,,0.005207456983749692,0.013949107304627839,0.002196343754858443,0.013907322555375745
2021-10-02,QV,331,280,280,0.023567635766391638,20,0.0,,0.07407909035123428,-0.04205767968820062,0.07086167116541087,-0.04193169531074159
2021-10-02,QVM,331,280,280,-0.06983974007678855,20,0.0,,0.11975330614036928,0.0036165361009343755,0.11639906919177845,0.0036057027156259913
2021-10-02,QE,331,195,195,-0.045169079584618285,20,0.0,,0.05764898357415826,-0.05848778646527664,0.054480781006780665,-0.05831258546937179
2022-01-02,QV,330,279,279,0.11924297960055356,20,0.0,,-0.05671387123082838,-0.01397775251086919,-0.059539498240688715,-0.013935881954494689
2022-01-02,QVM,330,279,279,0.06723609146860156,20,0.0,,-0.033391865448344604,0.009344253271614589,-0.03628735385810611,0.009316262428087918
2022-01-02,QE,330,197,197,0.1860633576493394,20,0.0,,-0.025234601038149895,0.017501517681809298,-0.02815452464942758,0.017449091636766445
2022-04-02,QV,349,306,306,0.020500131507748907,20,0.0,,-0.17532021598898384,-0.013402153031814135,-0.17779055600684002,-0.013362006691862494
2022-04-02,QVM,349,306,306,0.15873822921884398,20,0.0,,-0.13692725331883437,0.024990809638335332,-0.13951260000221966,0.024915949312757868
2022-04-02,QE,349,201,201,0.04039680833220654,20,0.0,,-0.11202952690525969,0.049888536051910015,-0.11468945508209916,0.04973909423287837
2022-07-02,QV,353,309,309,-0.06954276390781049,20,0.0,,-0.05137668241187665,-0.013187165714122484,-0.054218297046725206,-0.013147663371737783
2022-07-02,QVM,353,309,309,0.07221663301959909,20,0.0,,-0.004741674978294141,0.033447841719460025,-0.007722985440941521,0.0333476482340459
2022-07-02,QE,353,202,202,-0.04378609318912922,20,0.0,,-0.03867624763300759,-0.00048673093525342104,-0.041555906600804327,-0.0004852729258169042
2022-10-02,QV,345,305,305,0.16329306097486446,20,0.0,,0.12333557526824612,0.08191084679367977,0.11997060758155209,0.08166548168754528
2022-10-02,QVM,345,305,305,0.11265228489999089,20,0.0,,0.10281406242877167,0.061389333954205316,0.09951056722555185,0.06120544133154504
2022-10-02,QE,345,197,197,0.20394664557101105,20,0.0,,0.1350541556811864,0.09362942720662004,0.13165408482025698,0.09334895892625017
2023-01-02,QV,345,306,306,0.024227161627211554,20,0.0,,0.1337867314452439,0.05273532577436013,0.130390457171633,0.052577356356241056
2023-01-02,QVM,345,306,306,-0.14121251819748948,20,0.0,,0.031823349893466135,-0.04922805577741762,0.02873250837895358,-0.049080592436438364
2023-01-02,QE,345,195,195,-0.07840877826150285,20,0.0,,0.0005721353294203535,-0.0804792703414634,-0.002425092727552536,-0.08023819354294448
2023-04-02,QV,342,299,299,-0.03941304110189246,20,0.0,,0.0592281121660323,-0.022508330483215877,0.056055179296506275,-0.022440906459242127
2023-04-02,QVM,342,299,299,-0.029488233594809003,20,0.0,,0.09226674063727947,0.01053029798803129,0.08899484008644265,0.010498754330694249
2023-04-02,QE,342,187,187,0.0007413959531525845,20,0.0,,0.023744095551125666,-0.05799234709812251,0.020677455557861935,-0.05781863019788647
2023-07-02,QV,343,298,298,0.12909416244874786,20,0.0,,0.007118075981079164,0.042806291845579714,0.00410123946581753,0.04267806498975968
2023-07-02,QVM,343,298,298,0.09048943577986228,20,0.0,,-0.04726159283572007,-0.011573376971219518,-0.05011553427990012,-0.011538708755957972
2023-07-02,QE,343,184,184,0.2235268054940186,20,0.0,,-0.03256531280434238,0.0031229030601581664,-0.03546327716430042,0.003113548359641727
2023-10-02,QV,341,296,296,-0.03287965150350308,20,0.0,,0.15220120314544583,0.02881433505227693,0.14874976806005002,0.028728021301961393
2023-10-02,QVM,341,296,296,-0.14439473627589136,20,0.0,,0.1237798052769028,0.0003929371837338991,0.12041350689290198,0.00039176013481334593
2023-10-02,QE,341,182,182,-0.10806773156198027,20,0.0,,0.13082276289593708,0.007435894802768184,0.12743536723225568,0.007413620474167049
2024-01-02,QV,340,293,293,-0.057064678741189374,20,0.0,,0.08031505933986915,-0.027647745729624473,0.07707896022028105,-0.027564926514210608
2024-01-02,QVM,340,293,293,0.13969252259470646,20,0.0,,0.1266750329650912,0.018712227895597566,0.12330006188538745,0.018656175150895793
2024-01-02,QE,340,182,182,-0.027477006283273833,20,0.0,,0.08146566210324502,-0.02649714296624861,0.07822611633672083,-0.026417770397770823
2024-04-02,QV,341,298,298,-0.010829493296524604,20,0.0,,0.023112915554488245,-0.03514498042785008,0.020048166269878376,-0.03503970313930593
2024-04-02,QVM,341,298,298,0.023300959427263915,20,0.0,,0.019455070730421964,-0.03880282525191636,0.01640127857198803,-0.03868659083719628
2024-04-02,QE,341,177,177,-0.0326929069787573,20,0.0,,-0.03411143527599958,-0.0923693312583379,-0.037004768204111915,-0.09209263761329622
2024-07-02,QV,343,300,300,-0.03750509172437288,20,0.0,,0.0801595467400873,0.050088944204068175,0.07692391346070293,0.0499389020595673
2024-07-02,QVM,343,300,300,-0.0923888248511261,20,0.0,,0.03002881204137764,-4.1790494641480436e-05,0.02694334609051463,-4.166531062099743e-05
2024-07-02,QE,343,180,180,0.1455621058263115,20,0.0,,0.1041334966196299,0.07406289408361078,0.10082604903253256,0.07384103763139693
2024-10-02,QV,341,299,299,-0.03783103360890521,20,0.0,,0.044520986600536494,0.013518330666899558,0.041392109134739785,0.013477836315190617
2024-10-02,QVM,341,299,299,0.04192387194987138,20,0.0,,0.01074735190470344,-0.020255304028933496,0.0077196438418134505,-0.020194628977735718
2024-10-02,QE,341,178,178,0.1948647185053339,20,0.0,,0.04648590275200659,0.015483246818369656,0.0433511393519419,0.015436866532392735
2025-01-02,QV,336,298,298,0.11396180247896634,20,0.0,,0.013025533362215569,0.05842532394049749,0.00999100097437955,0.05825031005197412
2025-01-02,QVM,336,298,298,0.09308321777702,20,0.0,,0.05384592032906421,0.09924571090734613,0.05068910989170661,0.09894841896930118
2025-01-02,QE,336,174,174,-0.005532048179048378,20,0.0,,-0.03723850352823532,0.008161287050046595,-0.04012246927893881,0.00813683979865576
2025-04-02,QV,337,302,302,0.021710252584113014,20,0.0,,0.09347405209136239,-0.06364995137933138,0.09019853502189967,-0.06345928704503412
2025-04-02,QVM,337,302,302,-0.16237357179422945,20,0.0,,0.06484303069910857,-0.0922809727715852,0.06165327826128686,-0.09200454380564693
2025-04-02,QE,337,176,176,0.09658496212300476,20,0.0,,0.16535227671951125,0.008228273248817475,0.1618614474062492,0.008203625339315401
2025-07-02,QV,333,297,296,0.09106389978480459,20,0.0,,0.06642999347842204,-0.0045411910098067665,0.06323548727103234,-0.004527587807572786
2025-07-02,QVM,333,297,296,0.17469546002754527,20,0.0,,0.08736638396195362,0.01639519947372481,0.08410916249920808,0.01634608742060295
2025-07-02,QE,333,174,174,0.1638248968648274,20,0.0,,0.05043587019983953,-0.020535314288389284,0.047289274616126864,-0.020473800462478264
