group,start,end,n_obs,dof,hac_lags,coefficient,estimate,se_hac,t_hac,ci_low,ci_high
full,2016-07-02,2025-07-02,36,29,3,alpha,0.005960886860065987,0.005140358864698337,1.1596246520846367,-0.004114216514742753,0.016035990234874727
full,2016-07-02,2025-07-02,36,29,3,Mkt-RF,1.046065840314657,0.08530537298427184,12.262602034546232,0.8788673092654842,1.2132643713638298
full,2016-07-02,2025-07-02,36,29,3,SMB,0.06864469455982924,0.1375899270399429,0.4989078491182092,-0.20103156243845888,0.33832095155811737
full,2016-07-02,2025-07-02,36,29,3,HML,0.11799605409809565,0.11393419841811457,1.0356508909210465,-0.1053149748014089,0.3413070829976002
full,2016-07-02,2025-07-02,36,29,3,RMW,0.18033148717064237,0.20393285243985954,0.8842689395707968,-0.2193769036114823,0.580039877952767
full,2016-07-02,2025-07-02,36,29,3,CMA,0.13603195810039073,0.16672471909951886,0.8159075560906631,-0.19074849133466623,0.4628124075354477
full,2016-07-02,2025-07-02,36,29,3,Mom,-0.05331983370431706,0.10638148788622911,-0.5012134607605842,-0.2618275499613261,0.155187882552692
first_half,2016-07-02,2021-01-04,18,11,2,alpha,-0.007360154377582638,0.008860410940125353,-0.8306786702466996,-0.024726559820228332,0.010006251065063055
first_half,2016-07-02,2021-01-04,18,11,2,Mkt-RF,1.2027714996919114,0.18343653905184543,6.55688068423471,0.8432358831502944,1.5623071162335285
first_half,2016-07-02,2021-01-04,18,11,2,SMB,-0.37774365506897084,0.4151061077819501,-0.9099930065769948,-1.191351626321593,0.43586431618365135
first_half,2016-07-02,2021-01-04,18,11,2,HML,-0.032833439122121555,0.18983731258416078,-0.1729556675406763,-0.4049145717870767,0.3392476935428336
first_half,2016-07-02,2021-01-04,18,11,2,RMW,-0.030681614527816474,0.6781206322905518,-0.0452450686011135,-1.3597980538172978,1.298434824761665
first_half,2016-07-02,2021-01-04,18,11,2,CMA,-0.03497498854359796,0.6017469219957553,-0.05812242201023617,-1.2143989556552783,1.1444489785680825
first_half,2016-07-02,2021-01-04,18,11,2,Mom,-0.31044929553793427,0.26132950695455515,-1.1879611267621646,-0.8226551291688624,0.20175653809299382
second_half,2021-01-02,2025-07-02,18,11,2,alpha,0.006568068976462982,0.010295732451563346,0.6379409145840479,-0.013611566628601173,0.02674770458152714
second_half,2021-01-02,2025-07-02,18,11,2,Mkt-RF,1.0810211423903562,0.12053849181546981,8.96826504221798,0.8447656984320353,1.317276586348677
second_half,2021-01-02,2025-07-02,18,11,2,SMB,0.22490278154235938,0.17485477091513651,1.2862261656647218,-0.11781256945130819,0.567618132536027
second_half,2021-01-02,2025-07-02,18,11,2,HML,0.3520041894926723,0.12467149434739674,2.8234536798910397,0.1076480605717747,0.59636031841357
second_half,2021-01-02,2025-07-02,18,11,2,RMW,0.1347581002056864,0.2418157615378036,0.5572759167917984,-0.3392007924084086,0.6087169928197814
second_half,2021-01-02,2025-07-02,18,11,2,CMA,-0.035652149463620636,0.17035899570023957,-0.2092765886361145,-0.3695557810360902,0.2982514821088489
second_half,2021-01-02,2025-07-02,18,11,2,Mom,-0.015064901060366426,0.11134532109142697,-0.13529891433872157,-0.23330173039956328,0.20317192827883043
rolling_16,2016-07-02,2020-07-02,16,9,2,alpha,0.0007739223531869957,0.006110541758114006,0.12665363953356956,-0.011202739492716458,0.012750584199090448
rolling_16,2016-07-02,2020-07-02,16,9,2,Mkt-RF,1.1353889781955546,0.1768082006249994,6.421585504417032,0.7888449049705557,1.4819330514205535
rolling_16,2016-07-02,2020-07-02,16,9,2,SMB,-0.0846204105688936,0.3316715469945099,-0.25513316211684056,-0.734696642678133,0.5654558215403458
rolling_16,2016-07-02,2020-07-02,16,9,2,HML,-0.15741369847830833,0.1336036404183565,-1.1782141413616782,-0.4192768336982871,0.10444943674167045
rolling_16,2016-07-02,2020-07-02,16,9,2,RMW,-0.10211932730520357,0.4658014882446617,-0.21923357885787925,-1.0150902442647405,0.8108515896543333
rolling_16,2016-07-02,2020-07-02,16,9,2,CMA,0.25587263851609293,0.5791648076472657,0.44179590185308615,-0.8792903844725479,1.391035661504734
rolling_16,2016-07-02,2020-07-02,16,9,2,Mom,-0.4379073758121786,0.3305112523298634,-1.3249393862546308,-1.085709430378711,0.2098946787543537
rolling_16,2016-10-02,2020-10-02,16,9,2,alpha,0.004126417041337165,0.006825580501642427,0.6045518092335491,-0.009251720741881991,0.01750455482455632
rolling_16,2016-10-02,2020-10-02,16,9,2,Mkt-RF,1.1299997776650812,0.15018970312646737,7.523816574253189,0.8356279595372051,1.4243715957929572
rolling_16,2016-10-02,2020-10-02,16,9,2,SMB,-0.04674240234505883,0.35575136917131867,-0.13139064637738376,-0.7440150859208434,0.6505302812307256
rolling_16,2016-10-02,2020-10-02,16,9,2,HML,-0.13588779731634815,0.11914611255361238,-1.1405138984723693,-0.3694141779214284,0.0976385832887321
rolling_16,2016-10-02,2020-10-02,16,9,2,RMW,-0.15869518596113202,0.42821609809958927,-0.3705960300544905,-0.9979987382363269,0.680608366314063
rolling_16,2016-10-02,2020-10-02,16,9,2,CMA,0.1896267520166254,0.5695933325074005,0.3329160318325209,-0.9267761796978796,1.3060296837311305
rolling_16,2016-10-02,2020-10-02,16,9,2,Mom,-0.43348462335628274,0.2586977483161363,-1.675641269310747,-0.9405322100559099,0.07356296334334439
rolling_16,2017-01-02,2021-01-04,16,9,2,alpha,-0.014020681366727624,0.012370875789857867,-1.1333620678838545,-0.038267597914849044,0.010226235181393793
rolling_16,2017-01-02,2021-01-04,16,9,2,Mkt-RF,1.2375404081118155,0.1777360608914935,6.962798668455494,0.8891777287644883,1.5859030874591427
rolling_16,2017-01-02,2021-01-04,16,9,2,SMB,-0.3911050095210022,0.4065871787393344,-0.9619216492110344,-1.1880158798500977,0.4058058608080933
rolling_16,2017-01-02,2021-01-04,16,9,2,HML,-0.16473944540892227,0.1925004575894062,-0.8557872925180429,-0.5420403422841584,0.2125614514663139
rolling_16,2017-01-02,2021-01-04,16,9,2,RMW,-0.06434592829952121,0.6523136051970225,-0.09864262800418885,-1.3428805944856852,1.214188737886643
rolling_16,2017-01-02,2021-01-04,16,9,2,CMA,0.08289183164629893,0.5606645976930852,0.1478456674228519,-1.016010779832148,1.181794443124746
rolling_16,2017-01-02,2021-01-04,16,9,2,Mom,-0.3220197511377674,0.29661108710006207,-1.0856632308863547,-0.903377481853889,0.25933797957835425
rolling_16,2017-04-02,2021-04-05,16,9,2,alpha,0.010261518361351139,0.010346735908209073,0.9917638231405594,-0.010018084018738644,0.03054112074144092
rolling_16,2017-04-02,2021-04-05,16,9,2,Mkt-RF,0.8865818538631478,0.3223681587109107,2.750215335808664,0.2547402627897629,1.5184234449365328
rolling_16,2017-04-02,2021-04-05,16,9,2,SMB,0.14588266736000643,0.46149696000885276,0.3161075369970108,-0.758651374257345,1.050416708977358
rolling_16,2017-04-02,2021-04-05,16,9,2,HML,-0.10392722165874685,0.19905900335615312,-0.5220925449566426,-0.49408286823680697,0.2862284249193133
rolling_16,2017-04-02,2021-04-05,16,9,2,RMW,0.9070367277406037,1.1133867136179507,0.8146645874668177,-1.2752012309505798,3.0892746864317875
rolling_16,2017-04-02,2021-04-05,16,9,2,CMA,0.06401051366545646,0.8610938826241958,0.0743362773294632,-1.6237334962779673,1.7517545236088803
rolling_16,2017-04-02,2021-04-05,16,9,2,Mom,-0.36741843926112366,0.3052532393199541,-1.2036512375090982,-0.9657147883282335,0.23087790980598627
rolling_16,2017-07-02,2021-07-02,16,9,2,alpha,0.01119291953336378,0.012542465669244413,0.8924018473345414,-0.013390313178355269,0.03577615224508283
rolling_16,2017-07-02,2021-07-02,16,9,2,Mkt-RF,0.8057284046343418,0.3734273970185415,2.15765744845533,0.07381070647800048,1.5376461027906831
rolling_16,2017-07-02,2021-07-02,16,9,2,SMB,0.20738085033474865,0.49945303560189924,0.41521591731809276,-0.7715470994449739,1.1863088001144713
rolling_16,2017-07-02,2021-07-02,16,9,2,HML,-0.07754881639780248,0.2509809679260366,-0.3089828565035095,-0.5694715135328341,0.4143738807372292
rolling_16,2017-07-02,2021-07-02,16,9,2,RMW,0.9771850757306451,1.1846253235338733,0.8248895716795838,-1.3446805583957466,3.2990507098570365
rolling_16,2017-07-02,2021-07-02,16,9,2,CMA,-0.15719191847902025,1.042499096830013,-0.15078374547949516,-2.200490148265845,1.886106311307805
rolling_16,2017-07-02,2021-07-02,16,9,2,Mom,-0.40965146582148687,0.30680447998777216,-1.3352199610573279,-1.0109882465975204,0.1916853149545466
rolling_16,2017-10-02,2021-10-04,16,9,2,alpha,0.006369023048189587,0.009208624683602933,0.6916367282869504,-0.011679881331672162,0.024417927428051333
rolling_16,2017-10-02,2021-10-04,16,9,2,Mkt-RF,0.6430713945091129,0.28906068972852456,2.2246933511196647,0.07651244264120471,1.209630346377021
rolling_16,2017-10-02,2021-10-04,16,9,2,SMB,0.44991982166328326,0.5137649214014229,0.8757309090624831,-0.5570594242835057,1.4568990676100722
rolling_16,2017-10-02,2021-10-04,16,9,2,HML,-0.33089976168479107,0.2083482443390233,-1.5882051837516447,-0.7392623205892768,0.07746279721969457
rolling_16,2017-10-02,2021-10-04,16,9,2,RMW,1.6285441490198085,1.0596053744658351,1.5369345874078686,-0.4482823849332285,3.7053706829728457
rolling_16,2017-10-02,2021-10-04,16,9,2,CMA,0.009490314841576017,0.8860430007953118,0.010710896461071883,-1.7271539667172353,1.7461345964003872
rolling_16,2017-10-02,2021-10-04,16,9,2,Mom,-0.526819968842083,0.29135354961902105,-1.808181055391163,-1.0978729260953641,0.04423298841119816
rolling_16,2018-01-02,2022-01-03,16,9,2,alpha,0.012376637073832129,0.010028646911528764,1.2341283109293792,-0.0072795108727642475,0.03203278502042851
rolling_16,2018-01-02,2022-01-03,16,9,2,Mkt-RF,0.7254003805249345,0.21652247404164304,3.3502313500510836,0.30101633140331413,1.149784429646555
rolling_16,2018-01-02,2022-01-03,16,9,2,SMB,0.17591379901789575,0.2980233191388274,0.5902685720238902,-0.408211906494206,0.7600395045299975
rolling_16,2018-01-02,2022-01-03,16,9,2,HML,-0.004851332524351604,0.2699892135783438,-0.017968616079337828,-0.5340301911379055,0.5243275260892022
rolling_16,2018-01-02,2022-01-03,16,9,2,RMW,1.080392965029929,0.42167887632042267,2.562122566957722,0.25390236744190064,1.9068835626179577
rolling_16,2018-01-02,2022-01-03,16,9,2,CMA,-0.5959355636636889,0.8099458098697092,-0.7357721422863504,-2.1834293510083187,0.991558223680941
rolling_16,2018-01-02,2022-01-03,16,9,2,Mom,-0.5248106746838583,0.29231533817801986,-1.7953579786642908,-1.0977487375127772,0.04812738814506057
rolling_16,2018-04-02,2022-04-04,16,9,2,alpha,0.011083516088355755,0.011180345148143004,0.9913393496797965,-0.010829960402004533,0.03299699257871604
rolling_16,2018-04-02,2022-04-04,16,9,2,Mkt-RF,0.937373825710935,0.22002220298280017,4.26036015003546,0.5061303078646466,1.3686173435572233
rolling_16,2018-04-02,2022-04-04,16,9,2,SMB,-0.00239100096029754,0.3717574236543835,-0.006431615909089182,-0.7310355513228892,0.7262535494022941
rolling_16,2018-04-02,2022-04-04,16,9,2,HML,-0.041806203472805115,0.28591233801598814,-0.14622035468251574,-0.6021943859841419,0.5185819790385315
rolling_16,2018-04-02,2022-04-04,16,9,2,RMW,0.6233104526400968,0.3733207800094489,1.6696377110974656,-0.10839827617842313,1.3550191814586166
rolling_16,2018-04-02,2022-04-04,16,9,2,CMA,0.15068550828061378,0.3390126987290042,0.4444833743560353,-0.5137793812282344,0.815150397789462
rolling_16,2018-04-02,2022-04-04,16,9,2,Mom,-0.3923990999112591,0.28376018641825695,-1.38285467339266,-0.9485690652910427,0.16377086546852448
rolling_16,2018-07-02,2022-07-05,16,9,2,alpha,0.011991068823669725,0.008148945064426425,1.4714872574139426,-0.003980863502606067,0.027963001149945516
rolling_16,2018-07-02,2022-07-05,16,9,2,Mkt-RF,0.905015121308099,0.0829600138256207,10.909052199658644,0.7424134942098825,1.0676167484063157
rolling_16,2018-07-02,2022-07-05,16,9,2,SMB,0.021408748312926384,0.2500758509010439,0.08560901916674041,-0.46873991945311966,0.5115574160789724
rolling_16,2018-07-02,2022-07-05,16,9,2,HML,-0.020460157246854575,0.2921538655206143,-0.07003212916726208,-0.5930817336672586,0.5521614191735494
rolling_16,2018-07-02,2022-07-05,16,9,2,RMW,0.6831220512197533,0.224714113267025,3.039960602777129,0.24268238921638435,1.1235617132231224
rolling_16,2018-07-02,2022-07-05,16,9,2,CMA,0.1057693331688278,0.32197075871616726,0.32850602207037244,-0.5252933539148601,0.7368320202525156
rolling_16,2018-07-02,2022-07-05,16,9,2,Mom,-0.38751341623328617,0.16075446563189733,-2.410591921723851,-0.7025921688718049,-0.07243466359476741
rolling_16,2018-10-02,2022-10-03,16,9,2,alpha,0.018824606500352625,0.008565331814055615,2.1977673380337293,0.002036556144803619,0.035612656855901634
rolling_16,2018-10-02,2022-10-03,16,9,2,Mkt-RF,0.8884033913248802,0.09551741037487718,9.300957677120469,0.701189266990121,1.0756175156596395
rolling_16,2018-10-02,2022-10-03,16,9,2,SMB,0.007589367538079345,0.27399614642723374,0.027698811231620307,-0.5294430794592988,0.5446218145354575
rolling_16,2018-10-02,2022-10-03,16,9,2,HML,0.09070585608718126,0.29991212232524217,0.3024414464608221,-0.4971219036702933,0.6785336158446559
rolling_16,2018-10-02,2022-10-03,16,9,2,RMW,0.598820806592655,0.2178050395100608,2.7493432105137052,0.17192292915293583,1.0257186840323742
rolling_16,2018-10-02,2022-10-03,16,9,2,CMA,-0.13063971166099259,0.3759158295519207,-0.3475238374949808,-0.8674347375827571,0.6061553142607721
rolling_16,2018-10-02,2022-10-03,16,9,2,Mom,-0.35290623517579706,0.15470632059982148,-2.2811365030693147,-0.6561306235514471,-0.04968184680014698
rolling_16,2019-01-02,2023-01-03,16,9,2,alpha,0.022150154865963154,0.010309352493571752,2.148549569895351,0.00194382397856252,0.04235648575336379
rolling_16,2019-01-02,2023-01-03,16,9,2,Mkt-RF,0.8374215391745792,0.09718948420999723,8.616380115416224,0.6469301501229846,1.0279129282261739
rolling_16,2019-01-02,2023-01-03,16,9,2,SMB,-0.11101591852158137,0.32039477516992354,-0.3464972812453116,-0.7389896778546314,0.5169578408114688
rolling_16,2019-01-02,2023-01-03,16,9,2,HML,0.10317381820846086,0.2937186292931355,0.35126753266130717,-0.4725146952060848,0.6788623316230065
rolling_16,2019-01-02,2023-01-03,16,9,2,RMW,0.6193577716645289,0.22197849537421638,2.7901701496822993,0.1842799207310648,1.054435622597993
rolling_16,2019-01-02,2023-01-03,16,9,2,CMA,-0.18710474300872798,0.3334579739772258,-0.5611044197776679,-0.8406823720040906,0.46647288598663467
rolling_16,2019-01-02,2023-01-03,16,9,2,Mom,-0.4967788437855384,0.20973464837097794,-2.3686064636627786,-0.9078587545926551,-0.08569893297842163
rolling_16,2019-04-02,2023-04-03,16,9,2,alpha,0.010625262630768439,0.007826351440727774,1.3576265659979605,-0.004714386193057998,0.025964911454594876
rolling_16,2019-04-02,2023-04-03,16,9,2,Mkt-RF,0.9042554824317982,0.10400544711036534,8.694308880497843,0.7004048060954822,1.1081061587681142
rolling_16,2019-04-02,2023-04-03,16,9,2,SMB,0.2120806601218077,0.31511786830363053,0.6730201028062879,-0.40555036175330816,0.8297116819969236
rolling_16,2019-04-02,2023-04-03,16,9,2,HML,0.22527730804126445,0.32593631734501716,0.6911697041811976,-0.4135578739549691,0.864112490037498
rolling_16,2019-04-02,2023-04-03,16,9,2,RMW,0.48118425035840084,0.2399518604347362,2.00533660996255,0.010878603906317896,0.9514898968104838
rolling_16,2019-04-02,2023-04-03,16,9,2,CMA,-0.19406759351945158,0.35004541349471374,-0.5544069027557258,-0.8801566039690905,0.4920214169301873
rolling_16,2019-04-02,2023-04-03,16,9,2,Mom,-0.023390046589368226,0.1341933592138566,-0.17430107366261535,-0.2864090306485272,0.23962893746979075
rolling_16,2019-07-02,2023-07-03,16,9,2,alpha,0.01013929866493687,0.007864536190200862,1.2892430551175211,-0.00527519226785682,0.02555378959773056
rolling_16,2019-07-02,2023-07-03,16,9,2,Mkt-RF,0.9056188419324984,0.10185123843273979,8.891583999055134,0.7059904146043284,1.1052472692606683
rolling_16,2019-07-02,2023-07-03,16,9,2,SMB,0.21179947720728268,0.3165163594667676,0.6691580731059192,-0.40857258734758184,0.8321715417621471
rolling_16,2019-07-02,2023-07-03,16,9,2,HML,0.22889287865387556,0.3343391493911265,0.6846128521614001,-0.4264118541527324,0.8841976114604835
rolling_16,2019-07-02,2023-07-03,16,9,2,RMW,0.4604901710907549,0.2357047364252594,1.953673812731267,-0.0014911123027535056,0.9224714544842634
rolling_16,2019-07-02,2023-07-03,16,9,2,CMA,-0.1733427098999209,0.35760737342628307,-0.4847291269167682,-0.8742531618154357,0.527567742015594
rolling_16,2019-07-02,2023-07-03,16,9,2,Mom,-0.017197428042729737,0.12319115902700709,-0.13959953115596194,-0.2586520997356636,0.22425724365020416
rolling_16,2019-10-02,2023-10-02,16,9,2,alpha,0.009665345444969943,0.00990835129017333,0.9754746437538615,-0.009755023083769786,0.029085713973709675
rolling_16,2019-10-02,2023-10-02,16,9,2,Mkt-RF,0.9499627827100461,0.0809416605008651,11.73638861411662,0.7913171281283505,1.1086084372917417
rolling_16,2019-10-02,2023-10-02,16,9,2,SMB,0.18424837074254288,0.2487533986691462,0.7406868478110803,-0.3033082906489837,0.6718050321340694
rolling_16,2019-10-02,2023-10-02,16,9,2,HML,0.16482399196785225,0.27768576575673126,0.5935629848317381,-0.37944010891534097,0.7090880928510455
rolling_16,2019-10-02,2023-10-02,16,9,2,RMW,0.3773250788025969,0.21858511251151413,1.7262158180270444,-0.051101741719970784,0.8057518993251647
rolling_16,2019-10-02,2023-10-02,16,9,2,CMA,-0.02006278610412135,0.3439042508505608,-0.058338290540175315,-0.6941151177712206,0.6539895455629778
rolling_16,2019-10-02,2023-10-02,16,9,2,Mom,-0.010391385131848063,0.11767763476103846,-0.08830382385700801,-0.24103954926348345,0.22025677899978732
rolling_16,2020-01-02,2024-01-02,16,9,2,alpha,0.009587317272833514,0.007959232548780917,1.2045529784529243,-0.006012778522777082,0.02518741306844411
rolling_16,2020-01-02,2024-01-02,16,9,2,Mkt-RF,0.9621968772061643,0.09441654718741938,10.190977173695812,0.7771404447188224,1.1472533096935063
rolling_16,2020-01-02,2024-01-02,16,9,2,SMB,0.16390045443602028,0.23036287635350483,0.7114881400617076,-0.2876107832168492,0.6154116920888897
rolling_16,2020-01-02,2024-01-02,16,9,2,HML,0.2120294959241868,0.248082821271619,0.8546722213064547,-0.2742128337681864,0.69827182561656
rolling_16,2020-01-02,2024-01-02,16,9,2,RMW,0.3512800651038064,0.19399858626006344,1.8107351804765235,-0.028957163965917965,0.7315172941735307
rolling_16,2020-01-02,2024-01-02,16,9,2,CMA,-0.07101980082924847,0.2959055973264543,-0.24000830491522177,-0.6509947715890989,0.5089551699306019
rolling_16,2020-01-02,2024-01-02,16,9,2,Mom,0.014055985694093644,0.1047819516802577,0.13414510293705453,-0.19131663959921144,0.21942861098739871
rolling_16,2020-04-02,2024-04-02,16,9,2,alpha,0.0018348050610350697,0.015777684023453375,0.11629115263733572,-0.029089455624933543,0.032759065747003685
rolling_16,2020-04-02,2024-04-02,16,9,2,Mkt-RF,1.0915498933067782,0.12905653881544668,8.457920097080207,0.8385990772285028,1.3445007093850536
rolling_16,2020-04-02,2024-04-02,16,9,2,SMB,0.026538095959263167,0.24294573284403745,0.10923466590088118,-0.4496355404150502,0.5027117323335766
rolling_16,2020-04-02,2024-04-02,16,9,2,HML,0.47218230081864043,0.3257225756188058,1.449645606914385,-0.16623394739421893,1.1105985490314998
rolling_16,2020-04-02,2024-04-02,16,9,2,RMW,0.3729044575438226,0.21538485045792014,1.7313402347054914,-0.04924984935370086,0.795058764441346
rolling_16,2020-04-02,2024-04-02,16,9,2,CMA,-0.31557592297514264,0.3696776943855412,-0.8536515125687426,-1.0401442039708033,0.4089923580205181
rolling_16,2020-04-02,2024-04-02,16,9,2,Mom,0.02389801953308003,0.10336807231724264,0.23119343330439224,-0.17870340220871556,0.2264994412748756
rolling_16,2020-07-02,2024-07-02,16,9,2,alpha,-0.0036905688537544343,0.013442056039650157,-0.274553895837685,-0.030036998691468742,0.022655860983959875
rolling_16,2020-07-02,2024-07-02,16,9,2,Mkt-RF,1.019796059753881,0.12823230103936634,7.952723701345821,0.7684607497167231,1.2711313697910391
rolling_16,2020-07-02,2024-07-02,16,9,2,SMB,-0.08249543061963277,0.21302495313219982,-0.387257123668688,-0.5000243387587444,0.3350334775194789
rolling_16,2020-07-02,2024-07-02,16,9,2,HML,0.5912219962856806,0.32643607490316073,1.8111417264806602,-0.048592710524514415,1.2310367030958758
rolling_16,2020-07-02,2024-07-02,16,9,2,RMW,0.2386482684653965,0.25546809489271144,0.9341607552427291,-0.26206919752431795,0.739365734455111
rolling_16,2020-07-02,2024-07-02,16,9,2,CMA,-0.30478117367946,0.33017942998885313,-0.9230774118477018,-0.9519328564576122,0.34237050909869216
rolling_16,2020-07-02,2024-07-02,16,9,2,Mom,-0.005560154210301302,0.13537317679810434,-0.04107279109356885,-0.2708915807345858,0.25977127231398317
rolling_16,2020-10-02,2024-10-02,16,9,2,alpha,-0.004777460032472689,0.013795791470314019,-0.3462983651755607,-0.03181721131428816,0.022262291249342786
rolling_16,2020-10-02,2024-10-02,16,9,2,Mkt-RF,1.0107357580877045,0.1402624515994443,7.206032309873791,0.7358213529527937,1.2856501632226154
rolling_16,2020-10-02,2024-10-02,16,9,2,SMB,-0.10935856796224447,0.23195801710815633,-0.47145845323920516,-0.5639962814942309,0.34527914556974193
rolling_16,2020-10-02,2024-10-02,16,9,2,HML,0.6176455557388392,0.36051452516380267,1.7132334833338738,-0.08896291358221409,1.3242540250598924
rolling_16,2020-10-02,2024-10-02,16,9,2,RMW,0.23962944821025578,0.2642797461813485,0.9067264959677322,-0.27835885430518725,0.7576177507256988
rolling_16,2020-10-02,2024-10-02,16,9,2,CMA,-0.3177978274571992,0.3414674704178881,-0.9306825832290204,-0.9870740694762599,0.35147841456186146
rolling_16,2020-10-02,2024-10-02,16,9,2,Mom,-0.0343007839572102,0.1751079941548573,-0.19588359813473846,-0.3775124525007305,0.3089108845863101
rolling_16,2021-01-02,2025-01-02,16,9,2,alpha,0.000869091087018848,0.010922215778251414,0.07957095013169431,-0.02053845183835392,0.02227663401239162
rolling_16,2021-01-02,2025-01-02,16,9,2,Mkt-RF,1.0542780552916367,0.14019021247503474,7.5203399486920945,0.7795052388405685,1.3290508717427048
rolling_16,2021-01-02,2025-01-02,16,9,2,SMB,0.17619346102576672,0.21628899841699414,0.8146205415685301,-0.2477329758715418,0.6001198979230753
rolling_16,2021-01-02,2025-01-02,16,9,2,HML,0.4846148711997781,0.23548407958747858,2.0579517394497633,0.023066075208320103,0.9461636671912361
rolling_16,2021-01-02,2025-01-02,16,9,2,RMW,0.22684500442993538,0.24390075976048378,0.9300709216843049,-0.25120048470061285,0.7048904935604836
rolling_16,2021-01-02,2025-01-02,16,9,2,CMA,-0.18854813826789432,0.25136390712458906,-0.7501002845823845,-0.6812213962320889,0.3041251196963002
rolling_16,2021-01-02,2025-01-02,16,9,2,Mom,-0.04828987344625571,0.14608136556308754,-0.3305683326556868,-0.3346093499499073,0.23802960305739587
rolling_16,2021-04-02,2025-04-02,16,9,2,alpha,0.0003354310116923707,0.01026440769234541,0.03267904215676423,-0.019782808065304632,0.020453670088689372
rolling_16,2021-04-02,2025-04-02,16,9,2,Mkt-RF,1.015147708561405,0.13733910521900675,7.391541592925099,0.7459630623321517,1.2843323547906582
rolling_16,2021-04-02,2025-04-02,16,9,2,SMB,0.07361411761554326,0.1617059049504667,0.45523456696335574,-0.24332945608737144,0.39055769131845797
rolling_16,2021-04-02,2025-04-02,16,9,2,HML,0.3086332378764255,0.1600690905359222,1.9281251417316139,-0.005102179573982013,0.622368655326833
rolling_16,2021-04-02,2025-04-02,16,9,2,RMW,0.17002485508025972,0.29023569712335356,0.5858164821400215,-0.3988371112815133,0.7388868214420328
rolling_16,2021-04-02,2025-04-02,16,9,2,CMA,-0.06574393412573443,0.13600185498927872,-0.4834046868766396,-0.3323075699047207,0.20081970165325186
rolling_16,2021-04-02,2025-04-02,16,9,2,Mom,0.02817944659932703,0.13229386866260545,0.21300644454804057,-0.23111653597937964,0.2874754291780337
rolling_16,2021-07-02,2025-07-02,16,9,2,alpha,0.00496019653060104,0.009246567701228463,0.5364365125388145,-0.013163076163806749,0.023083469225008826
rolling_16,2021-07-02,2025-07-02,16,9,2,Mkt-RF,1.0405589378508047,0.13518078089927932,7.6975360767157115,0.7756046072882172,1.305513268413392
rolling_16,2021-07-02,2025-07-02,16,9,2,SMB,0.04583226593990686,0.16679124281282795,0.2747882033071696,-0.28107856997323594,0.37274310185304965
rolling_16,2021-07-02,2025-07-02,16,9,2,HML,0.19808927725359787,0.10808400514818231,1.8327344270969517,-0.013755372836839447,0.4099339273440352
rolling_16,2021-07-02,2025-07-02,16,9,2,RMW,0.10359911223025053,0.2475382851592346,0.41851753220156657,-0.38157592668184925,0.5887741511423503
rolling_16,2021-07-02,2025-07-02,16,9,2,CMA,0.03022622097798322,0.1187662222095551,0.2545018307027655,-0.20255557455274478,0.2630080165087112
rolling_16,2021-07-02,2025-07-02,16,9,2,Mom,0.08678514844126028,0.09081641885308989,0.9556107754221093,-0.09121503251079588,0.26478532939331645
rolling_20,2016-07-02,2021-07-02,20,13,2,alpha,0.006282797862899107,0.00706519641789638,0.8892601834797641,-0.007564987116177798,0.02013058284197601
rolling_20,2016-07-02,2021-07-02,20,13,2,Mkt-RF,0.8446538475243259,0.3166027487192714,2.667866438118869,0.22411246003455398,1.465195235014098
rolling_20,2016-07-02,2021-07-02,20,13,2,SMB,0.2930982929473084,0.43355671618993713,0.6760321821860666,-0.5566728707849684,1.1428694566795852
rolling_20,2016-07-02,2021-07-02,20,13,2,HML,-0.1603999175702528,0.15026100745727733,-1.0674753236687715,-0.45491149218651633,0.13411165704601075
rolling_20,2016-07-02,2021-07-02,20,13,2,RMW,0.9820024395456616,1.0178036830895958,0.9648250009910971,-1.0128927793099463,2.976897658401269
rolling_20,2016-07-02,2021-07-02,20,13,2,CMA,0.20104252703094538,0.5840860678595308,0.3442001754427995,-0.943766165973735,1.3458512200356259
rolling_20,2016-07-02,2021-07-02,20,13,2,Mom,-0.30570796722314114,0.23939398479460486,-1.2770077221674234,-0.7749201774205667,0.1635042429742844
rolling_20,2016-10-02,2021-10-04,20,13,2,alpha,0.007309279992001367,0.006876557056502987,1.062927266063933,-0.006168771838744489,0.020787331822747224
rolling_20,2016-10-02,2021-10-04,20,13,2,Mkt-RF,0.8291017592407384,0.2932927934376031,2.826873955964167,0.2542478841030362,1.4039556343784405
rolling_20,2016-10-02,2021-10-04,20,13,2,SMB,0.29558259898017314,0.4289016038368947,0.6891617945373296,-0.5450645445401404,1.1362297425004866
rolling_20,2016-10-02,2021-10-04,20,13,2,HML,-0.14336255378154436,0.16963717372247555,-0.8451128407508358,-0.4758514142775965,0.18912630671450772
rolling_20,2016-10-02,2021-10-04,20,13,2,RMW,1.006133567726245,0.9958563753239998,1.0103199544200352,-0.9457449279087946,2.9580120633612847
rolling_20,2016-10-02,2021-10-04,20,13,2,CMA,0.141262161354748,0.6241819241419091,0.22631568760813994,-1.0821344099633938,1.3646587326728898
rolling_20,2016-10-02,2021-10-04,20,13,2,Mom,-0.31255960966873925,0.2506604148432863,-1.2469444362172324,-0.8038540227615805,0.17873480342410197
rolling_20,2017-01-02,2022-01-03,20,13,2,alpha,0.007781112706270985,0.00844827352511847,0.9210299220469274,-0.008777503402961215,0.024339728815503187
rolling_20,2017-01-02,2022-01-03,20,13,2,Mkt-RF,0.874984478561037,0.2149671153622017,4.0703178115720675,0.4536489324511217,1.2963200246709523
rolling_20,2017-01-02,2022-01-03,20,13,2,SMB,0.1881295273657798,0.2808360222423413,0.6698910127826748,-0.36230907622920905,0.7385681309607687
rolling_20,2017-01-02,2022-01-03,20,13,2,HML,-0.039216389563760556,0.2209597937195975,-0.1774820156355095,-0.47229758525417165,0.39386480612665054
rolling_20,2017-01-02,2022-01-03,20,13,2,RMW,0.7389850017845375,0.42338710785195544,1.745412149023055,-0.09085372960529514,1.5688237331743702
rolling_20,2017-01-02,2022-01-03,20,13,2,CMA,0.007976579272659073,0.6180218112462371,0.012906630684399878,-1.2033461707699655,1.2192993293152838
rolling_20,2017-01-02,2022-01-03,20,13,2,Mom,-0.30759302605144545,0.25411844118210253,-1.2104317365579256,-0.8056651707683664,0.1904791186654755
rolling_20,2017-04-02,2022-04-04,20,13,2,alpha,0.009257293804328845,0.0077919538091865284,1.1880580957005564,-0.006014935661676751,0.02452952327033444
rolling_20,2017-04-02,2022-04-04,20,13,2,Mkt-RF,0.9714672594422268,0.1797020526710506,5.40598866291485,0.6192512362069675,1.323683282677486
rolling_20,2017-04-02,2022-04-04,20,13,2,SMB,-0.00269162933336857,0.30261927360822133,-0.008894441194294922,-0.5958254056054824,0.5904421469387453
rolling_20,2017-04-02,2022-04-04,20,13,2,HML,-0.050546024406409484,0.22161106404096165,-0.2280843902137791,-0.4849037099266943,0.3838116611138753
rolling_20,2017-04-02,2022-04-04,20,13,2,RMW,0.5285288128330243,0.3204769883448714,1.6491942699619493,-0.09960608432292362,1.1566637099889723
rolling_20,2017-04-02,2022-04-04,20,13,2,CMA,0.22248953236889973,0.23406618338487548,0.9505411211112874,-0.23628018706545617,0.6812592518032556
rolling_20,2017-04-02,2022-04-04,20,13,2,Mom,-0.36200940946240556,0.22959384505239686,-1.5767383022824042,-0.8120133457651033,0.08799452684029224
rolling_20,2017-07-02,2022-07-05,20,13,2,alpha,0.011092467273836101,0.007846479557184479,1.4136871437687613,-0.0042866326582454775,0.02647156720591768
rolling_20,2017-07-02,2022-07-05,20,13,2,Mkt-RF,0.9230095361755002,0.07005968117963336,13.174617991893216,0.7856925610634188,1.0603265112875815
rolling_20,2017-07-02,2022-07-05,20,13,2,SMB,0.084876903608281,0.16264690319482586,0.5218476462881779,-0.2339110266535777,0.4036648338701397
rolling_20,2017-07-02,2022-07-05,20,13,2,HML,-0.053267812124252543,0.22278646372025107,-0.23909806383542212,-0.48992928101594463,0.3833936567674396
rolling_20,2017-07-02,2022-07-05,20,13,2,RMW,0.6085691705996972,0.15309699482709738,3.975056279105902,0.3084990607385863,0.9086392804608081
rolling_20,2017-07-02,2022-07-05,20,13,2,CMA,0.20774590865771683,0.23802586511651103,0.8727871172993217,-0.2587847869706448,0.6742766042860784
rolling_20,2017-07-02,2022-07-05,20,13,2,Mom,-0.3302344028772758,0.17319591601062226,-1.906710103124038,-0.6696983982580954,0.009229592503543826
rolling_20,2017-10-02,2022-10-03,20,13,2,alpha,0.01446498811534898,0.008461592079948245,1.7094877629030607,-0.0021197323613495796,0.031049708592047538
rolling_20,2017-10-02,2022-10-03,20,13,2,Mkt-RF,0.8703277341264782,0.07829464855455034,11.116056463553745,0.7168702229595596,1.0237852452933969
rolling_20,2017-10-02,2022-10-03,20,13,2,SMB,0.07673021532600965,0.17060730008394717,0.4497475505928212,-0.2576600928385268,0.4111205234905461
rolling_20,2017-10-02,2022-10-03,20,13,2,HML,-0.018250999462282286,0.2450943846028879,-0.07446518814314458,-0.4986359932839426,0.46213399435937796
rolling_20,2017-10-02,2022-10-03,20,13,2,RMW,0.6098170906432134,0.16208437778393517,3.762343410147297,0.29213171018670053,0.9275024710997264
rolling_20,2017-10-02,2022-10-03,20,13,2,CMA,0.05443400563186643,0.2950885438765597,0.18446668554722698,-0.5239395403661906,0.6328075516299234
rolling_20,2017-10-02,2022-10-03,20,13,2,Mom,-0.3832994538070994,0.1734063618827784,-2.210411715264561,-0.723175923097345,-0.04342298451685378
rolling_20,2018-01-02,2023-01-03,20,13,2,alpha,0.01733362099790871,0.007407978217384116,2.33985852674787,0.0028139836918358446,0.03185325830398158
rolling_20,2018-01-02,2023-01-03,20,13,2,Mkt-RF,0.8712627765796367,0.08022376420491589,10.860407576415469,0.7140241987380016,1.0285013544212718
rolling_20,2018-01-02,2023-01-03,20,13,2,SMB,-0.0034093279811074143,0.19866881707579503,-0.017160861132055293,-0.3928002094496657,0.38598155348745083
rolling_20,2018-01-02,2023-01-03,20,13,2,HML,0.057675180796558465,0.2562484128011956,0.22507527038344788,-0.44457170829378484,0.5599220698869017
rolling_20,2018-01-02,2023-01-03,20,13,2,RMW,0.6033927778343386,0.18804042462605117,3.2088460714459823,0.23483354556727837,0.971952010101399
rolling_20,2018-01-02,2023-01-03,20,13,2,CMA,-0.10977526829217654,0.2847678123850413,-0.3854904364814476,-0.6679201805668574,0.44836964398250434
rolling_20,2018-01-02,2023-01-03,20,13,2,Mom,-0.41580092089804666,0.1478160672054499,-2.8129615999059423,-0.7055204126207284,-0.12608142917536486
rolling_20,2018-04-02,2023-04-03,20,13,2,alpha,0.015734340067681377,0.006639707354178866,2.369733969943506,0.0027205136534908005,0.028748166481871954
rolling_20,2018-04-02,2023-04-03,20,13,2,Mkt-RF,0.9416794438171971,0.08022415318798068,11.738103880145179,0.784440103568755,1.0989187840656394
rolling_20,2018-04-02,2023-04-03,20,13,2,SMB,0.1276700562328394,0.2072243488446777,0.6160958253440227,-0.27848966750272885,0.5338297799684076
rolling_20,2018-04-02,2023-04-03,20,13,2,HML,0.22262380795037445,0.25757696883062947,0.8643001311843274,-0.28222705095765926,0.7274746668584082
rolling_20,2018-04-02,2023-04-03,20,13,2,RMW,0.44207648440762487,0.1959562576531217,2.2559957497768757,0.058002219407506383,0.8261507494077434
rolling_20,2018-04-02,2023-04-03,20,13,2,CMA,-0.2103495534209513,0.28281602009792245,-0.7437681689605833,-0.7646689528128793,0.3439698459709767
rolling_20,2018-04-02,2023-04-03,20,13,2,Mom,-0.07581815377448882,0.15745305972836834,-0.48152861497443894,-0.38442615084209075,0.23278984329311314
rolling_20,2018-07-02,2023-07-03,20,13,2,alpha,0.014157067887371045,0.007372732113898669,1.9201929038874097,-0.00029348705587034507,0.028607622830612436
rolling_20,2018-07-02,2023-07-03,20,13,2,Mkt-RF,0.93888424270405,0.07374479494436548,12.731532353061159,0.7943444446130937,1.0834240407950064
rolling_20,2018-07-02,2023-07-03,20,13,2,SMB,0.1488158832405861,0.26818461672632965,0.5549008927400412,-0.37682596554302,0.6744577320241922
rolling_20,2018-07-02,2023-07-03,20,13,2,HML,0.20225671809323634,0.2961033163231928,0.6830613064545209,-0.3781057819002216,0.7826192180866942
rolling_20,2018-07-02,2023-07-03,20,13,2,RMW,0.4195816501114198,0.20280155792669716,2.0689271542138647,0.02209059657509338,0.8170727036477462
rolling_20,2018-07-02,2023-07-03,20,13,2,CMA,-0.1487300459524157,0.32535155994805354,-0.45713641568573493,-0.7864191034506006,0.48895901154576926
rolling_20,2018-07-02,2023-07-03,20,13,2,Mom,-0.07158038825311244,0.14755328138257984,-0.48511552967444366,-0.36078481976296894,0.21762404325674403
rolling_20,2018-10-02,2023-10-02,20,13,2,alpha,0.0109272486956933,0.009330700656968276,1.171106983003758,-0.007360924591964519,0.02921542198335112
rolling_20,2018-10-02,2023-10-02,20,13,2,Mkt-RF,0.9594419947618215,0.07291997792763635,13.157464141225379,0.8165188380236542,1.1023651514999888
rolling_20,2018-10-02,2023-10-02,20,13,2,SMB,0.1953118536634089,0.24861193518846872,0.7856093212715074,-0.29196753930598984,0.6825912466328076
rolling_20,2018-10-02,2023-10-02,20,13,2,HML,0.09763604813338433,0.2543041786274601,0.38393410859526267,-0.40080014197643743,0.5960722382432061
rolling_20,2018-10-02,2023-10-02,20,13,2,RMW,0.3814138502011487,0.20695559714736667,1.8429743165127142,-0.02421912020768996,0.7870468206099874
rolling_20,2018-10-02,2023-10-02,20,13,2,CMA,0.017819960965466813,0.3126851024117656,0.05699011826281459,-0.5950428397615938,0.6306827616925273
rolling_20,2018-10-02,2023-10-02,20,13,2,Mom,-0.06785496097314654,0.1429254263089389,-0.4747578001025191,-0.34798879653866677,0.2122788745923737
rolling_20,2019-01-02,2024-01-02,20,13,2,alpha,0.010892593882067534,0.008516094439959522,1.279059780144865,-0.00579895122025313,0.027584138984388197
rolling_20,2019-01-02,2024-01-02,20,13,2,Mkt-RF,1.0026228111384627,0.0925910287799651,10.828509244897933,0.8211443947297312,1.1841012275471943
rolling_20,2019-01-02,2024-01-02,20,13,2,SMB,0.204803598433939,0.2723655889858093,0.7519437356112177,-0.3290329559782472,0.7386401528461253
rolling_20,2019-01-02,2024-01-02,20,13,2,HML,0.14023079590436507,0.23193955652572504,0.6046006037301865,-0.31437073488605605,0.5948323266947861
rolling_20,2019-01-02,2024-01-02,20,13,2,RMW,0.33568234578521977,0.17179561258149703,1.9539634379543747,-0.001037054874514387,0.6724017464449539
rolling_20,2019-01-02,2024-01-02,20,13,2,CMA,-0.04189674141536401,0.2703883780863393,-0.1549502301537003,-0.5718579624645891,0.488064479633861
rolling_20,2019-01-02,2024-01-02,20,13,2,Mom,-0.00999069222881771,0.13682602350940212,-0.07301748580109245,-0.27816969830724586,0.25818831384961044
rolling_20,2019-04-02,2024-04-02,20,13,2,alpha,0.008945741312732349,0.007910726730011178,1.1308368520422534,-0.00655928307808956,0.024450765703554256
rolling_20,2019-04-02,2024-04-02,20,13,2,Mkt-RF,1.0078983668100718,0.09367312118517011,10.759739336727018,0.8242990492871384,1.1914976843330052
rolling_20,2019-04-02,2024-04-02,20,13,2,SMB,0.16251544594943346,0.2192320079359618,0.7412943368967574,-0.26717928960505166,0.5922101815039186
rolling_20,2019-04-02,2024-04-02,20,13,2,HML,0.23209782304817017,0.2372802190047712,0.9781591740839686,-0.23297140620118134,0.6971670522975217
rolling_20,2019-04-02,2024-04-02,20,13,2,RMW,0.30062206758936355,0.1784664146007629,1.684474181104989,-0.04917210502813174,0.6504162402068588
rolling_20,2019-04-02,2024-04-02,20,13,2,CMA,-0.12084046490316844,0.2609129464419817,-0.4631447636119479,-0.6322298399294526,0.39054891012311566
rolling_20,2019-04-02,2024-04-02,20,13,2,Mom,0.06158488026448404,0.10236919646531173,0.6015958158404844,-0.13905874480752695,0.262228505336495
rolling_20,2019-07-02,2024-07-02,20,13,2,alpha,0.007001450689479121,0.008077067164488487,0.8668308120875352,-0.008829600952918315,0.02283250233187656
rolling_20,2019-07-02,2024-07-02,20,13,2,Mkt-RF,1.0141789718204468,0.09762812434132417,10.388184538655155,0.8228278481114515,1.2055300955294421
rolling_20,2019-07-02,2024-07-02,20,13,2,SMB,0.23569492495889705,0.22424685567129188,1.0510511920148664,-0.20382891215683502,0.675218762074629
rolling_20,2019-07-02,2024-07-02,20,13,2,HML,0.18664251494882073,0.2331756653849084,0.8004373639964774,-0.2703817892055997,0.6436668191032411
rolling_20,2019-07-02,2024-07-02,20,13,2,RMW,0.24183991552986817,0.21749440621591667,1.1119362549939908,-0.18444912065332852,0.6681289517130649
rolling_20,2019-07-02,2024-07-02,20,13,2,CMA,-0.012466099098502215,0.2553814974604254,-0.048813634591652416,-0.513013834120936,0.48808163592393156
rolling_20,2019-07-02,2024-07-02,20,13,2,Mom,0.08643149883159783,0.11094667495030534,0.7790364052848973,-0.13102398407100063,0.3038869817341963
rolling_20,2019-10-02,2024-10-02,20,13,2,alpha,0.008424666472450045,0.007868600536040452,1.0706689752342429,-0.00699779057818924,0.02384712352308933
rolling_20,2019-10-02,2024-10-02,20,13,2,Mkt-RF,1.0189335988827053,0.09792072746021711,10.405698827111696,0.8270089730606798,1.2108582247047308
rolling_20,2019-10-02,2024-10-02,20,13,2,SMB,0.14200385183797015,0.18775101547866876,0.7563413251104565,-0.2259881385002206,0.5099958421761609
rolling_20,2019-10-02,2024-10-02,20,13,2,HML,0.20613412250486668,0.2271971875393648,0.9072916999430344,-0.23917236507228834,0.6514406100820217
rolling_20,2019-10-02,2024-10-02,20,13,2,RMW,0.21608997116907908,0.22022913788921877,0.9812051812952116,-0.2155591390937897,0.6477390814319479
rolling_20,2019-10-02,2024-10-02,20,13,2,CMA,0.011206372825955942,0.2703305775484247,0.04145432946425947,-0.5186415591689565,0.5410543048208684
rolling_20,2019-10-02,2024-10-02,20,13,2,Mom,0.049117508534971085,0.09523370393620077,0.5157576205150649,-0.13754055117998243,0.23577556824992457
rolling_20,2020-01-02,2025-01-02,20,13,2,alpha,0.005438460102506776,0.007717960100279078,0.7046499375281978,-0.009688741694040218,0.020565661899053768
rolling_20,2020-01-02,2025-01-02,20,13,2,Mkt-RF,1.0079184926513283,0.10647379364051524,9.466352782115925,0.7992298571159184,1.216607128186738
rolling_20,2020-01-02,2025-01-02,20,13,2,SMB,0.1464477005139636,0.18129143054258823,0.8078026637864757,-0.20888350334950934,0.5017789043774366
rolling_20,2020-01-02,2025-01-02,20,13,2,HML,0.20814476269888693,0.23796623765453467,0.8746819076118655,-0.258269063104001,0.6745585885017749
rolling_20,2020-01-02,2025-01-02,20,13,2,RMW,0.2576083194443707,0.21801373283041556,1.1816151033235793,-0.1696985969032438,0.6849152357919852
rolling_20,2020-01-02,2025-01-02,20,13,2,CMA,0.008154589140684204,0.2741252993977342,0.029747670713357023,-0.5291309976788748,0.5454401759602433
rolling_20,2020-01-02,2025-01-02,20,13,2,Mom,0.04662035125617106,0.096393983040107,0.483643789641658,-0.14231185550243866,0.23555255801478078
rolling_20,2020-04-02,2025-04-02,20,13,2,alpha,-0.0043262960223663955,0.014534038962281013,-0.2976664665337745,-0.03281301238843718,0.024160420343704386
rolling_20,2020-04-02,2025-04-02,20,13,2,Mkt-RF,1.1049308452465558,0.15333028678843214,7.20621390848345,0.8044034831412288,1.4054582073518829
rolling_20,2020-04-02,2025-04-02,20,13,2,SMB,0.09627537236277253,0.16817241315218703,0.572480174115409,-0.23334255741551405,0.42589330214105914
rolling_20,2020-04-02,2025-04-02,20,13,2,HML,0.43380235030452036,0.20149175958197918,2.1529533078896113,0.03887850152384115,0.8287261990851995
rolling_20,2020-04-02,2025-04-02,20,13,2,RMW,0.34102531954481946,0.2171787873449962,1.5702515135747979,-0.08464510365137312,0.766695742741012
rolling_20,2020-04-02,2025-04-02,20,13,2,CMA,-0.20396703380682082,0.23101955837967011,-0.8828994187219867,-0.6567653682309742,0.24883130061733258
rolling_20,2020-04-02,2025-04-02,20,13,2,Mom,0.033103722872174474,0.09035198550363542,0.36638622480346605,-0.14398616871495096,0.2101936144592999
rolling_20,2020-07-02,2025-07-02,20,13,2,alpha,-0.00011853762707137594,0.010746872273030283,-0.011029965189858167,-0.02118240728221073,0.02094533202806798
rolling_20,2020-07-02,2025-07-02,20,13,2,Mkt-RF,1.04138634938369,0.12350253638889536,8.43210495778389,0.799321378061455,1.2834513207059248
rolling_20,2020-07-02,2025-07-02,20,13,2,SMB,-0.010641682068741748,0.15378172701394272,-0.06919991259934877,-0.3120538670160695,0.29077050287858597
rolling_20,2020-07-02,2025-07-02,20,13,2,HML,0.3955682404385218,0.2136358848114267,1.8516001690806025,-0.023158093791874557,0.8142945746689181
rolling_20,2020-07-02,2025-07-02,20,13,2,RMW,0.1573264620372351,0.2338040513889594,0.6728987846985799,-0.3009294786851253,0.6155824027595955
rolling_20,2020-07-02,2025-07-02,20,13,2,CMA,-0.07877063494663736,0.22072414440169322,-0.3568736676277862,-0.511389957973956,0.3538486880806814
rolling_20,2020-07-02,2025-07-02,20,13,2,Mom,0.03384033732265783,0.09637097446693396,0.35114657198230215,-0.15504677263253275,0.22272744727784838
rolling_24,2016-07-02,2022-07-05,24,17,2,alpha,0.006959636731534371,0.005695210352084491,1.2220157467910013,-0.004202975558551231,0.018122249021619973
rolling_24,2016-07-02,2022-07-05,24,17,2,Mkt-RF,0.9334996821096573,0.06318018625686629,14.77519674149752,0.8096665170461994,1.0573328471731152
rolling_24,2016-07-02,2022-07-05,24,17,2,SMB,0.15055706730423177,0.1476711838849614,1.019542630751295,-0.13887845311029254,0.43999258771875605
rolling_24,2016-07-02,2022-07-05,24,17,2,HML,-0.09642714653243943,0.16563150788651795,-0.5821787639493463,-0.4210649019900146,0.22821060892513573
rolling_24,2016-07-02,2022-07-05,24,17,2,RMW,0.6289699218878995,0.14650601367327584,4.293133818319363,0.3418181350882788,0.9161217086875202
rolling_24,2016-07-02,2022-07-05,24,17,2,CMA,0.3198700028503988,0.1808217052960606,1.768980125072228,-0.034540539529879954,0.6742805452306775
rolling_24,2016-07-02,2022-07-05,24,17,2,Mom,-0.270273485704352,0.16107117982362748,-1.677975451600347,-0.5859729981586619,0.04542602674995788
rolling_24,2016-10-02,2022-10-03,24,17,2,alpha,0.011863505581739825,0.0071918897593249475,1.6495672179009275,-0.002232598346537072,0.02595960951001672
rolling_24,2016-10-02,2022-10-03,24,17,2,Mkt-RF,0.8949655910127825,0.06878256339812666,13.011518425571756,0.7601517667524542,1.0297794152731108
rolling_24,2016-10-02,2022-10-03,24,17,2,SMB,0.15161147674979156,0.16222981997204125,0.9345475250846011,-0.16635897039540928,0.4695819238949924
rolling_24,2016-10-02,2022-10-03,24,17,2,HML,-0.024683096438362986,0.17480576246003143,-0.141202990627993,-0.3673023908600246,0.31793619798329864
rolling_24,2016-10-02,2022-10-03,24,17,2,RMW,0.5678170309126904,0.1454077388197881,3.9049986989785848,0.28281786282590576,0.8528161989994751
rolling_24,2016-10-02,2022-10-03,24,17,2,CMA,0.12383941795927562,0.23447113933519484,0.5281648663046649,-0.3357240151377063,0.5834028510562576
rolling_24,2016-10-02,2022-10-03,24,17,2,Mom,-0.27420070585738454,0.16746681268577293,-1.6373435515959942,-0.6024356587214994,0.054034247006730374
rolling_24,2017-01-02,2023-01-03,24,17,2,alpha,0.01372749176642645,0.006910618725824614,1.986434545307433,0.0001826790638102052,0.027272304469042694
rolling_24,2017-01-02,2023-01-03,24,17,2,Mkt-RF,0.8853480351012193,0.0675848687921586,13.099796610153959,0.7528816922685885,1.0178143779338502
rolling_24,2017-01-02,2023-01-03,24,17,2,SMB,0.08721268286444905,0.17739101306304358,0.4916409312880706,-0.26047370273911635,0.43489906846801446
rolling_24,2017-01-02,2023-01-03,24,17,2,HML,0.06786290964300912,0.23955682484020202,0.2832852275792081,-0.40166846704378684,0.5373942863298051
rolling_24,2017-01-02,2023-01-03,24,17,2,RMW,0.522371005633514,0.1451077509529512,3.5998835500033644,0.23795981376572967,0.8067821975012983
rolling_24,2017-01-02,2023-01-03,24,17,2,CMA,-0.045803877817630845,0.26468984826012254,-0.17304735379430694,-0.564595980407471,0.47298822477220936
rolling_24,2017-01-02,2023-01-03,24,17,2,Mom,-0.30736091676647026,0.1539203135371143,-1.9968833853262475,-0.6090447312992142,-0.00567710223372625
rolling_24,2017-04-02,2023-04-03,24,17,2,alpha,0.011176927234600722,0.006772187574314131,1.6504160748578633,-0.002096560411054974,0.02445041488025642
rolling_24,2017-04-02,2023-04-03,24,17,2,Mkt-RF,0.9405902458217591,0.0678102138937828,13.870922856770362,0.8076822265899448,1.0734982650535734
rolling_24,2017-04-02,2023-04-03,24,17,2,SMB,0.13831506627937962,0.17629625023982673,0.7845604548662892,-0.20722558419068077,0.48385571674944
rolling_24,2017-04-02,2023-04-03,24,17,2,HML,0.14848191094907412,0.24557803582157267,0.6046221130987269,-0.3328510392612083,0.6298148611593566
rolling_24,2017-04-02,2023-04-03,24,17,2,RMW,0.42444641121633386,0.16189940036824588,2.621667592658871,0.10712358649457193,0.7417692359380959
rolling_24,2017-04-02,2023-04-03,24,17,2,CMA,-0.059764701727227004,0.28303401716383925,-0.21115731008626837,-0.614511375368352,0.4949819719138979
rolling_24,2017-04-02,2023-04-03,24,17,2,Mom,-0.11979463688318764,0.1416523279409056,-0.8456947981339458,-0.3974331996473626,0.15784392588098733
rolling_24,2017-07-02,2023-07-03,24,17,2,alpha,0.01064222446019586,0.007046628341496676,1.510257664296723,-0.003169167089137625,0.024453616009529344
rolling_24,2017-07-02,2023-07-03,24,17,2,Mkt-RF,0.9400144542315664,0.06710176661890835,14.008788465588376,0.808494991658506,1.0715339168046267
rolling_24,2017-07-02,2023-07-03,24,17,2,SMB,0.14756642250415972,0.17650223910758925,0.8360597760700853,-0.19837796614671518,0.4935108111550346
rolling_24,2017-07-02,2023-07-03,24,17,2,HML,0.1463873204534505,0.24608557030229303,0.594863487012373,-0.33594039733904385,0.6287150382459448
rolling_24,2017-07-02,2023-07-03,24,17,2,RMW,0.4064681499792973,0.16619614089775198,2.4457135273036616,0.08072371381970345,0.7322125861388912
rolling_24,2017-07-02,2023-07-03,24,17,2,CMA,-0.03601056368508887,0.28497117435522296,-0.12636563598604852,-0.5945540654213259,0.5225329380511481
rolling_24,2017-07-02,2023-07-03,24,17,2,Mom,-0.11175014475616336,0.13508308197266755,-0.8272697300375088,-0.37651298542259176,0.15301269591026506
rolling_24,2017-10-02,2023-10-02,24,17,2,alpha,0.007089189705833147,0.008208326555171078,0.8636583423166934,-0.008999130342302163,0.02317750975396846
rolling_24,2017-10-02,2023-10-02,24,17,2,Mkt-RF,0.9485713884292817,0.0695988492392557,13.629124601880067,0.8121576439203405,1.0849851329382227
rolling_24,2017-10-02,2023-10-02,24,17,2,SMB,0.18032655943738812,0.16716515326104994,1.0787329531280059,-0.14731714095426973,0.507970259829046
rolling_24,2017-10-02,2023-10-02,24,17,2,HML,0.05743880748771943,0.22583415868400966,0.2543406534353761,-0.3851961435329395,0.5000737585083783
rolling_24,2017-10-02,2023-10-02,24,17,2,RMW,0.4063271696091096,0.18717597239549275,2.170829751323862,0.03946226371394379,0.7731920755042754
rolling_24,2017-10-02,2023-10-02,24,17,2,CMA,0.09680463359737891,0.27983391665691937,0.34593602789065364,-0.4516698430501831,0.6452791102449409
rolling_24,2017-10-02,2023-10-02,24,17,2,Mom,-0.12293332938878575,0.14419510072665742,-0.8525485870828827,-0.4055557268130343,0.1596890680354628
rolling_24,2018-01-02,2024-01-02,24,17,2,alpha,0.00951237525717043,0.007444446991339055,1.27778131380843,-0.005078740845854116,0.024103491360194976
rolling_24,2018-01-02,2024-01-02,24,17,2,Mkt-RF,0.9873529997727833,0.08131618479764013,12.142146145073903,0.8279732775694086,1.146732721976158
rolling_24,2018-01-02,2024-01-02,24,17,2,SMB,0.11347443931664764,0.17952753012748568,0.6320726366372189,-0.23839951973322426,0.46534839836651953
rolling_24,2018-01-02,2024-01-02,24,17,2,HML,0.136619100658289,0.1985662947580842,0.6880276475155753,-0.252570837067556,0.5258090383841341
rolling_24,2018-01-02,2024-01-02,24,17,2,RMW,0.34107655195668646,0.17255255587760399,1.9766531432812906,0.0028735424365826656,0.6792795614767903
rolling_24,2018-01-02,2024-01-02,24,17,2,CMA,0.017099222898917743,0.24756088973210585,0.06907077655691657,-0.46812012097600975,0.5023185667738452
rolling_24,2018-01-02,2024-01-02,24,17,2,Mom,-0.10089960686712639,0.134481237073238,-0.750287616793537,-0.3644828315306729,0.1626836177964201
rolling_24,2018-04-02,2024-04-02,24,17,2,alpha,0.012827679635055511,0.007310441238435677,1.7547066198428865,-0.0015007851922784147,0.02715614446238944
rolling_24,2018-04-02,2024-04-02,24,17,2,Mkt-RF,1.022137710989575,0.08208486456986976,12.452206826991137,0.8612513764326304,1.1830240455465197
rolling_24,2018-04-02,2024-04-02,24,17,2,SMB,0.07644410114898198,0.16209778621303889,0.47159250557878957,-0.24126755982857423,0.3941557621265382
rolling_24,2018-04-02,2024-04-02,24,17,2,HML,0.20701856681023756,0.18730635212648927,1.1052405028444336,-0.16010188335768138,0.5741390169781565
rolling_24,2018-04-02,2024-04-02,24,17,2,RMW,0.27982274611739505,0.1681805762274241,1.6638232095185685,-0.04981118328835621,0.6094566755231463
rolling_24,2018-04-02,2024-04-02,24,17,2,CMA,-0.09043348842998603,0.23692255952708272,-0.3817006223911258,-0.5548017051030681,0.37393472824309604
rolling_24,2018-04-02,2024-04-02,24,17,2,Mom,-0.023492044272899318,0.11741400446815976,-0.2000787246743626,-0.2536234930304925,0.2066394044846938
rolling_24,2018-07-02,2024-07-02,24,17,2,alpha,0.01128847535454997,0.008284664778203757,1.3625747880890704,-0.004949467610729395,0.027526418319829334
rolling_24,2018-07-02,2024-07-02,24,17,2,Mkt-RF,1.0246781318773277,0.0856844248343247,11.95874435591528,0.8567366592020513,1.192619604552604
rolling_24,2018-07-02,2024-07-02,24,17,2,SMB,0.16526093818934512,0.22475774280057703,0.7352847387152209,-0.27526423769978586,0.6057861140784762
rolling_24,2018-07-02,2024-07-02,24,17,2,HML,0.1427453778900527,0.20571338632119773,0.6939041763046584,-0.26045285929949485,0.5459436150796002
rolling_24,2018-07-02,2024-07-02,24,17,2,RMW,0.21007820421837853,0.22132577941917114,0.9491809077536751,-0.22372032344319692,0.643876731879954
rolling_24,2018-07-02,2024-07-02,24,17,2,CMA,0.04759484599496213,0.2528859674569299,0.18820674975992177,-0.44806165022062056,0.5432513422105448
rolling_24,2018-07-02,2024-07-02,24,17,2,Mom,-2.141802997275566e-05,0.11723219515409229,-0.00018269750851806007,-0.22979652053199362,0.22975368447204814
rolling_24,2018-10-02,2024-10-02,24,17,2,alpha,0.010247526938400685,0.008218110634426368,1.2469443883455302,-0.0058599699050749954,0.026355023781876367
rolling_24,2018-10-02,2024-10-02,24,17,2,Mkt-RF,1.0291169541972938,0.09280959738845997,11.08847557963068,0.8472101433159123,1.2110237650786753
rolling_24,2018-10-02,2024-10-02,24,17,2,SMB,0.13408701503272896,0.20777818883997662,0.6453372983051557,-0.2731582350936252,0.5413322651590831
rolling_24,2018-10-02,2024-10-02,24,17,2,HML,0.1460573749093756,0.20918497286516594,0.6982211623944881,-0.26394517190634964,0.5560599217251008
rolling_24,2018-10-02,2024-10-02,24,17,2,RMW,0.20670933470610459,0.22461399662358092,0.920286971486101,-0.23353409867611402,0.6469527680883231
rolling_24,2018-10-02,2024-10-02,24,17,2,CMA,0.049455840235948095,0.2565718229167886,0.1927563193561891,-0.4534249326809575,0.5523366131528537
rolling_24,2018-10-02,2024-10-02,24,17,2,Mom,-0.01446981854860016,0.11495327771349323,-0.1258756499720207,-0.23977824286704688,0.21083860576984656
rolling_24,2019-01-02,2025-01-02,24,17,2,alpha,0.00686194735601387,0.008482719486238174,0.8089324852892115,-0.009764182837012953,0.02348807754904069
rolling_24,2019-01-02,2025-01-02,24,17,2,Mkt-RF,1.0507872989391476,0.10954371480794342,9.592401542903957,0.8360816179155784,1.2654929799627166
rolling_24,2019-01-02,2025-01-02,24,17,2,SMB,0.17789165773941196,0.21555626188868504,0.8252678729012132,-0.2445986155624107,0.6003819310412346
rolling_24,2019-01-02,2025-01-02,24,17,2,HML,0.13575334848993476,0.22264484453609812,0.6097304825215687,-0.3006305468008175,0.5721372437806871
rolling_24,2019-01-02,2025-01-02,24,17,2,RMW,0.2393489937820219,0.2015110081065188,1.1877713085307078,-0.15561258210675494,0.6343105696707987
rolling_24,2019-01-02,2025-01-02,24,17,2,CMA,0.04084573827710309,0.25572904112637107,0.15972272095963774,-0.46038318233058423,0.5420746588847905
rolling_24,2019-01-02,2025-01-02,24,17,2,Mom,0.01682460759407796,0.11180524375034405,0.15048138199713182,-0.20231367015659635,0.2359628853447523
rolling_24,2019-04-02,2025-04-02,24,17,2,alpha,0.0048361887356368006,0.007919971919528042,0.6106320558678184,-0.01068695622663816,0.020359333697911763
rolling_24,2019-04-02,2025-04-02,24,17,2,Mkt-RF,1.0088572440676935,0.09789528644581816,10.305473130476646,0.81698248263389,1.2007320055014972
rolling_24,2019-04-02,2025-04-02,24,17,2,SMB,0.1629852562843293,0.14412902827370008,1.1308288013627719,-0.11950763913212287,0.4454781517007815
rolling_24,2019-04-02,2025-04-02,24,17,2,HML,0.21313506324538423,0.17705368068046193,1.203787814103906,-0.13389015088832112,0.5601602773790896
rolling_24,2019-04-02,2025-04-02,24,17,2,RMW,0.25003709446280664,0.21534435276379713,1.1611035592703127,-0.1720378369542357,0.672112025879849
rolling_24,2019-04-02,2025-04-02,24,17,2,CMA,-0.020880125734306497,0.20756457037340434,-0.10059580831518397,-0.427706683666179,0.385946432197566
rolling_24,2019-04-02,2025-04-02,24,17,2,Mom,0.037429709833126906,0.08275552550529006,0.4522925762912865,-0.1247711201572416,0.1996305398234954
rolling_24,2019-07-02,2025-07-02,24,17,2,alpha,0.006158736840153058,0.007708553588670011,0.79894843686436,-0.008950028193640163,0.021267501873946278
rolling_24,2019-07-02,2025-07-02,24,17,2,Mkt-RF,1.0321363309208658,0.08320304000304919,12.405031485424576,0.8690583725148894,1.1952142893268423
rolling_24,2019-07-02,2025-07-02,24,17,2,SMB,0.1434863227722687,0.15711913225326873,0.9132326580124909,-0.164467176444138,0.4514398219886754
rolling_24,2019-07-02,2025-07-02,24,17,2,HML,0.19395711069247223,0.1535277120801473,1.2633361629932924,-0.10695720498461647,0.49487142636956094
rolling_24,2019-07-02,2025-07-02,24,17,2,RMW,0.19919250115668027,0.1959094963203839,1.0167577626299822,-0.18479011163127215,0.5831751139446327
rolling_24,2019-07-02,2025-07-02,24,17,2,CMA,0.022331981458608652,0.18671121485208061,0.11960707061062645,-0.34362199965146933,0.38828596256868664
rolling_24,2019-07-02,2025-07-02,24,17,2,Mom,0.045020585632695315,0.07736070816534378,0.5819567413534062,-0.1066064023713785,0.19664757363676913
