fecha,entry,exit,entry_adj_close,exit_adj_close,spy_gross,spy_base,spy_stress
2011-07-02,2011-07-05,2011-10-03,102.77249145507812,84.86830139160156,-0.17421189084729438,-0.17587829990296477,-0.17834696817252227
2011-10-02,2011-10-03,2012-01-03,84.86830139160156,99.05699920654297,0.1671848921480299,0.16482955734439275,0.16134029384445037
2012-01-02,2012-01-03,2012-04-02,99.05699920654297,110.68094635009766,0.11734604557642303,0.115091283673183,0.11175101187917469
2012-04-02,2012-04-03,2012-07-02,110.22834014892578,107.07373046875,-0.028618862226480912,-0.03057907248690006,-0.03348298665796834
2012-07-02,2012-07-03,2012-10-02,107.77963256835938,113.94586181640625,0.05721145174748976,0.0550780391717649,0.051917537904896616
2012-10-02,2012-10-03,2013-01-02,114.41109466552734,115.99288940429688,0.013825536268084804,0.011779674822779418,0.008748874421911301
2013-01-02,2013-01-03,2013-04-02,115.73078918457031,125.09185028076172,0.0808865226112141,0.07870533464124008,0.0754740574748729
2013-04-02,2013-04-03,2013-07-02,123.823486328125,129.2740478515625,0.044018801966162036,0.04191201165687586,0.03879094941261596
2013-07-02,2013-07-03,2013-10-02,129.3301544189453,136.32644653320312,0.0540963717679821,0.051969245305401035,0.04881805647475845
2013-10-02,2013-10-03,2014-01-02,135.0693359375,148.19850158691406,0.09720315538894231,0.09498904107343553,0.09170898583293785
2014-01-02,2014-01-03,2014-04-02,148.1741943359375,153.70252990722656,0.037309705620908185,0.035216454013355714,0.03211544840721081
2014-04-02,2014-04-03,2014-07-02,153.4990997314453,161.2664794921875,0.05060211932403269,0.04848204413023449,0.045341301260291456
2014-07-02,2014-07-03,2014-10-02,162.05960083007812,159.6791229248047,-0.014688903916093232,-0.016677224303573213,-0.01962278165852349
2014-10-02,2014-10-03,2015-01-02,161.4370574951172,169.68783569335938,0.05110832869641313,0.04898723199131805,0.04584497582395475
2015-01-02,2015-01-05,2015-04-02,166.62335205078125,171.2832794189453,0.02796683244461362,0.02589243440045652,0.022819359027625774
2015-04-02,2015-04-06,2015-07-02,172.4365692138672,172.84178161621094,0.002349921505578001,0.00032721741522578895,-0.002669276986653313
2015-07-02,2015-07-06,2015-10-02,172.34991455078125,163.4237518310547,-0.05179093208715546,-0.053704381990254735,-0.05653902396792254
2015-10-02,2015-10-05,2016-01-04,166.33181762695312,169.4715118408203,0.018876089125105633,0.016820035855864113,0.013774136981860252
2016-01-02,2016-01-04,2016-04-04,169.4715118408203,174.7775421142578,0.03130927561690311,0.029228132649310234,0.026145065144949964
2016-04-02,2016-04-04,2016-07-05,174.7775421142578,177.52642822265625,0.015727913753366574,0.013678213382514182,0.010641725882397646
2016-07-02,2016-07-05,2016-10-03,177.52642822265625,184.7327423095703,0.040592908667524075,0.03849303168086049,0.03538221103972794
2016-10-02,2016-10-03,2017-01-03,184.7327423095703,193.96817016601562,0.04999345400810884,0.04787460707781199,0.04473568379419568
2017-01-02,2017-01-03,2017-04-03,193.96817016601562,203.5388946533203,0.049341726939596375,0.047224195169782934,0.04408722020428435
2017-04-02,2017-04-03,2017-07-03,203.5388946533203,210.5111083984375,0.034254945508044976,0.03216785829043545,0.029075984796121723
2017-07-02,2017-07-03,2017-10-02,210.5111083984375,220.3862762451172,0.04691043585210153,0.04479781033540586,0.04166810364017559
2017-10-02,2017-10-03,2018-01-02,220.85792541503906,235.95423889160156,0.06835305297825878,0.06619715707420815,0.06300334833157728
2018-01-02,2018-01-03,2018-04-02,237.4467315673828,226.93927001953125,-0.044251868528540905,-0.046180531975703376,-0.04903771175305971
2018-04-02,2018-04-03,2018-07-02,229.84791564941406,240.6989288330078,0.04720953484801127,0.04509630576089618,0.041965704918375035
2018-07-02,2018-07-03,2018-10-02,239.84889221191406,259.3092956542969,0.08113609891176377,0.07895440730628955,0.07572238403921316
2018-10-02,2018-10-03,2019-01-02,259.45172119140625,223.80592346191406,-0.13738894298255622,-0.13912965934914345,-0.1417084086939524
2019-01-02,2019-01-03,2019-04-02,218.46531677246094,256.94976806640625,0.17615817404109135,0.17378473149523788,0.17026864264380714
2019-04-02,2019-04-03,2019-07-02,257.35406494140625,267.6437683105469,0.03998267278771506,0.03788402723389139,0.034775030874238055
2019-07-02,2019-07-03,2019-10-02,269.7835388183594,261.28759765625,-0.031491695895610405,-0.03344610888674393,-0.03634143480951435
2019-10-02,2019-10-03,2020-01-02,263.42822265625,296.125244140625,0.1241211786447105,0.12185274478013652,0.11849221893325179
2020-01-02,2020-01-03,2020-04-02,293.8829650878906,230.89772033691406,-0.21432084276181085,-0.21590631347513545,-0.21825507726094084
2020-04-02,2020-04-03,2020-07-02,227.56031799316406,287.53704833984375,0.26356409973236805,0.2610142753465765,0.25723688915635656
2020-07-02,2020-07-06,2020-10-02,291.9757385253906,308.66864013671875,0.05717222155386881,0.05503888814318536,0.0518785041537797
2020-10-02,2020-10-05,2021-01-04,314.1423645019531,342.4368896484375,0.09006911624716074,0.08786939815181927,0.08461066990291655
2021-01-02,2021-01-04,2021-04-05,342.4368896484375,378.5579833984375,0.10548248404861904,0.10325166236217709,0.09994685632213551
2021-04-02,2021-04-05,2021-07-02,378.5579833984375,405.3680419921875,0.07082153796643631,0.06866066075338817,0.06545947255046158
2021-07-02,2021-07-06,2021-10-04,404.629638671875,401.9035339355469,-0.006737283865996813,-0.008741650320878147,-0.011710978800517302
2021-10-02,2021-10-04,2022-01-03,401.9035339355469,449.4863586425781,0.11839364596048085,0.1161367700394349,0.11279336647615246
2022-01-02,2022-01-03,2022-04-04,449.4863586425781,431.1470947265625,-0.04080049052300294,-0.04273611871995919,-0.045603616286194026
2022-04-02,2022-04-04,2022-07-05,431.1470947265625,362.0672302246094,-0.16022342570988268,-0.1619180629571697,-0.16442854931497752
2022-07-02,2022-07-05,2022-10-03,362.0672302246094,348.9442138671875,-0.036244695078538225,-0.03818951669775417,-0.04107063367498742
2022-10-02,2022-10-03,2023-01-03,348.9442138671875,364.1339416503906,0.043530533476576094,0.04142472847456635,0.03830512589400681
2023-01-02,2023-01-03,2023-04-03,364.1339416503906,394.4434814453125,0.08323733749605355,0.08105140567088376,0.07781310081539194
2023-04-02,2023-04-03,2023-07-03,394.4434814453125,427.5466613769531,0.08392375964826337,0.08173644264924818,0.0784960857557484
2023-07-02,2023-07-03,2023-10-02,427.5466613769531,413.1219482421875,-0.03373833650883751,-0.03568821586450055,-0.03857682552394215
2023-10-02,2023-10-03,2024-01-02,407.5918884277344,458.8092346191406,0.12565840402019446,0.1233868680931689,0.12002174675808863
2024-01-02,2024-01-03,2024-04-02,455.0622253417969,505.2115173339844,0.110203152886444,0.10796280506949363,0.10464388673449165
2024-04-02,2024-04-03,2024-07-02,505.7664489746094,536.3135986328125,0.06039773836349638,0.058257895982338326,0.05508786940918431
2024-07-02,2024-07-03,2024-10-02,538.70703125,556.0283203125,0.03215344901347983,0.03007060253601912,0.026985011401135628
2024-10-02,2024-10-03,2025-01-02,555.0118408203125,573.375732421875,0.03308738706262648,0.031002655933636936,0.02791427281954917
2025-01-02,2025-01-03,2025-04-02,580.5448608398438,555.308837890625,-0.04346954843887707,-0.04539979057828192,-0.04825930907759457
2025-04-02,2025-04-03,2025-07-02,527.9428100585938,612.1305541992188,0.15946375731735296,0.15712400347069377,0.1536578220669338
2025-07-02,2025-07-03,2025-10-02,616.9549560546875,662.0770263671875,0.07313673367833418,0.07097118448822881,0.06776307507860513
