fecha,stratum,group,n_security_rows,n_issuers,n_eligible,reasons
2011-07-02,all,all,258,258,64,"{""eligible"": 64, ""financial_division_H"": 33, ""missing_or_invalid_component"": 138, ""no_current_annual_filing"": 1, ""nonpositive_cash_generation"": 2, ""repurchases_exceed_fcf"": 12, ""source_quarantined"": 5, ""zero_reported_repurchase"": 3}"
2011-07-02,division,B,15,15,2,"{""eligible"": 2, ""missing_or_invalid_component"": 12, ""nonpositive_cash_generation"": 1}"
2011-07-02,division,C,2,2,1,"{""eligible"": 1, ""missing_or_invalid_component"": 1}"
2011-07-02,division,D,108,108,30,"{""eligible"": 30, ""missing_or_invalid_component"": 72, ""repurchases_exceed_fcf"": 3, ""source_quarantined"": 2, ""zero_reported_repurchase"": 1}"
2011-07-02,division,E,38,38,10,"{""eligible"": 10, ""missing_or_invalid_component"": 23, ""nonpositive_cash_generation"": 1, ""repurchases_exceed_fcf"": 2, ""source_quarantined"": 1, ""zero_reported_repurchase"": 1}"
2011-07-02,division,F,7,7,3,"{""eligible"": 3, ""missing_or_invalid_component"": 2, ""no_current_annual_filing"": 1, ""repurchases_exceed_fcf"": 1}"
2011-07-02,division,G,21,21,3,"{""eligible"": 3, ""missing_or_invalid_component"": 14, ""repurchases_exceed_fcf"": 2, ""source_quarantined"": 1, ""zero_reported_repurchase"": 1}"
2011-07-02,division,H,33,33,0,"{""financial_division_H"": 33}"
2011-07-02,division,I,34,34,15,"{""eligible"": 15, ""missing_or_invalid_component"": 14, ""repurchases_exceed_fcf"": 4, ""source_quarantined"": 1}"
2011-10-02,all,all,270,270,63,"{""eligible"": 63, ""financial_division_H"": 35, ""missing_or_invalid_component"": 146, ""no_current_annual_filing"": 1, ""nonpositive_cash_generation"": 3, ""repurchases_exceed_fcf"": 14, ""source_quarantined"": 5, ""zero_reported_repurchase"": 3}"
2011-10-02,division,B,14,14,2,"{""eligible"": 2, ""missing_or_invalid_component"": 11, ""nonpositive_cash_generation"": 1}"
2011-10-02,division,C,2,2,1,"{""eligible"": 1, ""missing_or_invalid_component"": 1}"
2011-10-02,division,D,115,115,30,"{""eligible"": 30, ""missing_or_invalid_component"": 76, ""no_current_annual_filing"": 1, ""nonpositive_cash_generation"": 1, ""repurchases_exceed_fcf"": 4, ""source_quarantined"": 2, ""zero_reported_repurchase"": 1}"
2011-10-02,division,E,38,38,9,"{""eligible"": 9, ""missing_or_invalid_component"": 24, ""nonpositive_cash_generation"": 1, ""repurchases_exceed_fcf"": 2, ""source_quarantined"": 1, ""zero_reported_repurchase"": 1}"
2011-10-02,division,F,7,7,3,"{""eligible"": 3, ""missing_or_invalid_component"": 3, ""repurchases_exceed_fcf"": 1}"
2011-10-02,division,G,22,22,3,"{""eligible"": 3, ""missing_or_invalid_component"": 15, ""repurchases_exceed_fcf"": 2, ""source_quarantined"": 1, ""zero_reported_repurchase"": 1}"
2011-10-02,division,H,35,35,0,"{""financial_division_H"": 35}"
2011-10-02,division,I,37,37,15,"{""eligible"": 15, ""missing_or_invalid_component"": 16, ""repurchases_exceed_fcf"": 5, ""source_quarantined"": 1}"
2012-01-02,all,all,269,269,63,"{""eligible"": 63, ""financial_division_H"": 31, ""missing_or_invalid_component"": 145, ""no_current_annual_filing"": 1, ""nonpositive_cash_generation"": 3, ""repurchases_exceed_fcf"": 18, ""source_quarantined"": 5, ""zero_reported_repurchase"": 3}"
2012-01-02,division,B,15,15,2,"{""eligible"": 2, ""missing_or_invalid_component"": 12, ""nonpositive_cash_generation"": 1}"
2012-01-02,division,C,2,2,1,"{""eligible"": 1, ""missing_or_invalid_component"": 1}"
2012-01-02,division,D,114,114,30,"{""eligible"": 30, ""missing_or_invalid_component"": 72, ""no_current_annual_filing"": 1, ""nonpositive_cash_generation"": 1, ""repurchases_exceed_fcf"": 7, ""source_quarantined"": 2, ""zero_reported_repurchase"": 1}"
2012-01-02,division,E,35,35,7,"{""eligible"": 7, ""missing_or_invalid_component"": 23, ""nonpositive_cash_generation"": 1, ""repurchases_exceed_fcf"": 2, ""source_quarantined"": 1, ""zero_reported_repurchase"": 1}"
2012-01-02,division,F,7,7,3,"{""eligible"": 3, ""missing_or_invalid_component"": 3, ""repurchases_exceed_fcf"": 1}"
2012-01-02,division,G,26,26,4,"{""eligible"": 4, ""missing_or_invalid_component"": 18, ""repurchases_exceed_fcf"": 2, ""source_quarantined"": 1, ""zero_reported_repurchase"": 1}"
2012-01-02,division,H,31,31,0,"{""financial_division_H"": 31}"
2012-01-02,division,I,39,39,16,"{""eligible"": 16, ""missing_or_invalid_component"": 16, ""repurchases_exceed_fcf"": 6, ""source_quarantined"": 1}"
2012-04-02,all,all,285,285,71,"{""eligible"": 71, ""financial_division_H"": 39, ""missing_or_invalid_component"": 139, ""nonpositive_cash_generation"": 7, ""repurchases_exceed_fcf"": 21, ""source_quarantined"": 6, ""zero_reported_repurchase"": 2}"
2012-04-02,division,B,11,11,0,"{""missing_or_invalid_component"": 10, ""source_quarantined"": 1}"
2012-04-02,division,C,2,2,0,"{""missing_or_invalid_component"": 2}"
2012-04-02,division,D,119,119,33,"{""eligible"": 33, ""missing_or_invalid_component"": 71, ""nonpositive_cash_generation"": 4, ""repurchases_exceed_fcf"": 10, ""source_quarantined"": 1}"
2012-04-02,division,E,43,43,11,"{""eligible"": 11, ""missing_or_invalid_component"": 25, ""nonpositive_cash_generation"": 3, ""repurchases_exceed_fcf"": 1, ""source_quarantined"": 3}"
2012-04-02,division,F,7,7,4,"{""eligible"": 4, ""missing_or_invalid_component"": 2, ""repurchases_exceed_fcf"": 1}"
2012-04-02,division,G,25,25,6,"{""eligible"": 6, ""missing_or_invalid_component"": 15, ""repurchases_exceed_fcf"": 2, ""source_quarantined"": 1, ""zero_reported_repurchase"": 1}"
2012-04-02,division,H,39,39,0,"{""financial_division_H"": 39}"
2012-04-02,division,I,39,39,17,"{""eligible"": 17, ""missing_or_invalid_component"": 14, ""repurchases_exceed_fcf"": 7, ""zero_reported_repurchase"": 1}"
2012-07-02,all,all,293,293,70,"{""eligible"": 70, ""financial_division_H"": 42, ""missing_or_invalid_component"": 144, ""nonpositive_cash_generation"": 7, ""repurchases_exceed_fcf"": 22, ""source_quarantined"": 6, ""zero_reported_repurchase"": 2}"
2012-07-02,division,B,10,10,0,"{""missing_or_invalid_component"": 9, ""source_quarantined"": 1}"
2012-07-02,division,C,2,2,0,"{""missing_or_invalid_component"": 2}"
2012-07-02,division,D,124,124,34,"{""eligible"": 34, ""missing_or_invalid_component"": 75, ""nonpositive_cash_generation"": 4, ""repurchases_exceed_fcf"": 10, ""source_quarantined"": 1}"
2012-07-02,division,E,43,43,10,"{""eligible"": 10, ""missing_or_invalid_component"": 26, ""nonpositive_cash_generation"": 3, ""repurchases_exceed_fcf"": 1, ""source_quarantined"": 3}"
2012-07-02,division,F,6,6,4,"{""eligible"": 4, ""missing_or_invalid_component"": 2}"
2012-07-02,division,G,25,25,5,"{""eligible"": 5, ""missing_or_invalid_component"": 15, ""repurchases_exceed_fcf"": 3, ""source_quarantined"": 1, ""zero_reported_repurchase"": 1}"
2012-07-02,division,H,42,42,0,"{""financial_division_H"": 42}"
2012-07-02,division,I,41,41,17,"{""eligible"": 17, ""missing_or_invalid_component"": 15, ""repurchases_exceed_fcf"": 8, ""zero_reported_repurchase"": 1}"
2012-10-02,all,all,317,317,84,"{""eligible"": 84, ""financial_division_H"": 44, ""missing_or_invalid_component"": 153, ""nonpositive_cash_generation"": 7, ""repurchases_exceed_fcf"": 21, ""source_quarantined"": 6, ""zero_reported_repurchase"": 2}"
2012-10-02,division,B,13,13,0,"{""missing_or_invalid_component"": 12, ""source_quarantined"": 1}"
2012-10-02,division,C,2,2,0,"{""missing_or_invalid_component"": 2}"
2012-10-02,division,D,140,140,45,"{""eligible"": 45, ""missing_or_invalid_component"": 79, ""nonpositive_cash_generation"": 4, ""repurchases_exceed_fcf"": 11, ""source_quarantined"": 1}"
2012-10-02,division,E,47,47,12,"{""eligible"": 12, ""missing_or_invalid_component"": 28, ""nonpositive_cash_generation"": 3, ""repurchases_exceed_fcf"": 1, ""source_quarantined"": 3}"
2012-10-02,division,F,8,8,5,"{""eligible"": 5, ""missing_or_invalid_component"": 3}"
2012-10-02,division,G,24,24,5,"{""eligible"": 5, ""missing_or_invalid_component"": 15, ""repurchases_exceed_fcf"": 2, ""source_quarantined"": 1, ""zero_reported_repurchase"": 1}"
2012-10-02,division,H,44,44,0,"{""financial_division_H"": 44}"
2012-10-02,division,I,39,39,17,"{""eligible"": 17, ""missing_or_invalid_component"": 14, ""repurchases_exceed_fcf"": 7, ""zero_reported_repurchase"": 1}"
2013-01-02,all,all,320,320,83,"{""eligible"": 83, ""financial_division_H"": 44, ""missing_or_invalid_component"": 157, ""nonpositive_cash_generation"": 7, ""repurchases_exceed_fcf"": 22, ""source_quarantined"": 5, ""zero_reported_repurchase"": 2}"
2013-01-02,division,B,15,15,1,"{""eligible"": 1, ""missing_or_invalid_component"": 12, ""nonpositive_cash_generation"": 1, ""source_quarantined"": 1}"
2013-01-02,division,C,2,2,0,"{""missing_or_invalid_component"": 2}"
2013-01-02,division,D,136,136,42,"{""eligible"": 42, ""missing_or_invalid_component"": 81, ""nonpositive_cash_generation"": 3, ""repurchases_exceed_fcf"": 9, ""source_quarantined"": 1}"
2013-01-02,division,E,49,49,13,"{""eligible"": 13, ""missing_or_invalid_component"": 28, ""nonpositive_cash_generation"": 3, ""repurchases_exceed_fcf"": 2, ""source_quarantined"": 3}"
2013-01-02,division,F,9,9,4,"{""eligible"": 4, ""missing_or_invalid_component"": 4, ""repurchases_exceed_fcf"": 1}"
2013-01-02,division,G,25,25,6,"{""eligible"": 6, ""missing_or_invalid_component"": 15, ""repurchases_exceed_fcf"": 3, ""zero_reported_repurchase"": 1}"
2013-01-02,division,H,44,44,0,"{""financial_division_H"": 44}"
2013-01-02,division,I,40,40,17,"{""eligible"": 17, ""missing_or_invalid_component"": 15, ""repurchases_exceed_fcf"": 7, ""zero_reported_repurchase"": 1}"
2013-04-02,all,all,310,310,74,"{""eligible"": 74, ""financial_division_H"": 46, ""missing_or_invalid_component"": 161, ""nonpositive_cash_generation"": 8, ""repurchases_exceed_fcf"": 16, ""source_quarantined"": 4, ""zero_reported_repurchase"": 1}"
2013-04-02,division,B,15,15,1,"{""eligible"": 1, ""missing_or_invalid_component"": 11, ""nonpositive_cash_generation"": 3}"
2013-04-02,division,C,2,2,0,"{""missing_or_invalid_component"": 2}"
2013-04-02,division,D,135,135,39,"{""eligible"": 39, ""missing_or_invalid_component"": 86, ""nonpositive_cash_generation"": 1, ""repurchases_exceed_fcf"": 9}"
2013-04-02,division,E,47,47,10,"{""eligible"": 10, ""missing_or_invalid_component"": 29, ""nonpositive_cash_generation"": 3, ""repurchases_exceed_fcf"": 2, ""source_quarantined"": 3}"
2013-04-02,division,F,9,9,4,"{""eligible"": 4, ""missing_or_invalid_component"": 4, ""repurchases_exceed_fcf"": 1}"
2013-04-02,division,G,19,19,4,"{""eligible"": 4, ""missing_or_invalid_component"": 14, ""repurchases_exceed_fcf"": 1}"
2013-04-02,division,H,46,46,0,"{""financial_division_H"": 46}"
2013-04-02,division,I,37,37,16,"{""eligible"": 16, ""missing_or_invalid_component"": 15, ""nonpositive_cash_generation"": 1, ""repurchases_exceed_fcf"": 3, ""source_quarantined"": 1, ""zero_reported_repurchase"": 1}"
2013-07-02,all,all,316,316,73,"{""eligible"": 73, ""financial_division_H"": 47, ""missing_or_invalid_component"": 167, ""nonpositive_cash_generation"": 9, ""repurchases_exceed_fcf"": 15, ""source_quarantined"": 4, ""zero_reported_repurchase"": 1}"
2013-07-02,division,B,16,16,1,"{""eligible"": 1, ""missing_or_invalid_component"": 11, ""nonpositive_cash_generation"": 4}"
2013-07-02,division,C,2,2,0,"{""missing_or_invalid_component"": 2}"
2013-07-02,division,D,133,133,37,"{""eligible"": 37, ""missing_or_invalid_component"": 86, ""nonpositive_cash_generation"": 1, ""repurchases_exceed_fcf"": 9}"
2013-07-02,division,E,48,48,9,"{""eligible"": 9, ""missing_or_invalid_component"": 31, ""nonpositive_cash_generation"": 3, ""repurchases_exceed_fcf"": 2, ""source_quarantined"": 3}"
2013-07-02,division,F,9,9,4,"{""eligible"": 4, ""missing_or_invalid_component"": 4, ""repurchases_exceed_fcf"": 1}"
2013-07-02,division,G,23,23,4,"{""eligible"": 4, ""missing_or_invalid_component"": 18, ""repurchases_exceed_fcf"": 1}"
2013-07-02,division,H,47,47,0,"{""financial_division_H"": 47}"
2013-07-02,division,I,38,38,18,"{""eligible"": 18, ""missing_or_invalid_component"": 15, ""nonpositive_cash_generation"": 1, ""repurchases_exceed_fcf"": 2, ""source_quarantined"": 1, ""zero_reported_repurchase"": 1}"
2013-10-02,all,all,320,320,74,"{""eligible"": 74, ""financial_division_H"": 47, ""missing_or_invalid_component"": 170, ""no_current_annual_filing"": 1, ""nonpositive_cash_generation"": 10, ""repurchases_exceed_fcf"": 12, ""source_quarantined"": 4, ""zero_reported_repurchase"": 2}"
2013-10-02,division,B,17,17,1,"{""eligible"": 1, ""missing_or_invalid_component"": 12, ""nonpositive_cash_generation"": 4}"
2013-10-02,division,C,2,2,0,"{""missing_or_invalid_component"": 2}"
2013-10-02,division,D,137,137,39,"{""eligible"": 39, ""missing_or_invalid_component"": 88, ""nonpositive_cash_generation"": 1, ""repurchases_exceed_fcf"": 7, ""source_quarantined"": 1, ""zero_reported_repurchase"": 1}"
2013-10-02,division,E,50,50,9,"{""eligible"": 9, ""missing_or_invalid_component"": 33, ""nonpositive_cash_generation"": 4, ""repurchases_exceed_fcf"": 2, ""source_quarantined"": 2}"
2013-10-02,division,F,9,9,4,"{""eligible"": 4, ""missing_or_invalid_component"": 4, ""repurchases_exceed_fcf"": 1}"
2013-10-02,division,G,22,22,4,"{""eligible"": 4, ""missing_or_invalid_component"": 16, ""no_current_annual_filing"": 1, ""repurchases_exceed_fcf"": 1}"
2013-10-02,division,H,47,47,0,"{""financial_division_H"": 47}"
2013-10-02,division,I,36,36,17,"{""eligible"": 17, ""missing_or_invalid_component"": 15, ""nonpositive_cash_generation"": 1, ""repurchases_exceed_fcf"": 1, ""source_quarantined"": 1, ""zero_reported_repurchase"": 1}"
2014-01-02,all,all,318,318,72,"{""eligible"": 72, ""financial_division_H"": 46, ""missing_or_invalid_component"": 172, ""no_current_annual_filing"": 2, ""nonpositive_cash_generation"": 10, ""repurchases_exceed_fcf"": 11, ""source_quarantined"": 3, ""zero_reported_repurchase"": 2}"
2014-01-02,division,B,15,15,1,"{""eligible"": 1, ""missing_or_invalid_component"": 11, ""nonpositive_cash_generation"": 3}"
2014-01-02,division,C,2,2,0,"{""missing_or_invalid_component"": 2}"
2014-01-02,division,D,136,136,36,"{""eligible"": 36, ""missing_or_invalid_component"": 90, ""no_current_annual_filing"": 1, ""nonpositive_cash_generation"": 2, ""repurchases_exceed_fcf"": 6, ""zero_reported_repurchase"": 1}"
2014-01-02,division,E,50,50,9,"{""eligible"": 9, ""missing_or_invalid_component"": 33, ""nonpositive_cash_generation"": 4, ""repurchases_exceed_fcf"": 2, ""source_quarantined"": 2}"
2014-01-02,division,F,9,9,5,"{""eligible"": 5, ""missing_or_invalid_component"": 4}"
2014-01-02,division,G,22,22,3,"{""eligible"": 3, ""missing_or_invalid_component"": 16, ""no_current_annual_filing"": 1, ""repurchases_exceed_fcf"": 2}"
2014-01-02,division,H,46,46,0,"{""financial_division_H"": 46}"
2014-01-02,division,I,38,38,18,"{""eligible"": 18, ""missing_or_invalid_component"": 16, ""nonpositive_cash_generation"": 1, ""repurchases_exceed_fcf"": 1, ""source_quarantined"": 1, ""zero_reported_repurchase"": 1}"
2014-04-02,all,all,316,316,87,"{""eligible"": 87, ""financial_division_H"": 43, ""missing_or_invalid_component"": 160, ""nonpositive_cash_generation"": 5, ""repurchases_exceed_fcf"": 12, ""source_quarantined"": 4, ""zero_reported_repurchase"": 5}"
2014-04-02,division,B,17,17,1,"{""eligible"": 1, ""missing_or_invalid_component"": 15, ""zero_reported_repurchase"": 1}"
2014-04-02,division,C,1,1,0,"{""missing_or_invalid_component"": 1}"
2014-04-02,division,D,140,140,49,"{""eligible"": 49, ""missing_or_invalid_component"": 84, ""nonpositive_cash_generation"": 1, ""repurchases_exceed_fcf"": 4, ""zero_reported_repurchase"": 2}"
2014-04-02,division,E,45,45,11,"{""eligible"": 11, ""missing_or_invalid_component"": 28, ""nonpositive_cash_generation"": 4, ""repurchases_exceed_fcf"": 1, ""source_quarantined"": 1}"
2014-04-02,division,F,9,9,5,"{""eligible"": 5, ""missing_or_invalid_component"": 4}"
2014-04-02,division,G,22,22,6,"{""eligible"": 6, ""missing_or_invalid_component"": 11, ""repurchases_exceed_fcf"": 2, ""source_quarantined"": 2, ""zero_reported_repurchase"": 1}"
2014-04-02,division,H,43,43,0,"{""financial_division_H"": 43}"
2014-04-02,division,I,39,39,15,"{""eligible"": 15, ""missing_or_invalid_component"": 17, ""repurchases_exceed_fcf"": 5, ""source_quarantined"": 1, ""zero_reported_repurchase"": 1}"
2014-07-02,all,all,316,315,84,"{""duplicate_share_class"": 1, ""eligible"": 84, ""financial_division_H"": 44, ""missing_or_invalid_component"": 161, ""nonpositive_cash_generation"": 6, ""repurchases_exceed_fcf"": 12, ""source_quarantined"": 3, ""zero_reported_repurchase"": 5}"
2014-07-02,division,B,18,18,2,"{""eligible"": 2, ""missing_or_invalid_component"": 15, ""zero_reported_repurchase"": 1}"
2014-07-02,division,C,1,1,0,"{""missing_or_invalid_component"": 1}"
2014-07-02,division,D,139,139,47,"{""eligible"": 47, ""missing_or_invalid_component"": 85, ""nonpositive_cash_generation"": 1, ""repurchases_exceed_fcf"": 4, ""zero_reported_repurchase"": 2}"
2014-07-02,division,E,45,45,11,"{""eligible"": 11, ""missing_or_invalid_component"": 28, ""nonpositive_cash_generation"": 4, ""repurchases_exceed_fcf"": 1, ""source_quarantined"": 1}"
2014-07-02,division,F,9,9,5,"{""eligible"": 5, ""missing_or_invalid_component"": 4}"
2014-07-02,division,G,22,22,6,"{""eligible"": 6, ""missing_or_invalid_component"": 11, ""nonpositive_cash_generation"": 1, ""repurchases_exceed_fcf"": 2, ""source_quarantined"": 1, ""zero_reported_repurchase"": 1}"
2014-07-02,division,H,44,44,0,"{""financial_division_H"": 44}"
2014-07-02,division,I,38,37,13,"{""duplicate_share_class"": 1, ""eligible"": 13, ""missing_or_invalid_component"": 17, ""repurchases_exceed_fcf"": 5, ""source_quarantined"": 1, ""zero_reported_repurchase"": 1}"
2014-10-02,all,all,318,317,81,"{""duplicate_share_class"": 1, ""eligible"": 81, ""financial_division_H"": 45, ""missing_or_invalid_component"": 165, ""nonpositive_cash_generation"": 4, ""repurchases_exceed_fcf"": 15, ""source_quarantined"": 3, ""zero_reported_repurchase"": 4}"
2014-10-02,division,B,18,18,2,"{""eligible"": 2, ""missing_or_invalid_component"": 16}"
2014-10-02,division,C,1,1,0,"{""missing_or_invalid_component"": 1}"
2014-10-02,division,D,141,141,45,"{""eligible"": 45, ""missing_or_invalid_component"": 87, ""nonpositive_cash_generation"": 1, ""repurchases_exceed_fcf"": 6, ""zero_reported_repurchase"": 2}"
2014-10-02,division,E,44,44,11,"{""eligible"": 11, ""missing_or_invalid_component"": 28, ""nonpositive_cash_generation"": 3, ""repurchases_exceed_fcf"": 1, ""source_quarantined"": 1}"
2014-10-02,division,F,8,8,4,"{""eligible"": 4, ""missing_or_invalid_component"": 4}"
2014-10-02,division,G,22,22,6,"{""eligible"": 6, ""missing_or_invalid_component"": 12, ""repurchases_exceed_fcf"": 2, ""source_quarantined"": 1, ""zero_reported_repurchase"": 1}"
2014-10-02,division,H,45,45,0,"{""financial_division_H"": 45}"
2014-10-02,division,I,39,38,13,"{""duplicate_share_class"": 1, ""eligible"": 13, ""missing_or_invalid_component"": 17, ""repurchases_exceed_fcf"": 6, ""source_quarantined"": 1, ""zero_reported_repurchase"": 1}"
2015-01-02,all,all,311,310,80,"{""duplicate_share_class"": 1, ""eligible"": 80, ""financial_division_H"": 46, ""missing_or_invalid_component"": 157, ""no_current_annual_filing"": 1, ""nonpositive_cash_generation"": 4, ""repurchases_exceed_fcf"": 15, ""source_quarantined"": 4, ""zero_reported_repurchase"": 3}"
2015-01-02,division,B,17,17,2,"{""eligible"": 2, ""missing_or_invalid_component"": 15}"
2015-01-02,division,C,1,1,0,"{""missing_or_invalid_component"": 1}"
2015-01-02,division,D,136,136,43,"{""eligible"": 43, ""missing_or_invalid_component"": 83, ""no_current_annual_filing"": 1, ""nonpositive_cash_generation"": 1, ""repurchases_exceed_fcf"": 7, ""zero_reported_repurchase"": 1}"
2015-01-02,division,E,42,42,11,"{""eligible"": 11, ""missing_or_invalid_component"": 26, ""nonpositive_cash_generation"": 3, ""repurchases_exceed_fcf"": 1, ""source_quarantined"": 1}"
2015-01-02,division,F,8,8,4,"{""eligible"": 4, ""missing_or_invalid_component"": 4}"
2015-01-02,division,G,21,21,6,"{""eligible"": 6, ""missing_or_invalid_component"": 11, ""repurchases_exceed_fcf"": 1, ""source_quarantined"": 2, ""zero_reported_repurchase"": 1}"
2015-01-02,division,H,46,46,0,"{""financial_division_H"": 46}"
2015-01-02,division,I,40,39,14,"{""duplicate_share_class"": 1, ""eligible"": 14, ""missing_or_invalid_component"": 17, ""repurchases_exceed_fcf"": 6, ""source_quarantined"": 1, ""zero_reported_repurchase"": 1}"
2015-04-02,all,all,312,311,65,"{""duplicate_share_class"": 1, ""eligible"": 65, ""financial_division_H"": 48, ""missing_or_invalid_component"": 165, ""nonpositive_cash_generation"": 5, ""repurchases_exceed_fcf"": 19, ""source_quarantined"": 4, ""zero_reported_repurchase"": 5}"
2015-04-02,division,B,16,16,0,"{""missing_or_invalid_component"": 14, ""repurchases_exceed_fcf"": 2}"
2015-04-02,division,C,1,1,0,"{""missing_or_invalid_component"": 1}"
2015-04-02,division,D,130,130,30,"{""eligible"": 30, ""missing_or_invalid_component"": 87, ""nonpositive_cash_generation"": 2, ""repurchases_exceed_fcf"": 9, ""zero_reported_repurchase"": 2}"
2015-04-02,division,E,44,44,10,"{""eligible"": 10, ""missing_or_invalid_component"": 30, ""nonpositive_cash_generation"": 2, ""source_quarantined"": 1, ""zero_reported_repurchase"": 1}"
2015-04-02,division,F,8,8,4,"{""eligible"": 4, ""missing_or_invalid_component"": 4}"
2015-04-02,division,G,24,24,9,"{""eligible"": 9, ""missing_or_invalid_component"": 8, ""repurchases_exceed_fcf"": 3, ""source_quarantined"": 2, ""zero_reported_repurchase"": 2}"
2015-04-02,division,H,48,48,0,"{""financial_division_H"": 48}"
2015-04-02,division,I,41,40,12,"{""duplicate_share_class"": 1, ""eligible"": 12, ""missing_or_invalid_component"": 21, ""nonpositive_cash_generation"": 1, ""repurchases_exceed_fcf"": 5, ""source_quarantined"": 1}"
2015-07-02,all,all,310,309,66,"{""duplicate_share_class"": 1, ""eligible"": 66, ""financial_division_H"": 51, ""missing_or_invalid_component"": 158, ""nonpositive_cash_generation"": 5, ""repurchases_exceed_fcf"": 20, ""source_quarantined"": 4, ""zero_reported_repurchase"": 5}"
2015-07-02,division,B,15,15,0,"{""missing_or_invalid_component"": 13, ""repurchases_exceed_fcf"": 2}"
2015-07-02,division,C,1,1,0,"{""missing_or_invalid_component"": 1}"
2015-07-02,division,D,129,129,31,"{""eligible"": 31, ""missing_or_invalid_component"": 84, ""nonpositive_cash_generation"": 2, ""repurchases_exceed_fcf"": 10, ""zero_reported_repurchase"": 2}"
2015-07-02,division,E,44,44,10,"{""eligible"": 10, ""missing_or_invalid_component"": 30, ""nonpositive_cash_generation"": 2, ""source_quarantined"": 1, ""zero_reported_repurchase"": 1}"
2015-07-02,division,F,8,8,4,"{""eligible"": 4, ""missing_or_invalid_component"": 4}"
2015-07-02,division,G,24,24,9,"{""eligible"": 9, ""missing_or_invalid_component"": 8, ""repurchases_exceed_fcf"": 3, ""source_quarantined"": 2, ""zero_reported_repurchase"": 2}"
2015-07-02,division,H,51,51,0,"{""financial_division_H"": 51}"
2015-07-02,division,I,38,37,12,"{""duplicate_share_class"": 1, ""eligible"": 12, ""missing_or_invalid_component"": 18, ""nonpositive_cash_generation"": 1, ""repurchases_exceed_fcf"": 5, ""source_quarantined"": 1}"
2015-10-02,all,all,301,301,66,"{""eligible"": 66, ""financial_division_H"": 49, ""missing_or_invalid_component"": 151, ""nonpositive_cash_generation"": 6, ""repurchases_exceed_fcf"": 20, ""source_quarantined"": 4, ""zero_reported_repurchase"": 5}"
2015-10-02,division,B,15,15,0,"{""missing_or_invalid_component"": 13, ""repurchases_exceed_fcf"": 2}"
2015-10-02,division,C,1,1,0,"{""missing_or_invalid_component"": 1}"
2015-10-02,division,D,124,124,31,"{""eligible"": 31, ""missing_or_invalid_component"": 77, ""nonpositive_cash_generation"": 2, ""repurchases_exceed_fcf"": 12, ""zero_reported_repurchase"": 2}"
2015-10-02,division,E,44,44,10,"{""eligible"": 10, ""missing_or_invalid_component"": 29, ""nonpositive_cash_generation"": 3, ""source_quarantined"": 1, ""zero_reported_repurchase"": 1}"
2015-10-02,division,F,9,9,5,"{""eligible"": 5, ""missing_or_invalid_component"": 4}"
2015-10-02,division,G,25,25,9,"{""eligible"": 9, ""missing_or_invalid_component"": 9, ""repurchases_exceed_fcf"": 3, ""source_quarantined"": 2, ""zero_reported_repurchase"": 2}"
2015-10-02,division,H,49,49,0,"{""financial_division_H"": 49}"
2015-10-02,division,I,34,34,11,"{""eligible"": 11, ""missing_or_invalid_component"": 18, ""nonpositive_cash_generation"": 1, ""repurchases_exceed_fcf"": 3, ""source_quarantined"": 1}"
2016-01-02,all,all,261,261,57,"{""eligible"": 57, ""financial_division_H"": 48, ""missing_or_invalid_component"": 126, ""nonpositive_cash_generation"": 5, ""repurchases_exceed_fcf"": 17, ""source_quarantined"": 3, ""zero_reported_repurchase"": 5}"
2016-01-02,division,B,13,13,1,"{""eligible"": 1, ""missing_or_invalid_component"": 11, ""repurchases_exceed_fcf"": 1}"
2016-01-02,division,D,109,109,26,"{""eligible"": 26, ""missing_or_invalid_component"": 69, ""nonpositive_cash_generation"": 1, ""repurchases_exceed_fcf"": 11, ""zero_reported_repurchase"": 2}"
2016-01-02,division,E,36,36,9,"{""eligible"": 9, ""missing_or_invalid_component"": 23, ""nonpositive_cash_generation"": 3, ""zero_reported_repurchase"": 1}"
2016-01-02,division,F,5,5,3,"{""eligible"": 3, ""missing_or_invalid_component"": 2}"
2016-01-02,division,G,22,22,7,"{""eligible"": 7, ""missing_or_invalid_component"": 8, ""repurchases_exceed_fcf"": 2, ""source_quarantined"": 3, ""zero_reported_repurchase"": 2}"
2016-01-02,division,H,48,48,0,"{""financial_division_H"": 48}"
2016-01-02,division,I,28,28,11,"{""eligible"": 11, ""missing_or_invalid_component"": 13, ""nonpositive_cash_generation"": 1, ""repurchases_exceed_fcf"": 3}"
2016-04-02,all,all,318,316,71,"{""duplicate_share_class"": 2, ""eligible"": 71, ""financial_division_H"": 58, ""missing_or_invalid_component"": 157, ""nonpositive_cash_generation"": 3, ""repurchases_exceed_fcf"": 23, ""source_quarantined"": 2, ""zero_reported_repurchase"": 2}"
2016-04-02,division,B,15,15,3,"{""eligible"": 3, ""missing_or_invalid_component"": 11, ""repurchases_exceed_fcf"": 1}"
2016-04-02,division,C,1,1,0,"{""missing_or_invalid_component"": 1}"
2016-04-02,division,D,131,129,34,"{""duplicate_share_class"": 2, ""eligible"": 34, ""missing_or_invalid_component"": 77, ""nonpositive_cash_generation"": 1, ""repurchases_exceed_fcf"": 15, ""zero_reported_repurchase"": 2}"
2016-04-02,division,E,42,42,11,"{""eligible"": 11, ""missing_or_invalid_component"": 28, ""nonpositive_cash_generation"": 1, ""repurchases_exceed_fcf"": 2}"
2016-04-02,division,F,8,8,3,"{""eligible"": 3, ""missing_or_invalid_component"": 4, ""repurchases_exceed_fcf"": 1}"
2016-04-02,division,G,25,25,4,"{""eligible"": 4, ""missing_or_invalid_component"": 16, ""repurchases_exceed_fcf"": 3, ""source_quarantined"": 2}"
2016-04-02,division,H,58,58,0,"{""financial_division_H"": 58}"
2016-04-02,division,I,38,38,16,"{""eligible"": 16, ""missing_or_invalid_component"": 20, ""nonpositive_cash_generation"": 1, ""repurchases_exceed_fcf"": 1}"
2016-07-02,all,all,317,316,68,"{""duplicate_share_class"": 1, ""eligible"": 68, ""financial_division_H"": 57, ""missing_or_invalid_component"": 161, ""nonpositive_cash_generation"": 2, ""repurchases_exceed_fcf"": 24, ""source_quarantined"": 2, ""zero_reported_repurchase"": 2}"
2016-07-02,division,B,14,14,3,"{""eligible"": 3, ""missing_or_invalid_component"": 10, ""repurchases_exceed_fcf"": 1}"
2016-07-02,division,C,1,1,0,"{""missing_or_invalid_component"": 1}"
2016-07-02,division,D,129,128,31,"{""duplicate_share_class"": 1, ""eligible"": 31, ""missing_or_invalid_component"": 80, ""repurchases_exceed_fcf"": 15, ""zero_reported_repurchase"": 2}"
2016-07-02,division,E,40,40,11,"{""eligible"": 11, ""missing_or_invalid_component"": 26, ""nonpositive_cash_generation"": 1, ""repurchases_exceed_fcf"": 2}"
2016-07-02,division,F,9,9,3,"{""eligible"": 3, ""missing_or_invalid_component"": 4, ""repurchases_exceed_fcf"": 2}"
2016-07-02,division,G,26,26,4,"{""eligible"": 4, ""missing_or_invalid_component"": 17, ""repurchases_exceed_fcf"": 3, ""source_quarantined"": 2}"
2016-07-02,division,H,57,57,0,"{""financial_division_H"": 57}"
2016-07-02,division,I,41,41,16,"{""eligible"": 16, ""missing_or_invalid_component"": 23, ""nonpositive_cash_generation"": 1, ""repurchases_exceed_fcf"": 1}"
2016-10-02,all,all,321,319,67,"{""duplicate_share_class"": 2, ""eligible"": 67, ""financial_division_H"": 55, ""missing_or_invalid_component"": 166, ""nonpositive_cash_generation"": 2, ""repurchases_exceed_fcf"": 24, ""source_quarantined"": 2, ""zero_reported_repurchase"": 3}"
2016-10-02,division,B,14,14,3,"{""eligible"": 3, ""missing_or_invalid_component"": 10, ""repurchases_exceed_fcf"": 1}"
2016-10-02,division,C,1,1,0,"{""missing_or_invalid_component"": 1}"
2016-10-02,division,D,132,130,31,"{""duplicate_share_class"": 2, ""eligible"": 31, ""missing_or_invalid_component"": 81, ""repurchases_exceed_fcf"": 15, ""zero_reported_repurchase"": 3}"
2016-10-02,division,E,42,42,11,"{""eligible"": 11, ""missing_or_invalid_component"": 28, ""nonpositive_cash_generation"": 1, ""repurchases_exceed_fcf"": 2}"
2016-10-02,division,F,9,9,3,"{""eligible"": 3, ""missing_or_invalid_component"": 4, ""repurchases_exceed_fcf"": 2}"
2016-10-02,division,G,26,26,4,"{""eligible"": 4, ""missing_or_invalid_component"": 17, ""repurchases_exceed_fcf"": 3, ""source_quarantined"": 2}"
2016-10-02,division,H,55,55,0,"{""financial_division_H"": 55}"
2016-10-02,division,I,42,42,15,"{""eligible"": 15, ""missing_or_invalid_component"": 25, ""nonpositive_cash_generation"": 1, ""repurchases_exceed_fcf"": 1}"
2017-01-02,all,all,321,319,64,"{""duplicate_share_class"": 2, ""eligible"": 64, ""financial_division_H"": 57, ""missing_or_invalid_component"": 160, ""no_current_annual_filing"": 4, ""nonpositive_cash_generation"": 2, ""repurchases_exceed_fcf"": 26, ""zero_reported_repurchase"": 6}"
2017-01-02,division,B,13,13,2,"{""eligible"": 2, ""missing_or_invalid_component"": 10, ""repurchases_exceed_fcf"": 1}"
2017-01-02,division,C,1,1,0,"{""missing_or_invalid_component"": 1}"
2017-01-02,division,D,132,130,29,"{""duplicate_share_class"": 2, ""eligible"": 29, ""missing_or_invalid_component"": 76, ""no_current_annual_filing"": 3, ""repurchases_exceed_fcf"": 16, ""zero_reported_repurchase"": 6}"
2017-01-02,division,E,42,42,11,"{""eligible"": 11, ""missing_or_invalid_component"": 28, ""nonpositive_cash_generation"": 1, ""repurchases_exceed_fcf"": 2}"
2017-01-02,division,F,9,9,3,"{""eligible"": 3, ""missing_or_invalid_component"": 2, ""no_current_annual_filing"": 1, ""repurchases_exceed_fcf"": 3}"
2017-01-02,division,G,26,26,4,"{""eligible"": 4, ""missing_or_invalid_component"": 19, ""repurchases_exceed_fcf"": 3}"
2017-01-02,division,H,57,57,0,"{""financial_division_H"": 57}"
2017-01-02,division,I,41,41,15,"{""eligible"": 15, ""missing_or_invalid_component"": 24, ""nonpositive_cash_generation"": 1, ""repurchases_exceed_fcf"": 1}"
2017-04-02,all,all,310,308,68,"{""duplicate_share_class"": 2, ""eligible"": 68, ""financial_division_H"": 52, ""missing_or_invalid_component"": 156, ""no_current_annual_filing"": 5, ""nonpositive_cash_generation"": 2, ""repurchases_exceed_fcf"": 17, ""zero_reported_repurchase"": 8}"
2017-04-02,division,B,11,11,2,"{""eligible"": 2, ""missing_or_invalid_component"": 9}"
2017-04-02,division,C,1,1,0,"{""missing_or_invalid_component"": 1}"
2017-04-02,division,D,131,129,36,"{""duplicate_share_class"": 2, ""eligible"": 36, ""missing_or_invalid_component"": 75, ""no_current_annual_filing"": 3, ""nonpositive_cash_generation"": 1, ""repurchases_exceed_fcf"": 7, ""zero_reported_repurchase"": 7}"
2017-04-02,division,E,39,39,4,"{""eligible"": 4, ""missing_or_invalid_component"": 32, ""repurchases_exceed_fcf"": 2, ""zero_reported_repurchase"": 1}"
2017-04-02,division,F,9,9,3,"{""eligible"": 3, ""missing_or_invalid_component"": 2, ""no_current_annual_filing"": 1, ""repurchases_exceed_fcf"": 3}"
2017-04-02,division,G,23,23,5,"{""eligible"": 5, ""missing_or_invalid_component"": 14, ""repurchases_exceed_fcf"": 4}"
2017-04-02,division,H,52,52,0,"{""financial_division_H"": 52}"
2017-04-02,division,I,44,44,18,"{""eligible"": 18, ""missing_or_invalid_component"": 23, ""no_current_annual_filing"": 1, ""nonpositive_cash_generation"": 1, ""repurchases_exceed_fcf"": 1}"
2017-07-02,all,all,315,313,71,"{""duplicate_share_class"": 2, ""eligible"": 71, ""financial_division_H"": 52, ""missing_or_invalid_component"": 158, ""no_current_annual_filing"": 4, ""nonpositive_cash_generation"": 3, ""repurchases_exceed_fcf"": 16, ""zero_reported_repurchase"": 9}"
2017-07-02,division,B,10,10,2,"{""eligible"": 2, ""missing_or_invalid_component"": 8}"
2017-07-02,division,C,1,1,0,"{""missing_or_invalid_component"": 1}"
2017-07-02,division,D,134,132,36,"{""duplicate_share_class"": 2, ""eligible"": 36, ""missing_or_invalid_component"": 78, ""no_current_annual_filing"": 2, ""nonpositive_cash_generation"": 1, ""repurchases_exceed_fcf"": 7, ""zero_reported_repurchase"": 8}"
2017-07-02,division,E,40,40,5,"{""eligible"": 5, ""missing_or_invalid_component"": 32, ""repurchases_exceed_fcf"": 2, ""zero_reported_repurchase"": 1}"
2017-07-02,division,F,9,9,3,"{""eligible"": 3, ""missing_or_invalid_component"": 3, ""no_current_annual_filing"": 1, ""repurchases_exceed_fcf"": 2}"
2017-07-02,division,G,25,25,6,"{""eligible"": 6, ""missing_or_invalid_component"": 15, ""repurchases_exceed_fcf"": 4}"
2017-07-02,division,H,52,52,0,"{""financial_division_H"": 52}"
2017-07-02,division,I,44,44,19,"{""eligible"": 19, ""missing_or_invalid_component"": 21, ""no_current_annual_filing"": 1, ""nonpositive_cash_generation"": 2, ""repurchases_exceed_fcf"": 1}"
2017-10-02,all,all,317,316,73,"{""duplicate_share_class"": 1, ""eligible"": 73, ""financial_division_H"": 54, ""missing_or_invalid_component"": 160, ""nonpositive_cash_generation"": 3, ""repurchases_exceed_fcf"": 16, ""zero_reported_repurchase"": 10}"
2017-10-02,division,B,9,9,2,"{""eligible"": 2, ""missing_or_invalid_component"": 7}"
2017-10-02,division,C,1,1,0,"{""missing_or_invalid_component"": 1}"
2017-10-02,division,D,134,133,37,"{""duplicate_share_class"": 1, ""eligible"": 37, ""missing_or_invalid_component"": 79, ""nonpositive_cash_generation"": 1, ""repurchases_exceed_fcf"": 7, ""zero_reported_repurchase"": 9}"
2017-10-02,division,E,40,40,6,"{""eligible"": 6, ""missing_or_invalid_component"": 31, ""repurchases_exceed_fcf"": 2, ""zero_reported_repurchase"": 1}"
2017-10-02,division,F,8,8,2,"{""eligible"": 2, ""missing_or_invalid_component"": 4, ""repurchases_exceed_fcf"": 2}"
2017-10-02,division,G,24,24,6,"{""eligible"": 6, ""missing_or_invalid_component"": 15, ""repurchases_exceed_fcf"": 3}"
2017-10-02,division,H,54,54,0,"{""financial_division_H"": 54}"
2017-10-02,division,I,47,47,20,"{""eligible"": 20, ""missing_or_invalid_component"": 23, ""nonpositive_cash_generation"": 2, ""repurchases_exceed_fcf"": 2}"
2018-01-02,all,all,317,316,77,"{""duplicate_share_class"": 1, ""eligible"": 77, ""financial_division_H"": 54, ""missing_or_invalid_component"": 158, ""no_current_annual_filing"": 1, ""nonpositive_cash_generation"": 4, ""repurchases_exceed_fcf"": 15, ""zero_reported_repurchase"": 7}"
2018-01-02,division,B,9,9,2,"{""eligible"": 2, ""missing_or_invalid_component"": 7}"
2018-01-02,division,C,1,1,0,"{""missing_or_invalid_component"": 1}"
2018-01-02,division,D,133,132,41,"{""duplicate_share_class"": 1, ""eligible"": 41, ""missing_or_invalid_component"": 77, ""nonpositive_cash_generation"": 2, ""repurchases_exceed_fcf"": 6, ""zero_reported_repurchase"": 6}"
2018-01-02,division,E,40,40,6,"{""eligible"": 6, ""missing_or_invalid_component"": 30, ""repurchases_exceed_fcf"": 3, ""zero_reported_repurchase"": 1}"
2018-01-02,division,F,8,8,2,"{""eligible"": 2, ""missing_or_invalid_component"": 5, ""repurchases_exceed_fcf"": 1}"
2018-01-02,division,G,24,24,6,"{""eligible"": 6, ""missing_or_invalid_component"": 15, ""repurchases_exceed_fcf"": 3}"
2018-01-02,division,H,54,54,0,"{""financial_division_H"": 54}"
2018-01-02,division,I,48,48,20,"{""eligible"": 20, ""missing_or_invalid_component"": 23, ""no_current_annual_filing"": 1, ""nonpositive_cash_generation"": 2, ""repurchases_exceed_fcf"": 2}"
2018-04-02,all,all,318,317,83,"{""duplicate_share_class"": 1, ""eligible"": 83, ""financial_division_H"": 54, ""missing_or_invalid_component"": 157, ""nonpositive_cash_generation"": 5, ""repurchases_exceed_fcf"": 15, ""zero_reported_repurchase"": 3}"
2018-04-02,division,B,12,12,2,"{""eligible"": 2, ""missing_or_invalid_component"": 9, ""nonpositive_cash_generation"": 1}"
2018-04-02,division,C,1,1,0,"{""missing_or_invalid_component"": 1}"
2018-04-02,division,D,136,135,50,"{""duplicate_share_class"": 1, ""eligible"": 50, ""missing_or_invalid_component"": 76, ""nonpositive_cash_generation"": 2, ""repurchases_exceed_fcf"": 6, ""zero_reported_repurchase"": 1}"
2018-04-02,division,E,39,39,8,"{""eligible"": 8, ""missing_or_invalid_component"": 26, ""nonpositive_cash_generation"": 1, ""repurchases_exceed_fcf"": 3, ""zero_reported_repurchase"": 1}"
2018-04-02,division,F,7,7,3,"{""eligible"": 3, ""missing_or_invalid_component"": 4}"
2018-04-02,division,G,24,24,3,"{""eligible"": 3, ""missing_or_invalid_component"": 19, ""repurchases_exceed_fcf"": 2}"
2018-04-02,division,H,54,54,0,"{""financial_division_H"": 54}"
2018-04-02,division,I,45,45,17,"{""eligible"": 17, ""missing_or_invalid_component"": 22, ""nonpositive_cash_generation"": 1, ""repurchases_exceed_fcf"": 4, ""zero_reported_repurchase"": 1}"
2018-07-02,all,all,317,316,88,"{""duplicate_share_class"": 1, ""eligible"": 88, ""financial_division_H"": 54, ""missing_or_invalid_component"": 151, ""nonpositive_cash_generation"": 6, ""repurchases_exceed_fcf"": 14, ""zero_reported_repurchase"": 3}"
2018-07-02,division,B,12,12,2,"{""eligible"": 2, ""missing_or_invalid_component"": 9, ""nonpositive_cash_generation"": 1}"
2018-07-02,division,C,1,1,0,"{""missing_or_invalid_component"": 1}"
2018-07-02,division,D,133,132,51,"{""duplicate_share_class"": 1, ""eligible"": 51, ""missing_or_invalid_component"": 71, ""nonpositive_cash_generation"": 3, ""repurchases_exceed_fcf"": 5, ""zero_reported_repurchase"": 2}"
2018-07-02,division,E,38,38,8,"{""eligible"": 8, ""missing_or_invalid_component"": 25, ""nonpositive_cash_generation"": 1, ""repurchases_exceed_fcf"": 3, ""zero_reported_repurchase"": 1}"
2018-07-02,division,F,7,7,3,"{""eligible"": 3, ""missing_or_invalid_component"": 4}"
2018-07-02,division,G,24,24,3,"{""eligible"": 3, ""missing_or_invalid_component"": 19, ""repurchases_exceed_fcf"": 2}"
2018-07-02,division,H,54,54,0,"{""financial_division_H"": 54}"
2018-07-02,division,I,48,48,21,"{""eligible"": 21, ""missing_or_invalid_component"": 22, ""nonpositive_cash_generation"": 1, ""repurchases_exceed_fcf"": 4}"
2018-10-02,all,all,318,317,93,"{""duplicate_share_class"": 1, ""eligible"": 93, ""financial_division_H"": 54, ""missing_or_invalid_component"": 150, ""nonpositive_cash_generation"": 6, ""repurchases_exceed_fcf"": 12, ""zero_reported_repurchase"": 2}"
2018-10-02,division,B,12,12,2,"{""eligible"": 2, ""missing_or_invalid_component"": 9, ""nonpositive_cash_generation"": 1}"
2018-10-02,division,C,1,1,0,"{""missing_or_invalid_component"": 1}"
2018-10-02,division,D,134,133,52,"{""duplicate_share_class"": 1, ""eligible"": 52, ""missing_or_invalid_component"": 74, ""nonpositive_cash_generation"": 3, ""repurchases_exceed_fcf"": 3, ""zero_reported_repurchase"": 1}"
2018-10-02,division,E,39,39,8,"{""eligible"": 8, ""missing_or_invalid_component"": 26, ""nonpositive_cash_generation"": 1, ""repurchases_exceed_fcf"": 3, ""zero_reported_repurchase"": 1}"
2018-10-02,division,F,7,7,4,"{""eligible"": 4, ""missing_or_invalid_component"": 3}"
2018-10-02,division,G,23,23,3,"{""eligible"": 3, ""missing_or_invalid_component"": 18, ""repurchases_exceed_fcf"": 2}"
2018-10-02,division,H,54,54,0,"{""financial_division_H"": 54}"
2018-10-02,division,I,48,48,24,"{""eligible"": 24, ""missing_or_invalid_component"": 19, ""nonpositive_cash_generation"": 1, ""repurchases_exceed_fcf"": 4}"
2019-01-02,all,all,324,323,96,"{""duplicate_share_class"": 1, ""eligible"": 96, ""financial_division_H"": 56, ""missing_or_invalid_component"": 154, ""nonpositive_cash_generation"": 3, ""repurchases_exceed_fcf"": 10, ""zero_reported_repurchase"": 4}"
2019-01-02,division,B,13,13,2,"{""eligible"": 2, ""missing_or_invalid_component"": 11}"
2019-01-02,division,C,2,2,1,"{""eligible"": 1, ""missing_or_invalid_component"": 1}"
2019-01-02,division,D,134,133,52,"{""duplicate_share_class"": 1, ""eligible"": 52, ""missing_or_invalid_component"": 73, ""nonpositive_cash_generation"": 2, ""repurchases_exceed_fcf"": 3, ""zero_reported_repurchase"": 3}"
2019-01-02,division,E,39,39,8,"{""eligible"": 8, ""missing_or_invalid_component"": 27, ""nonpositive_cash_generation"": 1, ""repurchases_exceed_fcf"": 2, ""zero_reported_repurchase"": 1}"
2019-01-02,division,F,7,7,4,"{""eligible"": 4, ""missing_or_invalid_component"": 3}"
2019-01-02,division,G,25,25,5,"{""eligible"": 5, ""missing_or_invalid_component"": 18, ""repurchases_exceed_fcf"": 2}"
2019-01-02,division,H,56,56,0,"{""financial_division_H"": 56}"
2019-01-02,division,I,48,48,24,"{""eligible"": 24, ""missing_or_invalid_component"": 21, ""repurchases_exceed_fcf"": 3}"
2019-04-02,all,all,315,314,90,"{""duplicate_share_class"": 1, ""eligible"": 90, ""financial_division_H"": 52, ""missing_or_invalid_component"": 141, ""nonpositive_cash_generation"": 6, ""repurchases_exceed_fcf"": 21, ""zero_reported_repurchase"": 4}"
2019-04-02,division,B,10,10,2,"{""eligible"": 2, ""missing_or_invalid_component"": 8}"
2019-04-02,division,C,3,3,0,"{""missing_or_invalid_component"": 1, ""nonpositive_cash_generation"": 1, ""repurchases_exceed_fcf"": 1}"
2019-04-02,division,D,136,135,48,"{""duplicate_share_class"": 1, ""eligible"": 48, ""missing_or_invalid_component"": 73, ""nonpositive_cash_generation"": 3, ""repurchases_exceed_fcf"": 8, ""zero_reported_repurchase"": 3}"
2019-04-02,division,E,34,34,8,"{""eligible"": 8, ""missing_or_invalid_component"": 22, ""nonpositive_cash_generation"": 1, ""repurchases_exceed_fcf"": 3}"
2019-04-02,division,F,7,7,5,"{""eligible"": 5, ""missing_or_invalid_component"": 2}"
2019-04-02,division,G,25,25,4,"{""eligible"": 4, ""missing_or_invalid_component"": 18, ""repurchases_exceed_fcf"": 2, ""zero_reported_repurchase"": 1}"
2019-04-02,division,H,52,52,0,"{""financial_division_H"": 52}"
2019-04-02,division,I,48,48,23,"{""eligible"": 23, ""missing_or_invalid_component"": 17, ""nonpositive_cash_generation"": 1, ""repurchases_exceed_fcf"": 7}"
2019-07-02,all,all,318,317,87,"{""duplicate_share_class"": 1, ""eligible"": 87, ""financial_division_H"": 54, ""missing_or_invalid_component"": 145, ""nonpositive_cash_generation"": 5, ""repurchases_exceed_fcf"": 22, ""zero_reported_repurchase"": 4}"
2019-07-02,division,B,11,11,2,"{""eligible"": 2, ""missing_or_invalid_component"": 9}"
2019-07-02,division,C,2,2,0,"{""missing_or_invalid_component"": 1, ""repurchases_exceed_fcf"": 1}"
2019-07-02,division,D,136,135,46,"{""duplicate_share_class"": 1, ""eligible"": 46, ""missing_or_invalid_component"": 75, ""nonpositive_cash_generation"": 3, ""repurchases_exceed_fcf"": 8, ""zero_reported_repurchase"": 3}"
2019-07-02,division,E,34,34,8,"{""eligible"": 8, ""missing_or_invalid_component"": 22, ""nonpositive_cash_generation"": 1, ""repurchases_exceed_fcf"": 3}"
2019-07-02,division,F,7,7,5,"{""eligible"": 5, ""missing_or_invalid_component"": 2}"
2019-07-02,division,G,25,25,4,"{""eligible"": 4, ""missing_or_invalid_component"": 18, ""repurchases_exceed_fcf"": 2, ""zero_reported_repurchase"": 1}"
2019-07-02,division,H,54,54,0,"{""financial_division_H"": 54}"
2019-07-02,division,I,49,49,22,"{""eligible"": 22, ""missing_or_invalid_component"": 18, ""nonpositive_cash_generation"": 1, ""repurchases_exceed_fcf"": 8}"
2019-10-02,all,all,320,319,89,"{""duplicate_share_class"": 1, ""eligible"": 89, ""financial_division_H"": 55, ""missing_or_invalid_component"": 140, ""nonpositive_cash_generation"": 6, ""repurchases_exceed_fcf"": 25, ""zero_reported_repurchase"": 4}"
2019-10-02,division,B,11,11,2,"{""eligible"": 2, ""missing_or_invalid_component"": 9}"
2019-10-02,division,C,2,2,0,"{""missing_or_invalid_component"": 1, ""repurchases_exceed_fcf"": 1}"
2019-10-02,division,D,135,134,47,"{""duplicate_share_class"": 1, ""eligible"": 47, ""missing_or_invalid_component"": 71, ""nonpositive_cash_generation"": 3, ""repurchases_exceed_fcf"": 10, ""zero_reported_repurchase"": 3}"
2019-10-02,division,E,36,36,8,"{""eligible"": 8, ""missing_or_invalid_component"": 22, ""nonpositive_cash_generation"": 2, ""repurchases_exceed_fcf"": 4}"
2019-10-02,division,F,6,6,4,"{""eligible"": 4, ""missing_or_invalid_component"": 2}"
2019-10-02,division,G,25,25,5,"{""eligible"": 5, ""missing_or_invalid_component"": 17, ""repurchases_exceed_fcf"": 2, ""zero_reported_repurchase"": 1}"
2019-10-02,division,H,55,55,0,"{""financial_division_H"": 55}"
2019-10-02,division,I,50,50,23,"{""eligible"": 23, ""missing_or_invalid_component"": 18, ""nonpositive_cash_generation"": 1, ""repurchases_exceed_fcf"": 8}"
2020-01-02,all,all,321,320,91,"{""duplicate_share_class"": 1, ""eligible"": 91, ""financial_division_H"": 52, ""missing_or_invalid_component"": 139, ""nonpositive_cash_generation"": 6, ""repurchases_exceed_fcf"": 27, ""zero_reported_repurchase"": 5}"
2020-01-02,division,B,10,10,2,"{""eligible"": 2, ""missing_or_invalid_component"": 8}"
2020-01-02,division,C,2,2,0,"{""missing_or_invalid_component"": 1, ""repurchases_exceed_fcf"": 1}"
2020-01-02,division,D,136,135,49,"{""duplicate_share_class"": 1, ""eligible"": 49, ""missing_or_invalid_component"": 70, ""nonpositive_cash_generation"": 3, ""repurchases_exceed_fcf"": 10, ""zero_reported_repurchase"": 3}"
2020-01-02,division,E,39,39,9,"{""eligible"": 9, ""missing_or_invalid_component"": 23, ""nonpositive_cash_generation"": 2, ""repurchases_exceed_fcf"": 5}"
2020-01-02,division,F,7,7,4,"{""eligible"": 4, ""missing_or_invalid_component"": 3}"
2020-01-02,division,G,25,25,3,"{""eligible"": 3, ""missing_or_invalid_component"": 17, ""repurchases_exceed_fcf"": 4, ""zero_reported_repurchase"": 1}"
2020-01-02,division,H,52,52,0,"{""financial_division_H"": 52}"
2020-01-02,division,I,50,50,24,"{""eligible"": 24, ""missing_or_invalid_component"": 17, ""nonpositive_cash_generation"": 1, ""repurchases_exceed_fcf"": 7, ""zero_reported_repurchase"": 1}"
2020-04-02,all,all,333,333,98,"{""eligible"": 98, ""financial_division_H"": 56, ""missing_or_invalid_component"": 140, ""nonpositive_cash_generation"": 4, ""repurchases_exceed_fcf"": 24, ""zero_reported_repurchase"": 11}"
2020-04-02,division,B,12,12,3,"{""eligible"": 3, ""missing_or_invalid_component"": 9}"
2020-04-02,division,C,2,2,1,"{""eligible"": 1, ""missing_or_invalid_component"": 1}"
2020-04-02,division,D,132,132,53,"{""eligible"": 53, ""missing_or_invalid_component"": 67, ""nonpositive_cash_generation"": 2, ""repurchases_exceed_fcf"": 4, ""zero_reported_repurchase"": 6}"
2020-04-02,division,E,42,42,9,"{""eligible"": 9, ""missing_or_invalid_component"": 21, ""nonpositive_cash_generation"": 1, ""repurchases_exceed_fcf"": 10, ""zero_reported_repurchase"": 1}"
2020-04-02,division,F,7,7,4,"{""eligible"": 4, ""missing_or_invalid_component"": 3}"
2020-04-02,division,G,29,29,4,"{""eligible"": 4, ""missing_or_invalid_component"": 19, ""repurchases_exceed_fcf"": 4, ""zero_reported_repurchase"": 2}"
2020-04-02,division,H,56,56,0,"{""financial_division_H"": 56}"
2020-04-02,division,I,53,53,24,"{""eligible"": 24, ""missing_or_invalid_component"": 20, ""nonpositive_cash_generation"": 1, ""repurchases_exceed_fcf"": 6, ""zero_reported_repurchase"": 2}"
2020-07-02,all,all,340,339,100,"{""duplicate_share_class"": 1, ""eligible"": 100, ""financial_division_H"": 55, ""missing_or_invalid_component"": 143, ""nonpositive_cash_generation"": 5, ""repurchases_exceed_fcf"": 24, ""zero_reported_repurchase"": 12}"
2020-07-02,division,B,11,11,3,"{""eligible"": 3, ""missing_or_invalid_component"": 8}"
2020-07-02,division,C,2,2,1,"{""eligible"": 1, ""missing_or_invalid_component"": 1}"
2020-07-02,division,D,138,138,55,"{""eligible"": 55, ""missing_or_invalid_component"": 70, ""nonpositive_cash_generation"": 3, ""repurchases_exceed_fcf"": 4, ""zero_reported_repurchase"": 6}"
2020-07-02,division,E,44,43,9,"{""duplicate_share_class"": 1, ""eligible"": 9, ""missing_or_invalid_component"": 22, ""nonpositive_cash_generation"": 1, ""repurchases_exceed_fcf"": 10, ""zero_reported_repurchase"": 1}"
2020-07-02,division,F,7,7,4,"{""eligible"": 4, ""missing_or_invalid_component"": 3}"
2020-07-02,division,G,27,27,4,"{""eligible"": 4, ""missing_or_invalid_component"": 17, ""repurchases_exceed_fcf"": 4, ""zero_reported_repurchase"": 2}"
2020-07-02,division,H,55,55,0,"{""financial_division_H"": 55}"
2020-07-02,division,I,56,56,24,"{""eligible"": 24, ""missing_or_invalid_component"": 22, ""nonpositive_cash_generation"": 1, ""repurchases_exceed_fcf"": 6, ""zero_reported_repurchase"": 3}"
2020-10-02,all,all,344,343,101,"{""duplicate_share_class"": 1, ""eligible"": 101, ""financial_division_H"": 55, ""missing_or_invalid_component"": 145, ""nonpositive_cash_generation"": 5, ""repurchases_exceed_fcf"": 24, ""zero_reported_repurchase"": 13}"
2020-10-02,division,B,11,11,3,"{""eligible"": 3, ""missing_or_invalid_component"": 8}"
2020-10-02,division,C,2,2,1,"{""eligible"": 1, ""missing_or_invalid_component"": 1}"
2020-10-02,division,D,141,141,56,"{""eligible"": 56, ""missing_or_invalid_component"": 71, ""nonpositive_cash_generation"": 3, ""repurchases_exceed_fcf"": 4, ""zero_reported_repurchase"": 7}"
2020-10-02,division,E,44,43,9,"{""duplicate_share_class"": 1, ""eligible"": 9, ""missing_or_invalid_component"": 22, ""nonpositive_cash_generation"": 1, ""repurchases_exceed_fcf"": 10, ""zero_reported_repurchase"": 1}"
2020-10-02,division,F,7,7,3,"{""eligible"": 3, ""missing_or_invalid_component"": 4}"
2020-10-02,division,G,26,26,4,"{""eligible"": 4, ""missing_or_invalid_component"": 16, ""repurchases_exceed_fcf"": 4, ""zero_reported_repurchase"": 2}"
2020-10-02,division,H,55,55,0,"{""financial_division_H"": 55}"
2020-10-02,division,I,58,58,25,"{""eligible"": 25, ""missing_or_invalid_component"": 23, ""nonpositive_cash_generation"": 1, ""repurchases_exceed_fcf"": 6, ""zero_reported_repurchase"": 3}"
2021-01-02,all,all,343,342,103,"{""duplicate_share_class"": 1, ""eligible"": 103, ""financial_division_H"": 55, ""missing_or_invalid_component"": 146, ""nonpositive_cash_generation"": 5, ""repurchases_exceed_fcf"": 22, ""zero_reported_repurchase"": 11}"
2021-01-02,division,B,11,11,3,"{""eligible"": 3, ""missing_or_invalid_component"": 8}"
2021-01-02,division,C,2,2,1,"{""eligible"": 1, ""missing_or_invalid_component"": 1}"
2021-01-02,division,D,140,140,56,"{""eligible"": 56, ""missing_or_invalid_component"": 72, ""nonpositive_cash_generation"": 3, ""repurchases_exceed_fcf"": 4, ""zero_reported_repurchase"": 5}"
2021-01-02,division,E,43,42,9,"{""duplicate_share_class"": 1, ""eligible"": 9, ""missing_or_invalid_component"": 21, ""nonpositive_cash_generation"": 1, ""repurchases_exceed_fcf"": 10, ""zero_reported_repurchase"": 1}"
2021-01-02,division,F,7,7,4,"{""eligible"": 4, ""missing_or_invalid_component"": 3}"
2021-01-02,division,G,27,27,5,"{""eligible"": 5, ""missing_or_invalid_component"": 18, ""repurchases_exceed_fcf"": 2, ""zero_reported_repurchase"": 2}"
2021-01-02,division,H,55,55,0,"{""financial_division_H"": 55}"
2021-01-02,division,I,58,58,25,"{""eligible"": 25, ""missing_or_invalid_component"": 23, ""nonpositive_cash_generation"": 1, ""repurchases_exceed_fcf"": 6, ""zero_reported_repurchase"": 3}"
2021-04-02,all,all,337,336,111,"{""duplicate_share_class"": 1, ""eligible"": 111, ""financial_division_H"": 54, ""missing_or_invalid_component"": 142, ""nonpositive_cash_generation"": 8, ""repurchases_exceed_fcf"": 8, ""zero_reported_repurchase"": 13}"
2021-04-02,division,B,8,8,2,"{""eligible"": 2, ""missing_or_invalid_component"": 6}"
2021-04-02,division,C,2,2,1,"{""eligible"": 1, ""missing_or_invalid_component"": 1}"
2021-04-02,division,D,145,145,60,"{""eligible"": 60, ""missing_or_invalid_component"": 70, ""nonpositive_cash_generation"": 3, ""repurchases_exceed_fcf"": 3, ""zero_reported_repurchase"": 9}"
2021-04-02,division,E,41,40,11,"{""duplicate_share_class"": 1, ""eligible"": 11, ""missing_or_invalid_component"": 23, ""nonpositive_cash_generation"": 4, ""repurchases_exceed_fcf"": 1, ""zero_reported_repurchase"": 1}"
2021-04-02,division,F,6,6,3,"{""eligible"": 3, ""missing_or_invalid_component"": 3}"
2021-04-02,division,G,26,26,7,"{""eligible"": 7, ""missing_or_invalid_component"": 19}"
2021-04-02,division,H,54,54,0,"{""financial_division_H"": 54}"
2021-04-02,division,I,55,55,27,"{""eligible"": 27, ""missing_or_invalid_component"": 20, ""nonpositive_cash_generation"": 1, ""repurchases_exceed_fcf"": 4, ""zero_reported_repurchase"": 3}"
2021-07-02,all,all,334,333,111,"{""duplicate_share_class"": 1, ""eligible"": 111, ""financial_division_H"": 55, ""missing_or_invalid_component"": 138, ""nonpositive_cash_generation"": 8, ""repurchases_exceed_fcf"": 8, ""zero_reported_repurchase"": 13}"
2021-07-02,division,B,8,8,2,"{""eligible"": 2, ""missing_or_invalid_component"": 6}"
2021-07-02,division,C,2,2,1,"{""eligible"": 1, ""missing_or_invalid_component"": 1}"
2021-07-02,division,D,143,143,61,"{""eligible"": 61, ""missing_or_invalid_component"": 67, ""nonpositive_cash_generation"": 3, ""repurchases_exceed_fcf"": 3, ""zero_reported_repurchase"": 9}"
2021-07-02,division,E,41,40,11,"{""duplicate_share_class"": 1, ""eligible"": 11, ""missing_or_invalid_component"": 23, ""nonpositive_cash_generation"": 4, ""repurchases_exceed_fcf"": 1, ""zero_reported_repurchase"": 1}"
2021-07-02,division,F,5,5,2,"{""eligible"": 2, ""missing_or_invalid_component"": 3}"
2021-07-02,division,G,25,25,7,"{""eligible"": 7, ""missing_or_invalid_component"": 18}"
2021-07-02,division,H,55,55,0,"{""financial_division_H"": 55}"
2021-07-02,division,I,55,55,27,"{""eligible"": 27, ""missing_or_invalid_component"": 20, ""nonpositive_cash_generation"": 1, ""repurchases_exceed_fcf"": 4, ""zero_reported_repurchase"": 3}"
2021-10-02,all,all,331,330,114,"{""duplicate_share_class"": 1, ""eligible"": 114, ""financial_division_H"": 55, ""missing_or_invalid_component"": 134, ""nonpositive_cash_generation"": 8, ""repurchases_exceed_fcf"": 7, ""zero_reported_repurchase"": 12}"
2021-10-02,division,B,7,7,2,"{""eligible"": 2, ""missing_or_invalid_component"": 5}"
2021-10-02,division,C,2,2,1,"{""eligible"": 1, ""missing_or_invalid_component"": 1}"
2021-10-02,division,D,140,140,62,"{""eligible"": 62, ""missing_or_invalid_component"": 65, ""nonpositive_cash_generation"": 3, ""repurchases_exceed_fcf"": 2, ""zero_reported_repurchase"": 8}"
2021-10-02,division,E,41,40,11,"{""duplicate_share_class"": 1, ""eligible"": 11, ""missing_or_invalid_component"": 23, ""nonpositive_cash_generation"": 4, ""repurchases_exceed_fcf"": 1, ""zero_reported_repurchase"": 1}"
2021-10-02,division,F,6,6,3,"{""eligible"": 3, ""missing_or_invalid_component"": 3}"
2021-10-02,division,G,25,25,7,"{""eligible"": 7, ""missing_or_invalid_component"": 18}"
2021-10-02,division,H,55,55,0,"{""financial_division_H"": 55}"
2021-10-02,division,I,55,55,28,"{""eligible"": 28, ""missing_or_invalid_component"": 19, ""nonpositive_cash_generation"": 1, ""repurchases_exceed_fcf"": 4, ""zero_reported_repurchase"": 3}"
2022-01-02,all,all,330,329,115,"{""duplicate_share_class"": 1, ""eligible"": 115, ""financial_division_H"": 54, ""missing_or_invalid_component"": 134, ""nonpositive_cash_generation"": 8, ""repurchases_exceed_fcf"": 7, ""zero_reported_repurchase"": 11}"
2022-01-02,division,B,8,8,2,"{""eligible"": 2, ""missing_or_invalid_component"": 6}"
2022-01-02,division,C,2,2,1,"{""eligible"": 1, ""missing_or_invalid_component"": 1}"
2022-01-02,division,D,138,138,62,"{""eligible"": 62, ""missing_or_invalid_component"": 63, ""nonpositive_cash_generation"": 3, ""repurchases_exceed_fcf"": 2, ""zero_reported_repurchase"": 8}"
2022-01-02,division,E,40,39,11,"{""duplicate_share_class"": 1, ""eligible"": 11, ""missing_or_invalid_component"": 22, ""nonpositive_cash_generation"": 4, ""repurchases_exceed_fcf"": 1, ""zero_reported_repurchase"": 1}"
2022-01-02,division,F,7,7,3,"{""eligible"": 3, ""missing_or_invalid_component"": 4}"
2022-01-02,division,G,25,25,7,"{""eligible"": 7, ""missing_or_invalid_component"": 18}"
2022-01-02,division,H,54,54,0,"{""financial_division_H"": 54}"
2022-01-02,division,I,56,56,29,"{""eligible"": 29, ""missing_or_invalid_component"": 20, ""nonpositive_cash_generation"": 1, ""repurchases_exceed_fcf"": 4, ""zero_reported_repurchase"": 2}"
2022-04-02,all,all,349,348,110,"{""duplicate_share_class"": 1, ""eligible"": 110, ""financial_division_H"": 60, ""missing_or_invalid_component"": 138, ""nonpositive_cash_generation"": 3, ""repurchases_exceed_fcf"": 22, ""zero_reported_repurchase"": 15}"
2022-04-02,division,B,11,11,1,"{""eligible"": 1, ""missing_or_invalid_component"": 9, ""zero_reported_repurchase"": 1}"
2022-04-02,division,C,3,3,2,"{""eligible"": 2, ""missing_or_invalid_component"": 1}"
2022-04-02,division,D,146,146,66,"{""eligible"": 66, ""missing_or_invalid_component"": 66, ""repurchases_exceed_fcf"": 9, ""zero_reported_repurchase"": 5}"
2022-04-02,division,E,40,39,9,"{""duplicate_share_class"": 1, ""eligible"": 9, ""missing_or_invalid_component"": 20, ""nonpositive_cash_generation"": 2, ""repurchases_exceed_fcf"": 5, ""zero_reported_repurchase"": 3}"
2022-04-02,division,F,8,8,2,"{""eligible"": 2, ""missing_or_invalid_component"": 5, ""repurchases_exceed_fcf"": 1}"
2022-04-02,division,G,25,25,5,"{""eligible"": 5, ""missing_or_invalid_component"": 18, ""repurchases_exceed_fcf"": 1, ""zero_reported_repurchase"": 1}"
2022-04-02,division,H,60,60,0,"{""financial_division_H"": 60}"
2022-04-02,division,I,56,56,25,"{""eligible"": 25, ""missing_or_invalid_component"": 19, ""nonpositive_cash_generation"": 1, ""repurchases_exceed_fcf"": 6, ""zero_reported_repurchase"": 5}"
2022-07-02,all,all,353,352,109,"{""duplicate_share_class"": 1, ""eligible"": 109, ""financial_division_H"": 62, ""missing_or_invalid_component"": 141, ""nonpositive_cash_generation"": 3, ""repurchases_exceed_fcf"": 22, ""zero_reported_repurchase"": 15}"
2022-07-02,division,B,11,11,1,"{""eligible"": 1, ""missing_or_invalid_component"": 9, ""zero_reported_repurchase"": 1}"
2022-07-02,division,C,3,3,2,"{""eligible"": 2, ""missing_or_invalid_component"": 1}"
2022-07-02,division,D,147,147,63,"{""eligible"": 63, ""missing_or_invalid_component"": 69, ""repurchases_exceed_fcf"": 9, ""zero_reported_repurchase"": 6}"
2022-07-02,division,E,39,39,9,"{""eligible"": 9, ""missing_or_invalid_component"": 20, ""nonpositive_cash_generation"": 2, ""repurchases_exceed_fcf"": 5, ""zero_reported_repurchase"": 3}"
2022-07-02,division,F,9,9,3,"{""eligible"": 3, ""missing_or_invalid_component"": 5, ""repurchases_exceed_fcf"": 1}"
2022-07-02,division,G,25,25,5,"{""eligible"": 5, ""missing_or_invalid_component"": 18, ""repurchases_exceed_fcf"": 1, ""zero_reported_repurchase"": 1}"
2022-07-02,division,H,62,62,0,"{""financial_division_H"": 62}"
2022-07-02,division,I,57,56,26,"{""duplicate_share_class"": 1, ""eligible"": 26, ""missing_or_invalid_component"": 19, ""nonpositive_cash_generation"": 1, ""repurchases_exceed_fcf"": 6, ""zero_reported_repurchase"": 4}"
2022-10-02,all,all,345,344,107,"{""duplicate_share_class"": 1, ""eligible"": 107, ""financial_division_H"": 59, ""missing_or_invalid_component"": 139, ""nonpositive_cash_generation"": 3, ""repurchases_exceed_fcf"": 23, ""zero_reported_repurchase"": 13}"
2022-10-02,division,B,11,11,1,"{""eligible"": 1, ""missing_or_invalid_component"": 9, ""zero_reported_repurchase"": 1}"
2022-10-02,division,C,2,2,2,"{""eligible"": 2}"
2022-10-02,division,D,145,145,62,"{""eligible"": 62, ""missing_or_invalid_component"": 67, ""repurchases_exceed_fcf"": 10, ""zero_reported_repurchase"": 6}"
2022-10-02,division,E,39,39,9,"{""eligible"": 9, ""missing_or_invalid_component"": 20, ""nonpositive_cash_generation"": 2, ""repurchases_exceed_fcf"": 5, ""zero_reported_repurchase"": 3}"
2022-10-02,division,F,7,7,2,"{""eligible"": 2, ""missing_or_invalid_component"": 4, ""repurchases_exceed_fcf"": 1}"
2022-10-02,division,G,26,26,5,"{""eligible"": 5, ""missing_or_invalid_component"": 19, ""repurchases_exceed_fcf"": 1, ""zero_reported_repurchase"": 1}"
2022-10-02,division,H,59,59,0,"{""financial_division_H"": 59}"
2022-10-02,division,I,56,55,26,"{""duplicate_share_class"": 1, ""eligible"": 26, ""missing_or_invalid_component"": 20, ""nonpositive_cash_generation"": 1, ""repurchases_exceed_fcf"": 6, ""zero_reported_repurchase"": 2}"
2023-01-02,all,all,345,344,105,"{""duplicate_share_class"": 1, ""eligible"": 105, ""financial_division_H"": 59, ""missing_or_invalid_component"": 139, ""nonpositive_cash_generation"": 3, ""repurchases_exceed_fcf"": 25, ""zero_reported_repurchase"": 13}"
2023-01-02,division,B,12,12,2,"{""eligible"": 2, ""missing_or_invalid_component"": 9, ""zero_reported_repurchase"": 1}"
2023-01-02,division,C,2,2,2,"{""eligible"": 2}"
2023-01-02,division,D,144,144,58,"{""eligible"": 58, ""missing_or_invalid_component"": 68, ""repurchases_exceed_fcf"": 12, ""zero_reported_repurchase"": 6}"
2023-01-02,division,E,39,39,9,"{""eligible"": 9, ""missing_or_invalid_component"": 20, ""nonpositive_cash_generation"": 2, ""repurchases_exceed_fcf"": 5, ""zero_reported_repurchase"": 3}"
2023-01-02,division,F,7,7,3,"{""eligible"": 3, ""missing_or_invalid_component"": 3, ""repurchases_exceed_fcf"": 1}"
2023-01-02,division,G,26,26,5,"{""eligible"": 5, ""missing_or_invalid_component"": 19, ""repurchases_exceed_fcf"": 1, ""zero_reported_repurchase"": 1}"
2023-01-02,division,H,59,59,0,"{""financial_division_H"": 59}"
2023-01-02,division,I,56,55,26,"{""duplicate_share_class"": 1, ""eligible"": 26, ""missing_or_invalid_component"": 20, ""nonpositive_cash_generation"": 1, ""repurchases_exceed_fcf"": 6, ""zero_reported_repurchase"": 2}"
2023-04-02,all,all,342,341,102,"{""duplicate_share_class"": 1, ""eligible"": 102, ""financial_division_H"": 57, ""missing_or_invalid_component"": 128, ""nonpositive_cash_generation"": 8, ""repurchases_exceed_fcf"": 38, ""zero_reported_repurchase"": 8}"
2023-04-02,division,B,11,11,3,"{""eligible"": 3, ""missing_or_invalid_component"": 7, ""zero_reported_repurchase"": 1}"
2023-04-02,division,C,2,2,1,"{""eligible"": 1, ""repurchases_exceed_fcf"": 1}"
2023-04-02,division,D,143,143,55,"{""eligible"": 55, ""missing_or_invalid_component"": 63, ""nonpositive_cash_generation"": 4, ""repurchases_exceed_fcf"": 17, ""zero_reported_repurchase"": 4}"
2023-04-02,division,E,40,40,7,"{""eligible"": 7, ""missing_or_invalid_component"": 22, ""nonpositive_cash_generation"": 4, ""repurchases_exceed_fcf"": 7}"
2023-04-02,division,F,7,7,3,"{""eligible"": 3, ""missing_or_invalid_component"": 3, ""repurchases_exceed_fcf"": 1}"
2023-04-02,division,G,25,25,6,"{""eligible"": 6, ""missing_or_invalid_component"": 15, ""repurchases_exceed_fcf"": 3, ""zero_reported_repurchase"": 1}"
2023-04-02,division,H,57,57,0,"{""financial_division_H"": 57}"
2023-04-02,division,I,57,56,27,"{""duplicate_share_class"": 1, ""eligible"": 27, ""missing_or_invalid_component"": 18, ""repurchases_exceed_fcf"": 9, ""zero_reported_repurchase"": 2}"
2023-07-02,all,all,343,342,102,"{""duplicate_share_class"": 1, ""eligible"": 102, ""financial_division_H"": 58, ""missing_or_invalid_component"": 127, ""nonpositive_cash_generation"": 9, ""repurchases_exceed_fcf"": 38, ""zero_reported_repurchase"": 8}"
2023-07-02,division,B,11,11,3,"{""eligible"": 3, ""missing_or_invalid_component"": 7, ""zero_reported_repurchase"": 1}"
2023-07-02,division,C,2,2,1,"{""eligible"": 1, ""repurchases_exceed_fcf"": 1}"
2023-07-02,division,D,143,143,54,"{""eligible"": 54, ""missing_or_invalid_component"": 64, ""nonpositive_cash_generation"": 4, ""repurchases_exceed_fcf"": 17, ""zero_reported_repurchase"": 4}"
2023-07-02,division,E,40,40,7,"{""eligible"": 7, ""missing_or_invalid_component"": 22, ""nonpositive_cash_generation"": 4, ""repurchases_exceed_fcf"": 7}"
2023-07-02,division,F,7,7,3,"{""eligible"": 3, ""missing_or_invalid_component"": 3, ""repurchases_exceed_fcf"": 1}"
2023-07-02,division,G,25,25,6,"{""eligible"": 6, ""missing_or_invalid_component"": 15, ""repurchases_exceed_fcf"": 3, ""zero_reported_repurchase"": 1}"
2023-07-02,division,H,58,58,0,"{""financial_division_H"": 58}"
2023-07-02,division,I,57,56,28,"{""duplicate_share_class"": 1, ""eligible"": 28, ""missing_or_invalid_component"": 16, ""nonpositive_cash_generation"": 1, ""repurchases_exceed_fcf"": 9, ""zero_reported_repurchase"": 2}"
2023-10-02,all,all,341,340,100,"{""duplicate_share_class"": 1, ""eligible"": 100, ""financial_division_H"": 57, ""missing_or_invalid_component"": 128, ""nonpositive_cash_generation"": 9, ""repurchases_exceed_fcf"": 37, ""zero_reported_repurchase"": 9}"
2023-10-02,division,B,11,11,3,"{""eligible"": 3, ""missing_or_invalid_component"": 7, ""zero_reported_repurchase"": 1}"
2023-10-02,division,C,3,3,2,"{""eligible"": 2, ""repurchases_exceed_fcf"": 1}"
2023-10-02,division,D,143,143,52,"{""eligible"": 52, ""missing_or_invalid_component"": 65, ""nonpositive_cash_generation"": 4, ""repurchases_exceed_fcf"": 17, ""zero_reported_repurchase"": 5}"
2023-10-02,division,E,40,40,7,"{""eligible"": 7, ""missing_or_invalid_component"": 22, ""nonpositive_cash_generation"": 4, ""repurchases_exceed_fcf"": 7}"
2023-10-02,division,F,7,7,3,"{""eligible"": 3, ""missing_or_invalid_component"": 3, ""repurchases_exceed_fcf"": 1}"
2023-10-02,division,G,24,24,6,"{""eligible"": 6, ""missing_or_invalid_component"": 15, ""repurchases_exceed_fcf"": 2, ""zero_reported_repurchase"": 1}"
2023-10-02,division,H,57,57,0,"{""financial_division_H"": 57}"
2023-10-02,division,I,56,55,27,"{""duplicate_share_class"": 1, ""eligible"": 27, ""missing_or_invalid_component"": 16, ""nonpositive_cash_generation"": 1, ""repurchases_exceed_fcf"": 9, ""zero_reported_repurchase"": 2}"
2024-01-02,all,all,340,339,98,"{""duplicate_share_class"": 1, ""eligible"": 98, ""financial_division_H"": 57, ""missing_or_invalid_component"": 130, ""nonpositive_cash_generation"": 7, ""repurchases_exceed_fcf"": 36, ""zero_reported_repurchase"": 11}"
2024-01-02,division,B,10,10,3,"{""eligible"": 3, ""missing_or_invalid_component"": 6, ""zero_reported_repurchase"": 1}"
2024-01-02,division,C,3,3,1,"{""eligible"": 1, ""missing_or_invalid_component"": 1, ""repurchases_exceed_fcf"": 1}"
2024-01-02,division,D,143,143,52,"{""eligible"": 52, ""missing_or_invalid_component"": 66, ""nonpositive_cash_generation"": 3, ""repurchases_exceed_fcf"": 16, ""zero_reported_repurchase"": 6}"
2024-01-02,division,E,39,39,7,"{""eligible"": 7, ""missing_or_invalid_component"": 22, ""nonpositive_cash_generation"": 3, ""repurchases_exceed_fcf"": 7}"
2024-01-02,division,F,6,6,2,"{""eligible"": 2, ""missing_or_invalid_component"": 3, ""repurchases_exceed_fcf"": 1}"
2024-01-02,division,G,25,25,6,"{""eligible"": 6, ""missing_or_invalid_component"": 15, ""repurchases_exceed_fcf"": 3, ""zero_reported_repurchase"": 1}"
2024-01-02,division,H,57,57,0,"{""financial_division_H"": 57}"
2024-01-02,division,I,57,56,27,"{""duplicate_share_class"": 1, ""eligible"": 27, ""missing_or_invalid_component"": 17, ""nonpositive_cash_generation"": 1, ""repurchases_exceed_fcf"": 8, ""zero_reported_repurchase"": 3}"
2024-04-02,all,all,341,340,113,"{""duplicate_share_class"": 1, ""eligible"": 113, ""financial_division_H"": 57, ""missing_or_invalid_component"": 133, ""nonpositive_cash_generation"": 6, ""repurchases_exceed_fcf"": 20, ""zero_reported_repurchase"": 11}"
2024-04-02,division,B,10,10,4,"{""eligible"": 4, ""missing_or_invalid_component"": 6}"
2024-04-02,division,C,3,3,2,"{""eligible"": 2, ""missing_or_invalid_component"": 1}"
2024-04-02,division,D,142,142,56,"{""eligible"": 56, ""missing_or_invalid_component"": 69, ""nonpositive_cash_generation"": 1, ""repurchases_exceed_fcf"": 8, ""zero_reported_repurchase"": 8}"
2024-04-02,division,E,39,39,9,"{""eligible"": 9, ""missing_or_invalid_component"": 23, ""nonpositive_cash_generation"": 4, ""repurchases_exceed_fcf"": 3}"
2024-04-02,division,F,6,6,4,"{""eligible"": 4, ""missing_or_invalid_component"": 2}"
2024-04-02,division,G,26,26,5,"{""eligible"": 5, ""missing_or_invalid_component"": 17, ""repurchases_exceed_fcf"": 3, ""zero_reported_repurchase"": 1}"
2024-04-02,division,H,57,57,0,"{""financial_division_H"": 57}"
2024-04-02,division,I,58,57,33,"{""duplicate_share_class"": 1, ""eligible"": 33, ""missing_or_invalid_component"": 15, ""nonpositive_cash_generation"": 1, ""repurchases_exceed_fcf"": 6, ""zero_reported_repurchase"": 2}"
2024-07-02,all,all,343,342,114,"{""duplicate_share_class"": 1, ""eligible"": 114, ""financial_division_H"": 58, ""missing_or_invalid_component"": 134, ""nonpositive_cash_generation"": 6, ""repurchases_exceed_fcf"": 19, ""zero_reported_repurchase"": 11}"
2024-07-02,division,B,10,10,4,"{""eligible"": 4, ""missing_or_invalid_component"": 6}"
2024-07-02,division,C,3,3,2,"{""eligible"": 2, ""missing_or_invalid_component"": 1}"
2024-07-02,division,D,143,143,57,"{""eligible"": 57, ""missing_or_invalid_component"": 69, ""nonpositive_cash_generation"": 1, ""repurchases_exceed_fcf"": 8, ""zero_reported_repurchase"": 8}"
2024-07-02,division,E,40,40,10,"{""eligible"": 10, ""missing_or_invalid_component"": 23, ""nonpositive_cash_generation"": 4, ""repurchases_exceed_fcf"": 3}"
2024-07-02,division,F,6,6,4,"{""eligible"": 4, ""missing_or_invalid_component"": 2}"
2024-07-02,division,G,26,26,5,"{""eligible"": 5, ""missing_or_invalid_component"": 17, ""repurchases_exceed_fcf"": 3, ""zero_reported_repurchase"": 1}"
2024-07-02,division,H,58,58,0,"{""financial_division_H"": 58}"
2024-07-02,division,I,57,56,32,"{""duplicate_share_class"": 1, ""eligible"": 32, ""missing_or_invalid_component"": 16, ""nonpositive_cash_generation"": 1, ""repurchases_exceed_fcf"": 5, ""zero_reported_repurchase"": 2}"
2024-10-02,all,all,341,340,116,"{""duplicate_share_class"": 1, ""eligible"": 116, ""financial_division_H"": 59, ""missing_or_invalid_component"": 130, ""nonpositive_cash_generation"": 6, ""repurchases_exceed_fcf"": 18, ""zero_reported_repurchase"": 11}"
2024-10-02,division,B,10,10,4,"{""eligible"": 4, ""missing_or_invalid_component"": 6}"
2024-10-02,division,C,3,3,2,"{""eligible"": 2, ""missing_or_invalid_component"": 1}"
2024-10-02,division,D,144,144,59,"{""eligible"": 59, ""missing_or_invalid_component"": 69, ""nonpositive_cash_generation"": 1, ""repurchases_exceed_fcf"": 7, ""zero_reported_repurchase"": 8}"
2024-10-02,division,E,40,40,10,"{""eligible"": 10, ""missing_or_invalid_component"": 23, ""nonpositive_cash_generation"": 4, ""repurchases_exceed_fcf"": 3}"
2024-10-02,division,F,5,5,4,"{""eligible"": 4, ""missing_or_invalid_component"": 1}"
2024-10-02,division,G,24,24,5,"{""eligible"": 5, ""missing_or_invalid_component"": 15, ""repurchases_exceed_fcf"": 3, ""zero_reported_repurchase"": 1}"
2024-10-02,division,H,59,59,0,"{""financial_division_H"": 59}"
2024-10-02,division,I,56,55,32,"{""duplicate_share_class"": 1, ""eligible"": 32, ""missing_or_invalid_component"": 15, ""nonpositive_cash_generation"": 1, ""repurchases_exceed_fcf"": 5, ""zero_reported_repurchase"": 2}"
2025-01-02,all,all,336,335,111,"{""duplicate_share_class"": 1, ""eligible"": 111, ""financial_division_H"": 59, ""missing_or_invalid_component"": 127, ""nonpositive_cash_generation"": 6, ""repurchases_exceed_fcf"": 19, ""zero_reported_repurchase"": 13}"
2025-01-02,division,B,8,8,3,"{""eligible"": 3, ""missing_or_invalid_component"": 5}"
2025-01-02,division,C,3,3,2,"{""eligible"": 2, ""missing_or_invalid_component"": 1}"
2025-01-02,division,D,143,143,58,"{""eligible"": 58, ""missing_or_invalid_component"": 68, ""nonpositive_cash_generation"": 1, ""repurchases_exceed_fcf"": 7, ""zero_reported_repurchase"": 9}"
2025-01-02,division,E,40,40,10,"{""eligible"": 10, ""missing_or_invalid_component"": 23, ""nonpositive_cash_generation"": 4, ""repurchases_exceed_fcf"": 3}"
2025-01-02,division,F,5,5,4,"{""eligible"": 4, ""missing_or_invalid_component"": 1}"
2025-01-02,division,G,23,23,5,"{""eligible"": 5, ""missing_or_invalid_component"": 14, ""repurchases_exceed_fcf"": 3, ""zero_reported_repurchase"": 1}"
2025-01-02,division,H,59,59,0,"{""financial_division_H"": 59}"
2025-01-02,division,I,55,54,29,"{""duplicate_share_class"": 1, ""eligible"": 29, ""missing_or_invalid_component"": 15, ""nonpositive_cash_generation"": 1, ""repurchases_exceed_fcf"": 6, ""zero_reported_repurchase"": 3}"
2025-04-02,all,all,337,336,110,"{""duplicate_share_class"": 1, ""eligible"": 110, ""financial_division_H"": 56, ""missing_or_invalid_component"": 128, ""nonpositive_cash_generation"": 4, ""repurchases_exceed_fcf"": 23, ""zero_reported_repurchase"": 15}"
2025-04-02,division,B,10,10,2,"{""eligible"": 2, ""missing_or_invalid_component"": 7, ""zero_reported_repurchase"": 1}"
2025-04-02,division,C,2,2,1,"{""eligible"": 1, ""zero_reported_repurchase"": 1}"
2025-04-02,division,D,144,144,52,"{""eligible"": 52, ""missing_or_invalid_component"": 69, ""nonpositive_cash_generation"": 1, ""repurchases_exceed_fcf"": 15, ""zero_reported_repurchase"": 7}"
2025-04-02,division,E,38,38,13,"{""eligible"": 13, ""missing_or_invalid_component"": 20, ""nonpositive_cash_generation"": 2, ""zero_reported_repurchase"": 3}"
2025-04-02,division,F,5,5,4,"{""eligible"": 4, ""missing_or_invalid_component"": 1}"
2025-04-02,division,G,24,24,6,"{""eligible"": 6, ""missing_or_invalid_component"": 14, ""repurchases_exceed_fcf"": 3, ""zero_reported_repurchase"": 1}"
2025-04-02,division,H,56,56,0,"{""financial_division_H"": 56}"
2025-04-02,division,I,58,57,32,"{""duplicate_share_class"": 1, ""eligible"": 32, ""missing_or_invalid_component"": 17, ""nonpositive_cash_generation"": 1, ""repurchases_exceed_fcf"": 5, ""zero_reported_repurchase"": 2}"
2025-07-02,all,all,333,332,107,"{""duplicate_share_class"": 1, ""eligible"": 107, ""financial_division_H"": 56, ""missing_or_invalid_component"": 129, ""nonpositive_cash_generation"": 3, ""repurchases_exceed_fcf"": 22, ""zero_reported_repurchase"": 15}"
2025-07-02,division,B,10,10,2,"{""eligible"": 2, ""missing_or_invalid_component"": 7, ""zero_reported_repurchase"": 1}"
2025-07-02,division,C,2,2,1,"{""eligible"": 1, ""zero_reported_repurchase"": 1}"
2025-07-02,division,D,142,142,51,"{""eligible"": 51, ""missing_or_invalid_component"": 69, ""nonpositive_cash_generation"": 1, ""repurchases_exceed_fcf"": 14, ""zero_reported_repurchase"": 7}"
2025-07-02,division,E,38,38,13,"{""eligible"": 13, ""missing_or_invalid_component"": 20, ""nonpositive_cash_generation"": 2, ""zero_reported_repurchase"": 3}"
2025-07-02,division,F,5,5,4,"{""eligible"": 4, ""missing_or_invalid_component"": 1}"
2025-07-02,division,G,24,24,6,"{""eligible"": 6, ""missing_or_invalid_component"": 14, ""repurchases_exceed_fcf"": 3, ""zero_reported_repurchase"": 1}"
2025-07-02,division,H,56,56,0,"{""financial_division_H"": 56}"
2025-07-02,division,I,56,55,30,"{""duplicate_share_class"": 1, ""eligible"": 30, ""missing_or_invalid_component"": 18, ""repurchases_exceed_fcf"": 5, ""zero_reported_repurchase"": 2}"
