fecha,hasta,retorno,RF,excess_return,Mkt-RF,SMB,HML,RMW,CMA,Mom
2016-07-02,2016-10-03,0.05140631289541142,0.0006001200079999158,0.050806192887411505,0.047313191261999954,0.060980661591999885,0.006170521598000134,-0.02733008636799994,-0.015457110796000095,-0.06508515019600003
2016-10-02,2017-01-03,0.06701510308052808,0.0006001100060000208,0.06641499307452806,0.046021545214999904,0.031000650128000018,0.1670775919999996,0.02058301436799992,0.03657590847999992,-0.04398599591200003
2017-01-02,2017-04-03,0.037858882834894234,0.0011004000479997167,0.03675848278689452,0.057383200790000144,-0.029747516799999985,-0.07407880878399997,0.005573745599999791,-0.037931709232000066,-0.03372539129600005
2017-04-02,2017-07-03,0.02576056575908709,0.0017009601799997665,0.024059605579087325,0.029584161367999906,-0.00108154973199992,-0.043984342144000155,0.004543429805999644,-0.032434383113000065,0.018953906411000032
2017-07-02,2017-10-02,0.06339470819497803,0.0025020705669995813,0.060892637627978446,0.04604762261599982,0.011562685712000143,0.007207133185000103,-0.02083006899999995,-0.009278634519999884,0.03647365606399999
2017-10-02,2018-01-02,0.06199842669875977,0.002602250647999682,0.059396176050760086,0.06557866119999978,-0.032990672034999946,0.0008990294149999745,0.04899565240400028,-0.015047997939999891,0.016697407687999988
2018-01-02,2018-04-02,-0.03857546259921408,0.003403851452000284,-0.04197931405121436,-0.006539288679999977,0.006250850046000123,-0.026104284920000054,-0.006430343049999898,-0.03307928175999997,0.06501705463999996
2018-04-02,2018-07-02,0.030562557442523296,0.0042058827440003554,0.02635667469852294,0.03431972372299996,0.06455361776299973,-0.04895441241399989,-0.035483229406000016,-0.0006901295200000268,0.01987348074499984
2018-07-02,2018-10-02,0.07059894529492114,0.004707363840000145,0.065891581454921,0.06834782431999997,-0.037116023547000054,-0.05100032687200007,0.018424104896000104,-0.008886533535999774,0.03719957218999981
2018-10-02,2019-01-02,-0.12057655517773731,0.0056104564980001825,-0.12618701167573748,-0.1503185249800002,-0.07819372442799999,0.018305667544000093,0.002740463311999841,0.04192604544799994,-0.01700952999999983
2019-01-02,2019-04-02,0.22533212589580937,0.00581119718199985,0.21952092871380952,0.13298637031999982,0.009548662303999977,-0.07082506623999996,0.004140975529999924,-0.039677687650000015,-0.05856030572799997
2019-04-02,2019-07-02,0.03692625496122014,0.006011977938000124,0.030914277023220013,0.03539867792400009,-0.024181851541000055,-0.009982500703999864,0.015471477656999966,-0.00985885542499998,0.020698859096
2019-07-02,2019-10-02,-0.03573409501735529,0.0053093454720001265,-0.04104344048935542,0.0003956223799999048,-0.0473538146500001,0.021758857400000053,0.022265784602000238,0.031191784628000097,0.0316315909460001
2019-10-02,2020-01-02,0.1222409833792876,0.004105582520000262,0.11813540085928734,0.08946264008399996,0.01637320652499974,-0.022187516799999862,-0.011676605259999917,-0.009939412701999939,-0.046677649967999724
2020-01-02,2020-04-02,-0.23924025071932867,0.0037045618720004114,-0.24294481259132908,-0.20483604222499996,-0.12122288027200001,-0.22276724633199996,-0.04171074973699995,-0.03530101656700024,0.1442685589999999
2020-04-02,2020-07-02,0.29656271461601713,0.0002000099999999172,0.2963627046160172,0.22855392576799982,0.06577861208000013,-0.0830687590000001,0.03891741094400025,-0.03620580723999989,-0.06290839789500002
2020-07-02,2020-10-02,0.08039354166385063,0.00030003000099987354,0.08009351166285075,0.09748495445599992,-0.04061203839100003,-0.07016382873599991,0.032218320811999934,-0.024739423128999793,0.11602696897999998
2020-10-02,2021-01-04,0.1171170394673993,0.00030003000099987354,0.11681700946639943,0.15198935782400014,0.17650143447199973,0.046408207399999846,-0.04913522302500006,0.006422823776000008,-0.17223407560000004
2021-01-02,2021-04-05,0.18828420424371423,0.0,0.18828420424371423,0.05984554842800005,0.10678871820000002,0.18784750239999992,0.02806370142500003,0.06502511614399986,-0.09852963273999982
2021-04-02,2021-07-02,0.04941063585277565,0.0,0.04941063585277565,0.08148404474899995,-0.02224341604000002,-0.023793358911999962,0.025835671531999838,-0.007238075903999941,0.03893819422399991
2021-07-02,2021-10-04,0.02313222575376537,0.0,0.02313222575376537,-0.0026096931999998185,-0.0411798566399999,0.02990415967999982,0.032053665600000114,-0.003358244800000021,0.018282811237999796
2021-10-02,2022-01-03,0.1615274872586987,9.999999999998899e-05,0.1614274872586987,0.08345471970399987,-0.05100138020000011,0.023227747324999992,0.1434326891119999,0.04429560877999994,0.017985333759999778
2022-01-02,2022-04-04,-0.028972005039982783,0.0,-0.028972005039982783,-0.05465105224,-0.03348001125399991,0.14103559195999993,-0.02756496534999997,0.14557133429899993,0.020458325127999943
2022-04-02,2022-07-05,-0.11992157927386252,0.0009001799999999172,-0.12082175927386243,-0.17293395451999982,0.009450523965000013,0.08233096479999946,0.06861081248000023,0.05061084127999993,0.08766326257599988
2022-07-02,2022-10-03,-0.02299240062903033,0.004606652887999996,-0.027599053517030327,-0.04408811307400007,0.02314364703799998,-0.0392862123019998,-0.05264615872,-0.06319216395999994,0.010100667520999806
2022-10-02,2023-01-03,0.08720566364108048,0.008523852011000033,0.07868181163008045,0.057144251508000066,-0.011780899000000011,0.11036166610399989,0.10160529091999981,0.14492557208800005,0.07209459724399991
2023-01-02,2023-04-03,0.04637305268045189,0.010536782840000036,0.03583626984045185,0.0644650346200002,-0.022293603279999852,-0.1333236256000001,0.007623806587999882,-0.07821129150000006,-0.17778863850399984
2023-04-02,2023-07-03,0.06936151919056899,0.011141050400000019,0.05822046879056897,0.07484229303400003,-0.017569086523000044,-0.08020381152399991,0.029106640561999964,-0.058928362449999994,-0.01878559660000012
2023-07-02,2023-10-02,-0.038172058011078216,0.013359037074999858,-0.051531095086078074,-0.04496248961199989,-0.026298248191999885,0.044062596499999884,0.046099011782000154,-0.025762125400000113,3.775974999986609e-05
2023-10-02,2024-01-02,0.14451366448054154,0.013459898923999791,0.13105376555654175,0.10564618579999996,0.02742554914999995,0.06845385852399999,-0.04308879289599998,-0.007641974704000076,-0.014140364050000187
2024-01-02,2024-04-02,0.1337018246412124,0.013258094881999805,0.12044372975921261,0.08842782112399994,-0.07595099723999987,-0.017966072943999878,-0.0006159731559999271,-0.02260948508799998,0.10389166652800008
2024-04-02,2024-07-02,-0.029652287144982616,0.013258074787999785,-0.0429103619329824,0.022542553599999682,-0.062577160588,-0.05074408095999994,0.04971304160000023,-0.049820833756000105,0.018824833789999884
2024-07-02,2024-10-02,0.060051399605917745,0.013358886399999825,0.04669251320591792,0.046289408066000126,0.03512009167099994,0.015275652893000036,0.012038727049999975,0.008094776675000137,0.01770992176000008
2024-10-02,2025-01-02,0.008622008463558229,0.011644887720000163,-0.0030228792564419345,0.02093666840000008,-0.0023231095240000554,-0.01714957702599995,-0.01916229127600011,-0.02118529767999988,0.03502695586000004
2025-01-02,2025-04-02,-0.02642088591473841,0.010436051514000066,-0.03685693742873848,-0.06107335244000012,-0.07431041352799994,0.09747048780799994,0.007575774694999815,-0.006884423092000103,-0.025024166896000066
2025-04-02,2025-07-02,0.12000831960288076,0.010738165219999818,0.10927015438288094,0.10280314065599994,-0.026638402728,-0.07351643020699994,-0.04716216426700004,0.012033635983999869,0.04527347787499991
