symbol,cik,item,extraido,xbrl,xbrl_filed,error_relativo,coincide
AKS,0000918160,revenue,7644300000.0,7644300000.0,2010-02-23,0.0,True
AKS,0000918160,net_income,4000000.0,4000000.0,2010-02-23,0.0,True
AKS,0000918160,operating_income,28000000.0,28000000.0,2010-02-23,0.0,True
AKS,0000918160,equity,968000000.0,968000000.0,2010-02-23,0.0,True
AKS,0000918160,long_term_debt,632600000.0,632600000.0,2010-02-23,0.0,True
AKS,0000918160,operating_cash_flow,83100000.0,83100000.0,2010-02-23,0.0,True
AKS,0000918160,capex,,166800000.0,2010-02-23,,False
AKS,0000918160,depreciation,,,,,False
AXP,0000004962,revenue,,28365000000.0,2011-02-28,,False
AXP,0000004962,net_income,-33000000.0,2699000000.0,2010-02-26,1.0122267506483882,False
AXP,0000004962,operating_income,,3581000000.0,2010-02-26,,False
AXP,0000004962,equity,12075000000.0,11841000000.0,2010-02-26,0.019761844438814288,False
AXP,0000004962,long_term_debt,60041000000.0,60041000000.0,2010-02-26,0.0,True
AXP,0000004962,operating_cash_flow,8666000000.0,8141000000.0,2010-02-26,0.0644883920894239,False
AXP,0000004962,capex,,977000000.0,2010-02-26,,False
AXP,0000004962,depreciation,712000000.0,712000000.0,2010-02-26,0.0,True
CAT,0000018230,revenue,,51324000000.0,2010-02-19,,False
CAT,0000018230,net_income,,3557000000.0,2010-02-19,,False
CAT,0000018230,operating_income,,4448000000.0,2010-02-19,,False
CAT,0000018230,equity,,6190000000.0,2010-02-19,,False
CAT,0000018230,long_term_debt,,22834000000.0,2011-02-22,,False
CAT,0000018230,operating_cash_flow,,4797000000.0,2010-02-19,,False
CAT,0000018230,capex,,2445000000.0,2010-02-19,,False
CAT,0000018230,depreciation,,1980000000.0,2010-02-19,,False
COG,0000858470,revenue,945791000.0,945791000.0,2010-02-26,0.0,True
COG,0000858470,net_income,211290000.0,211290000.0,2010-02-26,0.0,True
COG,0000858470,operating_income,372012000.0,372012000.0,2010-02-26,0.0,True
COG,0000858470,equity,,1790562000.0,2010-02-26,,False
COG,0000858470,long_term_debt,831143000.0,831143000.0,2010-02-26,0.0,True
COG,0000858470,operating_cash_flow,634447000.0,634447000.0,2010-02-26,0.0,True
COG,0000858470,capex,817440000.0,,,,False
COG,0000858470,depreciation,185403000.0,185403000.0,2010-02-26,0.0,True
DVN,0001090012,revenue,15211000000.0,13858000000.0,2010-02-25,0.09763313609467456,False
DVN,0001090012,net_income,2846000000.0,-2148000000.0,2010-02-25,2.324953445065177,False
DVN,0001090012,operating_income,,,,,False
DVN,0001090012,equity,17060000000.0,17060000000.0,2010-02-25,0.0,True
DVN,0001090012,long_term_debt,5661000000.0,5661000000.0,2010-02-25,0.0,True
DVN,0001090012,operating_cash_flow,9408000000.0,9408000000.0,2010-02-25,0.0,True
DVN,0001090012,capex,9375000000.0,8843000000.0,2010-02-25,0.06016057898903087,False
DVN,0001090012,depreciation,13680000.0,3203000000.0,2010-02-25,0.995729004058695,False
FIS,0001136893,revenue,,3427700000.0,2010-02-26,,False
FIS,0001136893,net_income,214800000.0,214800000.0,2010-02-26,0.0,True
FIS,0001136893,operating_income,334900000.0,323800000.0,2010-02-26,0.034280420012353305,False
FIS,0001136893,equity,3532800000.0,3532800000.0,2010-02-26,0.0,True
FIS,0001136893,long_term_debt,2409000000.0,2409000000.0,2010-02-26,0.0,True
FIS,0001136893,operating_cash_flow,596400000.0,596400000.0,2010-02-26,0.0,True
FIS,0001136893,capex,76700000.0,76700000.0,2010-02-26,0.0,True
FIS,0001136893,depreciation,465400000.0,88400000.0,2011-02-25,4.264705882352941,False
HES,0000004447,revenue,17480000000.0,41063000000.0,2010-02-26,0.5743126415507878,False
HES,0000004447,net_income,2360000000.0,2360000000.0,2010-02-26,0.0,True
HES,0000004447,operating_income,,,,,False
HES,0000004447,equity,12307000000.0,12307000000.0,2010-02-26,0.0,True
HES,0000004447,long_term_debt,3812000000.0,3812000000.0,2010-02-26,0.0,True
HES,0000004447,operating_cash_flow,4567000000.0,4688000000.0,2010-02-26,0.025810580204778156,False
HES,0000004447,capex,4438000000.0,4438000000.0,2010-02-26,0.0,True
HES,0000004447,depreciation,2029000000.0,2029000000.0,2010-02-26,0.0,True
JNJ,0000200406,revenue,63747000000.0,63747000000.0,2010-03-01,0.0,True
JNJ,0000200406,net_income,12949000000.0,12949000000.0,2010-03-01,0.0,True
JNJ,0000200406,operating_income,,,,,False
JNJ,0000200406,equity,42511000000.0,42511000000.0,2010-03-01,0.0,True
JNJ,0000200406,long_term_debt,8120000000.0,8120000000.0,2010-03-01,0.0,True
JNJ,0000200406,operating_cash_flow,14972000000.0,14972000000.0,2010-03-01,0.0,True
JNJ,0000200406,capex,3066000000.0,3066000000.0,2010-03-01,0.0,True
JNJ,0000200406,depreciation,2832000000.0,2832000000.0,2010-03-01,0.0,True
MA,0001141391,revenue,4991600000.0,4991600000.0,2010-02-18,0.0,True
MA,0001141391,net_income,-253915000.0,-253915000.0,2010-02-18,0.0,True
MA,0001141391,operating_income,-534505000.0,-534505000.0,2010-02-18,0.0,True
MA,0001141391,equity,1927355000.0,1927355000.0,2010-02-18,0.0,True
MA,0001141391,long_term_debt,19387000.0,19387000.0,2010-02-18,0.0,True
MA,0001141391,operating_cash_flow,413000000.0,413228000.0,2010-02-18,0.0005517535113787062,True
MA,0001141391,capex,75626000.0,75626000.0,2010-02-18,0.0,True
MA,0001141391,depreciation,112006000.0,112006000.0,2010-02-18,0.0,True
MUR,0000717423,revenue,27440834000.0,27432331000.0,2010-02-26,0.0003099627224532979,True
MUR,0000717423,net_income,1739986000.0,1739986000.0,2010-02-26,0.0,True
MUR,0000717423,operating_income,,,,,False
MUR,0000717423,equity,6278945000.0,6278945000.0,2010-02-26,0.0,True
MUR,0000717423,long_term_debt,1026222000.0,1026222000.0,2010-02-26,0.0,True
MUR,0000717423,operating_cash_flow,3039912000.0,3039912000.0,2010-02-26,0.0,True
MUR,0000717423,capex,2185960000.0,2179011000.0,2010-02-26,0.0031890614595337058,True
MUR,0000717423,depreciation,713002000.0,667265000.0,2010-02-26,0.06854398177635572,False
OXY,0000797468,revenue,24217000.0,24217000000.0,2010-02-25,0.999,False
OXY,0000797468,net_income,6857000.0,6857000000.0,2010-02-25,0.999,False
OXY,0000797468,operating_income,,,,,False
OXY,0000797468,equity,,27325000000.0,2010-02-25,,False
OXY,0000797468,long_term_debt,,2049000000.0,2010-02-25,,False
OXY,0000797468,operating_cash_flow,10652000.0,10652000000.0,2010-02-25,0.999,False
OXY,0000797468,capex,4664000.0,4664000000.0,2010-02-25,0.999,False
OXY,0000797468,depreciation,2710000000.0,2710000000.0,2010-02-25,0.0,True
PX,0000884905,revenue,10796000000.0,10796000000.0,2010-02-24,0.0,True
PX,0000884905,net_income,1211000000.0,1211000000.0,2010-02-24,0.0,True
PX,0000884905,operating_income,1883000000.0,1883000000.0,2010-02-24,0.0,True
PX,0000884905,equity,4009000000.0,4009000000.0,2010-02-24,0.0,True
PX,0000884905,long_term_debt,3709000000.0,3709000000.0,2010-02-24,0.0,True
PX,0000884905,operating_cash_flow,2038000000.0,2038000000.0,2010-02-24,0.0,True
PX,0000884905,capex,1611000000.0,1611000000.0,2010-02-24,0.0,True
PX,0000884905,depreciation,850000000.0,850000000.0,2010-02-24,0.0,True
SNA,0000091440,revenue,2853300000.0,2853300000.0,2011-02-17,0.0,True
SNA,0000091440,net_income,236700000.0,236700000.0,2011-02-17,0.0,True
SNA,0000091440,operating_income,388800000.0,388800000.0,2011-02-17,0.0,True
SNA,0000091440,equity,1186500000.0,1204500000.0,2011-02-17,0.014943960149439602,False
SNA,0000091440,long_term_debt,503400000.0,,,,False
SNA,0000091440,operating_cash_flow,215000000.0,220400000.0,2011-02-17,0.024500907441016333,False
SNA,0000091440,capex,73900000.0,73900000.0,2011-02-17,0.0,True
SNA,0000091440,depreciation,,,,,False
TEG,0000916863,revenue,14047800000.0,14047800000.0,2011-02-24,0.0,True
TEG,0000916863,net_income,126400000.0,119500000.0,2011-02-24,0.05774058577405858,False
TEG,0000916863,operating_income,246700000.0,246700000.0,2011-02-24,0.0,True
TEG,0000916863,equity,,3140800000.0,2011-02-24,,False
TEG,0000916863,long_term_debt,2288000000.0,,,,False
TEG,0000916863,operating_cash_flow,,-250000000.0,2011-02-24,,False
TEG,0000916863,capex,532799999.99999994,532800000.0,2011-02-24,1.1187057953339082e-16,True
TEG,0000916863,depreciation,221400000.0,221400000.0,2011-02-24,0.0,True
VIAB,0001339947,revenue,14625000000.0,14625000000.0,2010-02-11,0.0,True
VIAB,0001339947,net_income,1251000000.0,1251000000.0,2010-02-11,0.0,True
VIAB,0001339947,operating_income,2523000000.0,2523000000.0,2010-02-11,0.0,True
VIAB,0001339947,equity,7033000000.0,6909000000.0,2010-02-11,0.01794760457374439,False
VIAB,0001339947,long_term_debt,7897000000.0,7897000000.0,2010-02-11,0.0,True
VIAB,0001339947,operating_cash_flow,,2036000000.0,2010-02-11,,False
VIAB,0001339947,capex,288000000.0,288000000.0,2010-02-11,0.0,True
VIAB,0001339947,depreciation,405000000.0,405000000.0,2010-02-11,0.0,True
